customer_id,first_name,last_name,email,phone,address,city,state,zip,join_date,loyalty_tier
CUST00001,Lucas,Davis,lucas.davis1@example.com,959-481-5012,3757 Oak St,Austin,TX,23434,2024-01-25,Silver
CUST00002,Hiro,Williams,hiro.williams2@example.com,295-423-4811,8379 Main St,Austin,TX,13478,2024-09-10,Gold
CUST00003,Ethan,Kim,ethan.kim3@example.com,425-659-5557,206 Pine St,Boston,MA,30926,2025-12-12,Bronze
CUST00004,Sarah,Martinez,sarah.martinez4@example.com,981-544-2674,1619 2nd St,Chicago,IL,22676,2025-08-04,Platinum
CUST00005,Wei,Haddad,wei.haddad5@example.com,244-947-8527,8885 Maple St,Atlanta,GA,59615,2024-01-08,Silver
CUST00006,Charles,White,charles.white6@example.com,396-921-2139,850 Cedar St,Columbus,OH,39871,2025-03-14,Bronze
CUST00007,Joseph,Miller,joseph.miller7@example.com,484-664-6977,2764 Sunset St,Boston,MA,56566,2024-10-02,Gold
CUST00008,Sarah,Jones,sarah.jones8@example.com,850-375-9751,4110 Oak St,Columbus,OH,70589,2025-09-15,Bronze
CUST00009,Lucas,Chen,lucas.chen9@example.com,901-532-1916,3852 Pine St,Chicago,IL,14207,2025-05-07,Silver
CUST00010,Sarah,Jones,sarah.jones10@example.com,780-935-6155,3583 Cedar St,Chicago,IL,75435,2025-10-18,Gold
CUST00011,Omar,Martinez,omar.martinez11@example.com,342-452-9830,4404 Cedar St,Atlanta,GA,86622,2025-12-24,Silver
CUST00012,Sofia,White,sofia.white12@example.com,341-721-9085,1589 Pine St,Chicago,IL,16175,2024-03-11,Bronze
CUST00013,Lucas,Hernandez,lucas.hernandez13@example.com,896-632-2040,6404 2nd St,Minneapolis,MN,88104,2026-03-15,Silver
CUST00014,Thomas,Chen,thomas.chen14@example.com,211-896-2876,8897 Pine St,Nashville,TN,44973,2025-06-26,Bronze
CUST00015,Charles,Ramirez,charles.ramirez15@example.com,664-203-5315,8301 Pine St,Seattle,WA,33416,2026-06-04,Bronze
CUST00016,Lucas,Martin,lucas.martin16@example.com,854-719-4258,2604 Sunset St,Nashville,TN,31174,2026-07-21,Bronze
CUST00017,Mia,Lee,mia.lee17@example.com,219-314-6947,5138 Oak St,Portland,OR,17592,2024-12-05,Silver
CUST00018,Jennifer,Garcia,jennifer.garcia18@example.com,697-270-9727,2160 Oak St,San Diego,CA,96474,2026-03-30,Silver
CUST00019,William,Taylor,william.taylor19@example.com,821-633-4470,8935 Pine St,Miami,FL,36365,2025-04-29,Silver
CUST00020,Ethan,White,ethan.white20@example.com,729-662-2982,4161 Oak St,Portland,OR,18392,2025-06-22,Bronze
CUST00021,Sophia,Chen,sophia.chen21@example.com,802-425-1117,1263 Cedar St,Chicago,IL,92719,2023-11-28,Bronze
CUST00022,John,Williams,john.williams22@example.com,538-272-9423,3999 Sunset St,Nashville,TN,97684,2026-04-20,Bronze
CUST00023,Emma,Rodriguez,emma.rodriguez23@example.com,784-790-8744,4081 Pine St,San Diego,CA,71993,2025-11-10,Bronze
CUST00024,Michael,Miller,michael.miller24@example.com,641-562-7939,6835 2nd St,Raleigh,NC,17100,2024-02-17,Bronze
CUST00025,Sofia,Perez,sofia.perez25@example.com,311-454-4139,3216 Main St,Minneapolis,MN,68800,2024-05-13,Silver
CUST00026,Barbara,Moore,barbara.moore26@example.com,455-277-8260,9116 Maple St,Portland,OR,16630,2023-08-30,Bronze
CUST00027,Jessica,Hernandez,jessica.hernandez27@example.com,697-692-4502,6670 Maple St,Boston,MA,31579,2025-09-14,Bronze
CUST00028,Carlos,Taylor,carlos.taylor28@example.com,665-492-7930,9205 Cedar St,Salt Lake City,UT,73788,2024-06-12,Bronze
CUST00029,Charles,Wilson,charles.wilson29@example.com,793-953-9883,1098 Cedar St,Austin,TX,51104,2023-11-25,Bronze
CUST00030,Sophia,Walker,sophia.walker30@example.com,743-361-1931,8420 Maple St,Miami,FL,34356,2023-12-18,Silver
CUST00031,John,Thomas,john.thomas31@example.com,322-783-5033,9585 Main St,Boston,MA,15209,2024-01-14,Silver
CUST00032,Sophia,Novak,sophia.novak32@example.com,523-467-4346,5247 Oak St,Miami,FL,44814,2025-10-18,Bronze
CUST00033,Ethan,Martin,ethan.martin33@example.com,523-969-2188,252 2nd St,Portland,OR,91416,2024-02-20,Bronze
CUST00034,Emma,Wilson,emma.wilson34@example.com,471-335-6718,1227 Oak St,Miami,FL,58434,2025-03-05,Bronze
CUST00035,Fatima,Kim,fatima.kim35@example.com,509-826-9666,228 Cedar St,San Diego,CA,82692,2025-04-04,Gold
CUST00036,Michael,Rodriguez,michael.rodriguez36@example.com,318-309-3546,4562 Sunset St,Atlanta,GA,89276,2024-10-04,Gold
CUST00037,Arjun,Wilson,arjun.wilson37@example.com,849-470-9280,8104 Sunset St,Raleigh,NC,16658,2024-02-05,Gold
CUST00038,Hiro,Moore,hiro.moore38@example.com,203-541-3143,4391 Oak St,Austin,TX,67912,2025-12-22,Silver
CUST00039,James,Davis,james.davis39@example.com,907-352-9938,690 Pine St,Denver,CO,58393,2024-05-29,Silver
CUST00040,David,Williams,david.williams40@example.com,573-240-6862,3541 Cedar St,Atlanta,GA,42706,2024-02-26,Bronze
CUST00041,Olivia,Clark,olivia.clark41@example.com,967-358-4878,2762 Pine St,Columbus,OH,33206,2025-11-21,Bronze
CUST00042,Barbara,Perez,barbara.perez42@example.com,621-885-5065,4471 Oak St,Minneapolis,MN,24168,2025-09-21,Platinum
CUST00043,Robert,Walker,robert.walker43@example.com,404-671-6728,5100 Pine St,Chicago,IL,39831,2024-10-29,Bronze
CUST00044,Richard,Sanchez,richard.sanchez44@example.com,485-271-5573,5853 Cedar St,Phoenix,AZ,76768,2025-10-26,Gold
CUST00045,Emma,Perez,emma.perez45@example.com,318-467-3925,9612 Sunset St,Austin,TX,15014,2024-03-09,Silver
CUST00046,Hiro,Thompson,hiro.thompson46@example.com,521-646-9379,1994 2nd St,San Diego,CA,85574,2024-08-23,Bronze
CUST00047,Robert,Ramirez,robert.ramirez47@example.com,732-751-4228,6067 2nd St,Austin,TX,19171,2025-06-06,Silver
CUST00048,Priya,Davis,priya.davis48@example.com,507-719-6067,6791 Sunset St,San Diego,CA,62743,2025-03-27,Silver
CUST00049,David,Gonzalez,david.gonzalez49@example.com,880-588-3851,9424 Sunset St,Boston,MA,63225,2023-07-31,Bronze
CUST00050,Charles,Wilson,charles.wilson50@example.com,793-821-6279,7718 2nd St,Boston,MA,67954,2024-10-10,Silver
CUST00051,Ivan,Hernandez,ivan.hernandez51@example.com,286-490-9445,5591 Maple St,Raleigh,NC,40784,2025-04-26,Bronze
CUST00052,Richard,Martinez,richard.martinez52@example.com,247-450-8784,1293 2nd St,Austin,TX,64321,2024-09-01,Gold
CUST00053,Carlos,Patel,carlos.patel53@example.com,449-351-1090,1846 Pine St,Boston,MA,65724,2024-10-21,Bronze
CUST00054,Noah,Robinson,noah.robinson54@example.com,770-455-2988,7578 Oak St,Austin,TX,70901,2026-07-22,Silver
CUST00055,Mia,Lee,mia.lee55@example.com,653-827-9270,7091 Pine St,Minneapolis,MN,81810,2026-01-29,Bronze
CUST00056,Ivan,Lewis,ivan.lewis56@example.com,969-453-5543,8640 2nd St,Atlanta,GA,92149,2024-12-01,Bronze
CUST00057,Fatima,Jones,fatima.jones57@example.com,492-440-5451,5602 Sunset St,San Diego,CA,80798,2024-01-12,Bronze
CUST00058,Elizabeth,Anderson,elizabeth.anderson58@example.com,910-356-4505,1152 2nd St,Boston,MA,63424,2025-06-07,Silver
CUST00059,Omar,Clark,omar.clark59@example.com,411-630-7381,9669 Cedar St,Austin,TX,12560,2025-09-17,Silver
CUST00060,James,Thompson,james.thompson60@example.com,971-599-7865,8918 Cedar St,Atlanta,GA,81582,2024-10-24,Silver
CUST00061,Joseph,Moore,joseph.moore61@example.com,697-229-7371,5607 Cedar St,Boston,MA,99016,2025-11-05,Gold
CUST00062,William,Robinson,william.robinson62@example.com,330-837-9751,541 2nd St,Salt Lake City,UT,87580,2023-09-24,Bronze
CUST00063,Ethan,Ramirez,ethan.ramirez63@example.com,672-386-1823,4362 2nd St,Seattle,WA,52906,2024-10-06,Silver
CUST00064,Priya,Perez,priya.perez64@example.com,588-484-7906,4233 Pine St,Minneapolis,MN,20735,2026-03-20,Bronze
CUST00065,Emma,Brown,emma.brown65@example.com,429-865-2124,759 Pine St,Phoenix,AZ,14067,2024-12-18,Bronze
CUST00066,Mary,Martinez,mary.martinez66@example.com,329-684-2874,9340 Oak St,Chicago,IL,70952,2025-01-05,Platinum
CUST00067,Mei,Hernandez,mei.hernandez67@example.com,821-965-2876,2783 Sunset St,Columbus,OH,24168,2023-09-21,Bronze
CUST00068,Ava,Harris,ava.harris68@example.com,932-403-2245,9800 Cedar St,Boston,MA,92213,2024-12-09,Bronze
CUST00069,Karen,Haddad,karen.haddad69@example.com,323-779-1672,5788 Main St,Minneapolis,MN,66148,2025-08-27,Bronze
CUST00070,Liam,Perez,liam.perez70@example.com,630-701-2729,7202 Sunset St,Austin,TX,93307,2026-02-26,Gold
CUST00071,Elizabeth,Ramirez,elizabeth.ramirez71@example.com,951-734-5425,8917 Pine St,Seattle,WA,73372,2026-03-09,Silver
CUST00072,Sophia,Moore,sophia.moore72@example.com,451-288-5569,7485 Oak St,Phoenix,AZ,70910,2025-09-14,Bronze
CUST00073,Mary,Patel,mary.patel73@example.com,532-386-8988,3575 Sunset St,Nashville,TN,43862,2025-06-27,Bronze
CUST00074,Mia,Moore,mia.moore74@example.com,210-729-4130,1502 Oak St,Miami,FL,63271,2026-04-26,Silver
CUST00075,Jessica,Walker,jessica.walker75@example.com,928-702-8342,382 Maple St,Raleigh,NC,48566,2024-10-26,Silver
CUST00076,Jessica,Martin,jessica.martin76@example.com,795-577-8753,9168 Main St,Raleigh,NC,55056,2025-12-18,Gold
CUST00077,Olivia,Perez,olivia.perez77@example.com,919-664-5438,5123 Sunset St,Phoenix,AZ,40217,2024-04-03,Gold
CUST00078,Richard,Lee,richard.lee78@example.com,960-748-4033,3238 Oak St,Denver,CO,73464,2025-02-16,Gold
CUST00079,Sophia,Nakamura,sophia.nakamura79@example.com,489-302-4180,4953 Oak St,Columbus,OH,57301,2024-08-01,Bronze
CUST00080,James,Kim,james.kim80@example.com,480-246-1893,9166 Sunset St,Seattle,WA,26551,2026-05-01,Bronze
CUST00081,James,Novak,james.novak81@example.com,680-690-8216,5682 Oak St,Atlanta,GA,16734,2024-12-29,Platinum
CUST00082,Ivan,Davis,ivan.davis82@example.com,266-610-9056,1313 Main St,Nashville,TN,92502,2023-11-17,Bronze
CUST00083,Elizabeth,Novak,elizabeth.novak83@example.com,287-454-2940,9243 Pine St,Atlanta,GA,64548,2024-11-04,Platinum
CUST00084,Noah,Harris,noah.harris84@example.com,653-504-8025,5103 Main St,Portland,OR,91399,2023-12-01,Silver
CUST00085,Michael,Wilson,michael.wilson85@example.com,416-470-2330,2673 Oak St,Raleigh,NC,32782,2023-12-31,Bronze
CUST00086,James,Clark,james.clark86@example.com,905-808-8699,4871 Maple St,Portland,OR,40340,2025-03-12,Gold
CUST00087,Charles,Robinson,charles.robinson87@example.com,903-439-5334,9763 Cedar St,Denver,CO,35928,2025-12-17,Bronze
CUST00088,Emma,Anderson,emma.anderson88@example.com,352-472-3330,1269 Maple St,Raleigh,NC,31747,2025-04-20,Silver
CUST00089,Ava,Jackson,ava.jackson89@example.com,327-679-5982,6694 Sunset St,Portland,OR,75597,2026-05-07,Silver
CUST00090,Jennifer,Haddad,jennifer.haddad90@example.com,642-952-6280,9991 Sunset St,Austin,TX,13390,2024-02-03,Bronze
CUST00091,Ava,Ivanov,ava.ivanov91@example.com,983-888-5415,9541 Maple St,Austin,TX,32962,2026-03-20,Silver
CUST00092,Ethan,Lewis,ethan.lewis92@example.com,484-385-8141,8156 Maple St,Salt Lake City,UT,71605,2025-07-12,Silver
CUST00093,Arjun,Lee,arjun.lee93@example.com,307-364-6403,6844 Cedar St,Raleigh,NC,74942,2025-03-12,Gold
CUST00094,Sofia,Chen,sofia.chen94@example.com,665-290-6153,4235 Sunset St,Austin,TX,25194,2025-11-04,Platinum
CUST00095,Liam,Smith,liam.smith95@example.com,755-673-7770,988 Oak St,Raleigh,NC,77952,2025-08-09,Silver
CUST00096,Elena,Lewis,elena.lewis96@example.com,252-408-5375,9098 Oak St,Minneapolis,MN,47752,2026-01-13,Gold
CUST00097,Elena,Davis,elena.davis97@example.com,845-823-4920,2694 Sunset St,Austin,TX,82199,2023-08-28,Silver
CUST00098,Yuki,Garcia,yuki.garcia98@example.com,316-672-2924,2622 2nd St,Chicago,IL,48254,2026-06-07,Gold
CUST00099,Sarah,Clark,sarah.clark99@example.com,694-683-4993,7583 Main St,Nashville,TN,28958,2025-09-23,Bronze
CUST00100,Mia,Kumar,mia.kumar100@example.com,339-271-5526,6898 Sunset St,San Diego,CA,76550,2025-01-28,Platinum
CUST00101,James,Jackson,james.jackson101@example.com,505-801-9022,2534 2nd St,San Diego,CA,80592,2026-04-17,Bronze
CUST00102,Arjun,Chen,arjun.chen102@example.com,756-586-8460,5372 Pine St,Minneapolis,MN,34727,2024-12-01,Silver
CUST00103,Carlos,Anderson,carlos.anderson103@example.com,620-244-6213,7849 Cedar St,Nashville,TN,59968,2025-09-28,Gold
CUST00104,Ethan,Martinez,ethan.martinez104@example.com,237-329-9229,9769 Sunset St,Portland,OR,23154,2026-01-17,Bronze
CUST00105,Noah,Robinson,noah.robinson105@example.com,939-347-7717,2629 Maple St,Austin,TX,71537,2025-01-23,Bronze
CUST00106,Amelia,Sanchez,amelia.sanchez106@example.com,282-536-9742,6326 Sunset St,Raleigh,NC,92155,2026-04-25,Platinum
CUST00107,Emma,Williams,emma.williams107@example.com,270-440-5708,3827 Cedar St,Columbus,OH,21846,2026-01-04,Bronze
CUST00108,Lucas,Miller,lucas.miller108@example.com,370-910-5906,574 Maple St,Portland,OR,52516,2023-11-22,Bronze
CUST00109,Wei,White,wei.white109@example.com,349-450-9702,6851 Main St,Boston,MA,99364,2024-08-02,Bronze
CUST00110,Barbara,Garcia,barbara.garcia110@example.com,591-834-4945,8253 Main St,Columbus,OH,28758,2024-11-17,Silver
CUST00111,Lucas,Taylor,lucas.taylor111@example.com,461-882-1153,7722 Sunset St,Portland,OR,98815,2024-06-18,Bronze
CUST00112,Fatima,Thompson,fatima.thompson112@example.com,506-854-7951,4197 2nd St,Columbus,OH,49599,2024-09-10,Silver
CUST00113,Ivan,Miller,ivan.miller113@example.com,590-785-6881,9517 Sunset St,Chicago,IL,48696,2023-09-13,Platinum
CUST00114,Sofia,Moore,sofia.moore114@example.com,779-902-1803,8238 Pine St,Austin,TX,47512,2024-11-13,Silver
CUST00115,Wei,Anderson,wei.anderson115@example.com,394-835-5106,2340 Cedar St,Raleigh,NC,22735,2023-10-19,Bronze
CUST00116,Fatima,Williams,fatima.williams116@example.com,573-949-3153,1576 Sunset St,Columbus,OH,52823,2025-11-27,Bronze
CUST00117,Richard,Rodriguez,richard.rodriguez117@example.com,752-574-9697,8321 Sunset St,Minneapolis,MN,31567,2025-01-07,Platinum
CUST00118,Ivan,Jackson,ivan.jackson118@example.com,546-317-8673,1333 Oak St,San Diego,CA,39571,2025-10-21,Platinum
CUST00119,Olivia,White,olivia.white119@example.com,604-214-5332,8891 Maple St,Denver,CO,69609,2025-08-23,Gold
CUST00120,Thomas,Ivanov,thomas.ivanov120@example.com,853-580-2775,3930 2nd St,Boston,MA,13280,2025-06-01,Silver
CUST00121,Joseph,Jones,joseph.jones121@example.com,675-917-5951,6789 Maple St,Raleigh,NC,28320,2023-10-31,Bronze
CUST00122,Karen,Patel,karen.patel122@example.com,299-440-9807,2322 2nd St,Denver,CO,69459,2025-08-28,Gold
CUST00123,Emma,Clark,emma.clark123@example.com,960-944-3531,6897 Cedar St,Columbus,OH,22978,2026-04-28,Silver
CUST00124,Yuki,Moore,yuki.moore124@example.com,906-579-4559,7364 2nd St,Austin,TX,40947,2025-08-11,Bronze
CUST00125,Mei,Kim,mei.kim125@example.com,860-567-1992,6623 Sunset St,Salt Lake City,UT,34878,2024-04-06,Platinum
CUST00126,Omar,Garcia,omar.garcia126@example.com,417-857-1349,928 Pine St,Raleigh,NC,53713,2024-12-10,Bronze
CUST00127,Ava,Wilson,ava.wilson127@example.com,983-767-4394,9707 Oak St,Denver,CO,40539,2025-06-02,Platinum
CUST00128,Elizabeth,Haddad,elizabeth.haddad128@example.com,483-348-3129,8950 Sunset St,Austin,TX,32871,2024-03-12,Gold
CUST00129,Mary,Rodriguez,mary.rodriguez129@example.com,566-443-6304,358 Oak St,Austin,TX,44782,2023-11-15,Bronze
CUST00130,Yuki,Nakamura,yuki.nakamura130@example.com,963-265-8802,7444 Pine St,Denver,CO,57453,2026-06-16,Silver
CUST00131,Michael,Lewis,michael.lewis131@example.com,426-829-1710,8643 Sunset St,Miami,FL,70036,2023-10-02,Bronze
CUST00132,Ivan,Sanchez,ivan.sanchez132@example.com,902-310-9032,7367 Maple St,Boston,MA,20589,2025-05-20,Silver
CUST00133,Elizabeth,Jones,elizabeth.jones133@example.com,481-839-9984,5427 2nd St,Seattle,WA,88301,2026-07-21,Bronze
CUST00134,Omar,Kumar,omar.kumar134@example.com,640-301-2874,9133 Cedar St,Columbus,OH,38183,2025-12-27,Silver
CUST00135,Joseph,Clark,joseph.clark135@example.com,664-608-7815,1657 Sunset St,Phoenix,AZ,65936,2025-05-01,Gold
CUST00136,Thomas,White,thomas.white136@example.com,903-685-2099,1594 Pine St,Seattle,WA,21188,2024-02-06,Silver
CUST00137,Michael,White,michael.white137@example.com,333-769-1982,9708 Main St,Minneapolis,MN,83620,2025-06-05,Gold
CUST00138,Linda,Clark,linda.clark138@example.com,881-968-7929,942 Sunset St,Phoenix,AZ,88696,2025-04-30,Bronze
CUST00139,Michael,Novak,michael.novak139@example.com,417-358-8900,3774 Pine St,Miami,FL,24184,2025-07-17,Platinum
CUST00140,Olivia,White,olivia.white140@example.com,980-485-4705,7130 Pine St,Denver,CO,83526,2023-09-22,Silver
CUST00141,Sarah,Johnson,sarah.johnson141@example.com,479-919-6062,5667 Sunset St,Seattle,WA,10800,2024-08-05,Platinum
CUST00142,Elizabeth,Novak,elizabeth.novak142@example.com,610-271-3324,602 Maple St,Raleigh,NC,79531,2024-10-13,Silver
CUST00143,Yuki,Robinson,yuki.robinson143@example.com,361-578-6105,5414 Pine St,Phoenix,AZ,84395,2024-01-20,Bronze
CUST00144,Elizabeth,Hernandez,elizabeth.hernandez144@example.com,832-250-2336,4558 2nd St,Minneapolis,MN,96761,2025-12-15,Silver
CUST00145,Mia,Lewis,mia.lewis145@example.com,479-420-9394,1964 Sunset St,Boston,MA,66349,2024-03-14,Bronze
CUST00146,Sophia,Patel,sophia.patel146@example.com,883-515-1744,3712 2nd St,Miami,FL,88554,2023-11-20,Bronze
CUST00147,Susan,Martin,susan.martin147@example.com,985-340-5186,4842 Sunset St,Chicago,IL,25726,2023-08-15,Silver
CUST00148,Hiro,Lopez,hiro.lopez148@example.com,589-745-4770,8296 Main St,Seattle,WA,97562,2025-07-25,Bronze
CUST00149,Sofia,Williams,sofia.williams149@example.com,219-670-2275,5229 Main St,Boston,MA,66267,2025-11-05,Gold
CUST00150,Lucas,Clark,lucas.clark150@example.com,317-614-1341,5421 Oak St,Atlanta,GA,91018,2026-02-27,Platinum
CUST00151,Mei,Garcia,mei.garcia151@example.com,308-449-8138,9748 2nd St,Boston,MA,78676,2024-01-08,Silver
CUST00152,Karen,Perez,karen.perez152@example.com,541-372-2251,8463 Cedar St,Chicago,IL,24945,2026-07-21,Silver
CUST00153,Richard,Thompson,richard.thompson153@example.com,944-860-3419,3971 Maple St,Phoenix,AZ,29194,2025-01-05,Bronze
CUST00154,Barbara,Haddad,barbara.haddad154@example.com,978-977-2234,3002 Pine St,Seattle,WA,92306,2026-05-07,Silver
CUST00155,Ava,Ivanov,ava.ivanov155@example.com,897-778-6295,5279 Oak St,Portland,OR,67640,2023-12-17,Silver
CUST00156,Fatima,Martin,fatima.martin156@example.com,481-805-1920,5866 Main St,Minneapolis,MN,19724,2025-04-26,Silver
CUST00157,Fatima,Williams,fatima.williams157@example.com,577-493-2257,1579 Main St,Austin,TX,87867,2026-06-03,Silver
CUST00158,Omar,Ivanov,omar.ivanov158@example.com,956-242-8368,9466 Cedar St,Miami,FL,34672,2025-05-19,Silver
CUST00159,Ivan,Kumar,ivan.kumar159@example.com,263-661-2695,5726 Cedar St,Seattle,WA,21053,2026-05-29,Gold
CUST00160,Barbara,Williams,barbara.williams160@example.com,924-648-8199,8686 Main St,Chicago,IL,89928,2024-06-20,Bronze
CUST00161,Mei,Jackson,mei.jackson161@example.com,618-546-1857,5582 Maple St,Boston,MA,53213,2024-02-09,Silver
CUST00162,Carlos,Jackson,carlos.jackson162@example.com,941-872-3463,5561 Maple St,Atlanta,GA,86380,2024-05-15,Bronze
CUST00163,Karen,Sanchez,karen.sanchez163@example.com,809-925-2388,5172 Main St,Seattle,WA,59372,2025-06-02,Platinum
CUST00164,David,Nakamura,david.nakamura164@example.com,861-886-7937,8431 Sunset St,Denver,CO,12389,2025-08-11,Bronze
CUST00165,Barbara,Wilson,barbara.wilson165@example.com,984-697-4145,3811 Oak St,Phoenix,AZ,30308,2024-01-05,Bronze
CUST00166,Michael,Kumar,michael.kumar166@example.com,752-956-9626,718 Cedar St,Minneapolis,MN,54140,2024-04-24,Silver
CUST00167,Carlos,Martinez,carlos.martinez167@example.com,385-909-3712,7270 Maple St,Seattle,WA,63852,2025-08-15,Gold
CUST00168,Jessica,Lewis,jessica.lewis168@example.com,491-970-8355,3933 Main St,Columbus,OH,41348,2025-04-24,Platinum
CUST00169,Ivan,Gonzalez,ivan.gonzalez169@example.com,894-784-8218,7664 Pine St,Phoenix,AZ,46932,2025-09-20,Silver
CUST00170,Noah,Clark,noah.clark170@example.com,404-819-3267,4196 Maple St,Seattle,WA,94040,2026-04-10,Platinum
CUST00171,Mei,Chen,mei.chen171@example.com,305-928-9452,2142 Sunset St,Salt Lake City,UT,20993,2024-06-23,Bronze
CUST00172,Fatima,Kumar,fatima.kumar172@example.com,647-293-4637,7491 Sunset St,Seattle,WA,13495,2025-11-26,Bronze
CUST00173,Sofia,Kumar,sofia.kumar173@example.com,441-595-2337,6242 Oak St,Phoenix,AZ,13694,2025-05-13,Bronze
CUST00174,Ethan,Perez,ethan.perez174@example.com,349-340-1627,4800 Pine St,Minneapolis,MN,71925,2024-05-10,Platinum
CUST00175,Ivan,Lewis,ivan.lewis175@example.com,205-281-1311,4293 Oak St,Columbus,OH,29597,2026-07-15,Silver
CUST00176,Linda,Jackson,linda.jackson176@example.com,508-324-1782,4006 2nd St,Chicago,IL,93748,2026-02-21,Bronze
CUST00177,Linda,Patel,linda.patel177@example.com,748-216-9443,9521 Oak St,Columbus,OH,28818,2025-03-18,Silver
CUST00178,James,Thompson,james.thompson178@example.com,784-626-4068,1502 Main St,Chicago,IL,57265,2023-12-16,Silver
CUST00179,Emma,Kumar,emma.kumar179@example.com,719-767-1333,6497 Pine St,Minneapolis,MN,71621,2023-10-28,Gold
CUST00180,Carlos,White,carlos.white180@example.com,965-216-6850,1206 Sunset St,Atlanta,GA,41604,2024-02-28,Platinum
CUST00181,Sophia,Perez,sophia.perez181@example.com,245-560-9945,5646 Pine St,Seattle,WA,94252,2024-07-23,Platinum
CUST00182,Omar,Walker,omar.walker182@example.com,386-338-2033,7598 Maple St,Raleigh,NC,48462,2024-09-15,Bronze
CUST00183,Richard,Williams,richard.williams183@example.com,517-727-7524,8997 2nd St,Phoenix,AZ,43202,2023-10-13,Platinum
CUST00184,Ethan,Gonzalez,ethan.gonzalez184@example.com,565-248-6438,4576 Maple St,Atlanta,GA,58237,2026-01-10,Silver
CUST00185,Fatima,Harris,fatima.harris185@example.com,391-708-9151,6118 Pine St,Phoenix,AZ,78062,2025-01-27,Platinum
CUST00186,Jennifer,Ramirez,jennifer.ramirez186@example.com,640-816-3956,9037 Sunset St,Denver,CO,52101,2024-02-26,Bronze
CUST00187,Priya,Jackson,priya.jackson187@example.com,656-817-7981,2830 Cedar St,Atlanta,GA,68183,2025-07-19,Silver
CUST00188,Robert,Thompson,robert.thompson188@example.com,645-481-1939,1329 Cedar St,Columbus,OH,93560,2025-11-08,Bronze
CUST00189,Liam,Hernandez,liam.hernandez189@example.com,346-822-8179,670 Oak St,Austin,TX,18812,2024-11-25,Platinum
CUST00190,Ethan,White,ethan.white190@example.com,592-780-1530,2613 Cedar St,Phoenix,AZ,68972,2025-08-28,Bronze
CUST00191,Fatima,Jones,fatima.jones191@example.com,340-742-7012,6621 Sunset St,Columbus,OH,95139,2025-02-20,Bronze
CUST00192,Linda,Johnson,linda.johnson192@example.com,390-711-9482,6440 Main St,San Diego,CA,25435,2025-01-17,Platinum
CUST00193,Thomas,Lewis,thomas.lewis193@example.com,826-492-9047,3379 Maple St,Chicago,IL,27790,2023-12-29,Silver
CUST00194,Barbara,Lewis,barbara.lewis194@example.com,898-527-6692,1163 Main St,Denver,CO,81063,2025-03-16,Bronze
CUST00195,William,Lopez,william.lopez195@example.com,570-720-4673,2088 Oak St,Minneapolis,MN,28202,2024-11-26,Platinum
CUST00196,Elena,Johnson,elena.johnson196@example.com,767-786-7044,7757 Pine St,Phoenix,AZ,82305,2024-04-21,Silver
CUST00197,Jennifer,Jones,jennifer.jones197@example.com,607-934-8842,8712 2nd St,Atlanta,GA,63665,2023-12-29,Bronze
CUST00198,Priya,Jones,priya.jones198@example.com,677-896-9476,5744 Oak St,Portland,OR,82260,2024-08-06,Platinum
CUST00199,David,Ramirez,david.ramirez199@example.com,256-327-9488,2607 Sunset St,Miami,FL,31581,2024-06-26,Bronze
CUST00200,Joseph,Thompson,joseph.thompson200@example.com,490-280-5105,3316 Cedar St,Miami,FL,82199,2025-02-12,Bronze
CUST00201,Lucas,Martin,lucas.martin201@example.com,746-295-9234,2862 Main St,Columbus,OH,86106,2024-06-10,Bronze
CUST00202,Amelia,Haddad,amelia.haddad202@example.com,777-242-1464,1430 Maple St,Phoenix,AZ,94076,2025-01-23,Gold
CUST00203,Susan,Novak,susan.novak203@example.com,832-854-1496,8259 Cedar St,Boston,MA,81509,2025-03-15,Gold
CUST00204,Karen,Walker,karen.walker204@example.com,901-615-5873,7530 Maple St,Chicago,IL,17852,2024-06-18,Silver
CUST00205,Yuki,Walker,yuki.walker205@example.com,408-548-3353,5221 Pine St,Portland,OR,51853,2025-07-07,Silver
CUST00206,David,White,david.white206@example.com,775-308-6228,4060 2nd St,Miami,FL,26059,2025-01-28,Silver
CUST00207,Jessica,Martinez,jessica.martinez207@example.com,251-497-7293,6950 Oak St,Denver,CO,30932,2025-05-31,Silver
CUST00208,Priya,Gonzalez,priya.gonzalez208@example.com,363-710-9433,7748 2nd St,Minneapolis,MN,50441,2026-05-14,Bronze
CUST00209,Jennifer,Sanchez,jennifer.sanchez209@example.com,668-446-4524,9657 Sunset St,Miami,FL,16377,2023-11-11,Bronze
CUST00210,Elena,Haddad,elena.haddad210@example.com,869-888-8710,4781 Main St,Salt Lake City,UT,11071,2024-03-07,Silver
CUST00211,David,Taylor,david.taylor211@example.com,574-982-7606,6095 Maple St,San Diego,CA,62505,2023-11-12,Silver
CUST00212,Olivia,Gonzalez,olivia.gonzalez212@example.com,766-495-2204,6429 Main St,Phoenix,AZ,69028,2025-02-22,Platinum
CUST00213,Amelia,Davis,amelia.davis213@example.com,299-603-7114,5655 Main St,Seattle,WA,57920,2024-05-21,Bronze
CUST00214,Mia,Kumar,mia.kumar214@example.com,712-241-1742,737 Oak St,Boston,MA,53652,2026-03-27,Silver
CUST00215,Omar,Martinez,omar.martinez215@example.com,727-343-6373,5318 Oak St,Columbus,OH,61505,2025-04-03,Silver
CUST00216,Arjun,Kumar,arjun.kumar216@example.com,721-745-9025,9322 Sunset St,Nashville,TN,72245,2023-09-03,Bronze
CUST00217,Arjun,Davis,arjun.davis217@example.com,797-515-1436,9879 2nd St,Boston,MA,44803,2024-11-08,Gold
CUST00218,Patricia,Ivanov,patricia.ivanov218@example.com,374-736-7229,2521 Pine St,Portland,OR,99224,2024-12-08,Bronze
CUST00219,Ava,Davis,ava.davis219@example.com,219-651-6139,6961 Oak St,Chicago,IL,64127,2024-09-20,Silver
CUST00220,Liam,Walker,liam.walker220@example.com,953-944-2020,2362 Main St,Nashville,TN,37176,2025-05-26,Gold
CUST00221,Ivan,Nakamura,ivan.nakamura221@example.com,521-377-8531,8834 Sunset St,Boston,MA,81601,2025-07-25,Gold
CUST00222,Ethan,Taylor,ethan.taylor222@example.com,695-396-5038,4671 Main St,Columbus,OH,49124,2024-11-02,Bronze
CUST00223,Charles,Wilson,charles.wilson223@example.com,921-700-6194,7961 Sunset St,San Diego,CA,83464,2025-02-10,Bronze
CUST00224,Linda,Novak,linda.novak224@example.com,756-588-7464,5754 Pine St,Raleigh,NC,29198,2025-03-16,Bronze
CUST00225,Charles,Garcia,charles.garcia225@example.com,652-871-5201,7949 Oak St,Phoenix,AZ,36485,2025-02-05,Silver
CUST00226,Sarah,Rodriguez,sarah.rodriguez226@example.com,830-958-4920,4072 Maple St,Denver,CO,97796,2026-07-22,Bronze
CUST00227,Lucas,Anderson,lucas.anderson227@example.com,302-623-6411,7839 Maple St,Austin,TX,99285,2024-05-07,Bronze
CUST00228,Olivia,Hernandez,olivia.hernandez228@example.com,868-687-8822,3367 Pine St,Boston,MA,47649,2025-05-18,Bronze
CUST00229,Ethan,Brown,ethan.brown229@example.com,987-291-4804,8867 Cedar St,Salt Lake City,UT,14888,2024-07-23,Silver
CUST00230,Barbara,Williams,barbara.williams230@example.com,606-707-4052,4842 Maple St,Nashville,TN,11214,2025-04-02,Silver
CUST00231,Mia,Miller,mia.miller231@example.com,543-491-8444,9001 Main St,Salt Lake City,UT,74738,2024-04-30,Platinum
CUST00232,Liam,Robinson,liam.robinson232@example.com,397-315-6417,2762 Cedar St,Atlanta,GA,70150,2025-01-07,Gold
CUST00233,Barbara,Smith,barbara.smith233@example.com,545-502-4164,2975 Main St,San Diego,CA,93719,2025-11-07,Platinum
CUST00234,Hiro,Kumar,hiro.kumar234@example.com,288-610-2562,3127 Oak St,Phoenix,AZ,72580,2025-05-23,Bronze
CUST00235,James,Taylor,james.taylor235@example.com,441-657-5374,5500 Sunset St,Boston,MA,86344,2023-08-23,Bronze
CUST00236,Ethan,White,ethan.white236@example.com,441-263-2936,7725 Sunset St,San Diego,CA,30934,2025-11-07,Gold
CUST00237,Liam,Martin,liam.martin237@example.com,320-854-5833,6121 Main St,San Diego,CA,38947,2024-10-21,Bronze
CUST00238,Ivan,Martinez,ivan.martinez238@example.com,965-820-7121,6913 Cedar St,Portland,OR,81989,2026-03-21,Platinum
CUST00239,Emma,Wilson,emma.wilson239@example.com,453-896-2341,8709 2nd St,Minneapolis,MN,79228,2025-08-09,Bronze
CUST00240,Ava,Davis,ava.davis240@example.com,760-717-4312,9483 Main St,Austin,TX,29641,2024-07-01,Bronze
CUST00241,Noah,Lewis,noah.lewis241@example.com,896-410-9008,1589 Main St,Denver,CO,68390,2023-11-21,Silver
CUST00242,David,Kumar,david.kumar242@example.com,667-777-1945,9255 2nd St,Boston,MA,98181,2025-04-22,Gold
CUST00243,Mary,Sanchez,mary.sanchez243@example.com,203-963-4570,9575 Maple St,Atlanta,GA,15936,2025-12-14,Bronze
CUST00244,John,Kim,john.kim244@example.com,270-683-1519,4803 2nd St,Austin,TX,33590,2024-05-03,Platinum
CUST00245,Ethan,Clark,ethan.clark245@example.com,591-659-7184,6254 Maple St,Phoenix,AZ,99486,2024-04-28,Gold
CUST00246,Wei,Davis,wei.davis246@example.com,750-602-9664,2186 Cedar St,Seattle,WA,39188,2023-08-07,Platinum
CUST00247,Mary,Martin,mary.martin247@example.com,889-936-9920,7048 Main St,Portland,OR,59712,2024-11-12,Bronze
CUST00248,Omar,Thompson,omar.thompson248@example.com,482-393-2848,627 Pine St,Seattle,WA,96533,2025-12-05,Silver
CUST00249,Mary,Thomas,mary.thomas249@example.com,268-303-1550,7414 Main St,Chicago,IL,98083,2023-11-07,Bronze
CUST00250,Robert,Sanchez,robert.sanchez250@example.com,439-752-4559,1024 Oak St,Portland,OR,76046,2025-03-14,Bronze
CUST00251,Ava,Lee,ava.lee251@example.com,812-888-6253,3981 Sunset St,Columbus,OH,28777,2026-07-02,Bronze
CUST00252,Yuki,Martin,yuki.martin252@example.com,262-770-3869,7099 Main St,Atlanta,GA,74962,2023-11-04,Bronze
CUST00253,Ethan,Harris,ethan.harris253@example.com,737-526-7821,6788 Oak St,Minneapolis,MN,49306,2025-09-08,Bronze
CUST00254,Emma,Walker,emma.walker254@example.com,430-507-3365,7686 Maple St,Chicago,IL,83713,2025-11-22,Silver
CUST00255,Olivia,Nakamura,olivia.nakamura255@example.com,597-448-5177,3431 Sunset St,Seattle,WA,94765,2024-01-08,Silver
CUST00256,Mei,Garcia,mei.garcia256@example.com,941-395-1844,4498 2nd St,Miami,FL,98299,2023-10-19,Platinum
CUST00257,John,Gonzalez,john.gonzalez257@example.com,979-801-4555,7954 Oak St,Minneapolis,MN,53642,2025-04-11,Bronze
CUST00258,Susan,Gonzalez,susan.gonzalez258@example.com,320-964-8846,4074 Cedar St,San Diego,CA,89220,2024-09-21,Silver
CUST00259,Jessica,Chen,jessica.chen259@example.com,489-589-8639,8843 Cedar St,Phoenix,AZ,57088,2025-04-22,Bronze
CUST00260,Mei,Kumar,mei.kumar260@example.com,709-677-2615,7792 Pine St,Salt Lake City,UT,51973,2024-09-19,Bronze
CUST00261,Priya,Clark,priya.clark261@example.com,776-426-3390,365 Sunset St,Austin,TX,82523,2025-12-02,Bronze
CUST00262,Elizabeth,Gonzalez,elizabeth.gonzalez262@example.com,435-588-5026,8280 Main St,Phoenix,AZ,95800,2025-06-21,Bronze
CUST00263,Elena,Patel,elena.patel263@example.com,372-950-6770,2873 Oak St,Portland,OR,81636,2026-04-26,Bronze
CUST00264,Emma,Brown,emma.brown264@example.com,234-276-1794,204 2nd St,Miami,FL,28021,2024-11-15,Bronze
CUST00265,Elizabeth,Smith,elizabeth.smith265@example.com,717-666-7114,1090 Main St,Chicago,IL,93588,2026-04-15,Gold
CUST00266,Elena,Johnson,elena.johnson266@example.com,744-764-7739,294 Maple St,Austin,TX,79391,2025-02-12,Silver
CUST00267,Charles,Johnson,charles.johnson267@example.com,914-890-8054,3037 Maple St,Miami,FL,22624,2026-07-08,Bronze
CUST00268,Jessica,Gonzalez,jessica.gonzalez268@example.com,739-458-6807,4479 Pine St,Columbus,OH,62022,2024-01-08,Bronze
CUST00269,Sofia,Robinson,sofia.robinson269@example.com,449-913-4700,5014 Cedar St,Columbus,OH,20566,2023-10-03,Bronze
CUST00270,Sofia,Harris,sofia.harris270@example.com,765-687-1919,254 Cedar St,Boston,MA,32463,2024-01-16,Silver
CUST00271,Hiro,Perez,hiro.perez271@example.com,297-740-1697,3864 Oak St,Columbus,OH,84289,2026-03-30,Bronze
CUST00272,Robert,Jones,robert.jones272@example.com,487-756-1539,3038 Pine St,Raleigh,NC,51220,2023-09-01,Bronze
CUST00273,Sophia,Martinez,sophia.martinez273@example.com,929-607-2260,5003 Oak St,Minneapolis,MN,83919,2024-12-04,Silver
CUST00274,Carlos,Kim,carlos.kim274@example.com,593-973-3292,1384 Main St,Phoenix,AZ,55332,2023-11-17,Bronze
CUST00275,Hiro,Anderson,hiro.anderson275@example.com,277-548-7499,5447 Maple St,Nashville,TN,93115,2025-02-09,Platinum
CUST00276,Fatima,Patel,fatima.patel276@example.com,564-766-7150,7175 Oak St,Chicago,IL,99088,2025-09-16,Bronze
CUST00277,Amelia,Jackson,amelia.jackson277@example.com,452-930-2204,1444 Sunset St,Minneapolis,MN,30214,2025-09-16,Gold
CUST00278,Lucas,Martinez,lucas.martinez278@example.com,598-524-6909,1845 Maple St,San Diego,CA,10680,2025-04-22,Silver
CUST00279,Mei,Moore,mei.moore279@example.com,335-289-4070,7161 2nd St,Denver,CO,83005,2026-06-14,Silver
CUST00280,Michael,Johnson,michael.johnson280@example.com,562-767-2524,9880 Main St,Denver,CO,52523,2025-09-26,Bronze
CUST00281,Charles,Clark,charles.clark281@example.com,286-942-4977,9470 Main St,Boston,MA,32227,2025-09-17,Bronze
CUST00282,David,Moore,david.moore282@example.com,474-704-3390,1136 Oak St,Atlanta,GA,66973,2025-02-15,Silver
CUST00283,Karen,Walker,karen.walker283@example.com,278-569-5123,4140 Cedar St,Minneapolis,MN,91924,2026-05-11,Silver
CUST00284,Amelia,Gonzalez,amelia.gonzalez284@example.com,309-338-5991,210 2nd St,Portland,OR,53544,2025-09-16,Platinum
CUST00285,Arjun,Lewis,arjun.lewis285@example.com,640-866-3230,5022 Sunset St,Phoenix,AZ,89064,2024-09-14,Silver
CUST00286,Priya,Lopez,priya.lopez286@example.com,526-498-9044,9535 Pine St,Boston,MA,41775,2025-05-28,Silver
CUST00287,Sarah,Sanchez,sarah.sanchez287@example.com,316-777-4273,9803 Main St,Phoenix,AZ,33583,2023-09-24,Gold
CUST00288,Omar,Wilson,omar.wilson288@example.com,498-909-2133,6803 Cedar St,Portland,OR,75444,2024-05-11,Gold
CUST00289,Karen,Thomas,karen.thomas289@example.com,874-357-7932,6276 Maple St,Atlanta,GA,68860,2026-04-07,Silver
CUST00290,Sofia,Kim,sofia.kim290@example.com,908-628-9907,702 Pine St,Miami,FL,57124,2024-01-21,Bronze
CUST00291,Jessica,Thompson,jessica.thompson291@example.com,862-827-1725,9327 Cedar St,Seattle,WA,98797,2025-10-26,Platinum
CUST00292,Arjun,Ramirez,arjun.ramirez292@example.com,210-300-5239,3737 Main St,Denver,CO,77999,2024-10-25,Silver
CUST00293,Mei,Sanchez,mei.sanchez293@example.com,895-802-9199,2569 Sunset St,Portland,OR,13219,2026-04-14,Bronze
CUST00294,Charles,Clark,charles.clark294@example.com,287-318-3321,5807 Sunset St,Salt Lake City,UT,54966,2026-02-17,Platinum
CUST00295,Susan,Nakamura,susan.nakamura295@example.com,556-687-2599,7278 Cedar St,Portland,OR,69303,2025-05-14,Bronze
CUST00296,Karen,Williams,karen.williams296@example.com,927-317-1370,5720 Cedar St,Minneapolis,MN,24334,2024-07-01,Gold
CUST00297,Jessica,Nakamura,jessica.nakamura297@example.com,765-363-6422,9272 2nd St,Seattle,WA,70562,2024-11-16,Platinum
CUST00298,Sofia,Lopez,sofia.lopez298@example.com,855-873-8080,6581 Maple St,Seattle,WA,90492,2024-09-07,Silver
CUST00299,Sophia,Ramirez,sophia.ramirez299@example.com,204-921-4519,3471 Sunset St,Boston,MA,18200,2024-02-24,Platinum
CUST00300,Emma,Lopez,emma.lopez300@example.com,533-401-8496,1967 Sunset St,Phoenix,AZ,97910,2026-04-28,Silver
CUST00301,Lucas,Lee,lucas.lee301@example.com,597-825-7431,9717 Maple St,Columbus,OH,55603,2025-07-20,Platinum
CUST00302,Omar,Lopez,omar.lopez302@example.com,889-922-5873,9769 Maple St,Nashville,TN,98094,2024-04-30,Bronze
CUST00303,Linda,Thomas,linda.thomas303@example.com,319-387-7116,2416 Main St,Atlanta,GA,60916,2025-12-03,Silver
CUST00304,David,Novak,david.novak304@example.com,633-390-8973,8904 Cedar St,Boston,MA,94575,2024-07-19,Silver
CUST00305,William,Patel,william.patel305@example.com,343-391-6154,7489 Main St,Atlanta,GA,17026,2025-08-04,Bronze
CUST00306,Elena,Rodriguez,elena.rodriguez306@example.com,593-775-9281,8209 2nd St,Chicago,IL,99744,2026-05-03,Silver
CUST00307,Fatima,Patel,fatima.patel307@example.com,284-778-1505,3713 Sunset St,Seattle,WA,14285,2025-02-12,Bronze
CUST00308,Emma,Jackson,emma.jackson308@example.com,668-779-9115,9106 Main St,Seattle,WA,24838,2024-03-20,Bronze
CUST00309,Emma,White,emma.white309@example.com,974-242-8231,9051 Oak St,Miami,FL,65725,2024-02-25,Gold
CUST00310,Ethan,Thomas,ethan.thomas310@example.com,233-660-5305,5811 Pine St,Atlanta,GA,21401,2026-01-15,Platinum
CUST00311,Linda,Thomas,linda.thomas311@example.com,955-802-6744,7115 Oak St,Chicago,IL,90760,2024-05-11,Platinum
CUST00312,Susan,Wilson,susan.wilson312@example.com,260-783-6747,8820 Sunset St,Minneapolis,MN,88231,2024-07-09,Bronze
CUST00313,Charles,Jackson,charles.jackson313@example.com,473-726-2560,2321 Pine St,Columbus,OH,63948,2023-11-29,Bronze
CUST00314,Ethan,Rodriguez,ethan.rodriguez314@example.com,335-455-3396,5377 Pine St,San Diego,CA,42447,2025-10-12,Silver
CUST00315,Elizabeth,Novak,elizabeth.novak315@example.com,475-842-7786,6246 2nd St,Raleigh,NC,19898,2024-02-06,Silver
CUST00316,Liam,Moore,liam.moore316@example.com,577-665-8996,5462 Main St,San Diego,CA,10324,2024-02-06,Gold
CUST00317,Omar,Thompson,omar.thompson317@example.com,264-747-7516,3668 2nd St,Nashville,TN,37767,2026-05-09,Bronze
CUST00318,Priya,Jackson,priya.jackson318@example.com,760-791-3139,9375 Pine St,Phoenix,AZ,73614,2025-07-03,Gold
CUST00319,Patricia,Williams,patricia.williams319@example.com,841-670-1266,2135 Pine St,Denver,CO,30707,2026-01-19,Silver
CUST00320,James,Ramirez,james.ramirez320@example.com,905-335-5945,2704 Pine St,Chicago,IL,45916,2024-02-07,Gold
CUST00321,Mei,Taylor,mei.taylor321@example.com,580-880-3711,948 2nd St,Denver,CO,91999,2025-04-16,Gold
CUST00322,Joseph,Ramirez,joseph.ramirez322@example.com,293-920-2559,117 Oak St,Raleigh,NC,72496,2024-01-06,Bronze
CUST00323,Sophia,Anderson,sophia.anderson323@example.com,896-655-1152,232 Cedar St,Miami,FL,55032,2024-04-02,Platinum
CUST00324,Hiro,Rodriguez,hiro.rodriguez324@example.com,272-434-7276,1563 Cedar St,Portland,OR,23425,2024-02-27,Bronze
CUST00325,Mei,Martin,mei.martin325@example.com,591-971-3181,2440 Maple St,Seattle,WA,79534,2023-08-17,Silver
CUST00326,Ethan,Hernandez,ethan.hernandez326@example.com,559-939-4490,2580 2nd St,Portland,OR,90750,2026-01-22,Platinum
CUST00327,Susan,Garcia,susan.garcia327@example.com,302-343-3017,9759 Cedar St,Salt Lake City,UT,60335,2025-07-19,Silver
CUST00328,Priya,Rodriguez,priya.rodriguez328@example.com,483-860-2380,4165 Main St,Chicago,IL,88774,2025-03-05,Platinum
CUST00329,Mary,Martin,mary.martin329@example.com,730-821-9348,3190 Cedar St,Chicago,IL,61347,2025-03-27,Gold
CUST00330,Patricia,Thomas,patricia.thomas330@example.com,595-315-4949,8285 Cedar St,Portland,OR,87847,2023-12-23,Silver
CUST00331,James,White,james.white331@example.com,524-335-7337,9412 2nd St,Salt Lake City,UT,57895,2024-07-18,Platinum
CUST00332,Ivan,Jones,ivan.jones332@example.com,801-269-1225,4395 Oak St,Austin,TX,15220,2023-12-01,Platinum
CUST00333,Sofia,Kumar,sofia.kumar333@example.com,843-929-9209,6906 2nd St,Atlanta,GA,62727,2024-01-15,Gold
CUST00334,Emma,Kim,emma.kim334@example.com,356-484-2369,5177 Maple St,Columbus,OH,77017,2024-09-19,Platinum
CUST00335,Elizabeth,Kim,elizabeth.kim335@example.com,600-800-2083,5181 Cedar St,Phoenix,AZ,67342,2024-11-30,Bronze
CUST00336,Jessica,Garcia,jessica.garcia336@example.com,644-318-8428,1001 Sunset St,Salt Lake City,UT,97304,2024-07-24,Bronze
CUST00337,James,Rodriguez,james.rodriguez337@example.com,211-367-9133,5780 Main St,San Diego,CA,77793,2025-01-11,Bronze
CUST00338,Mei,Rodriguez,mei.rodriguez338@example.com,475-950-2934,580 Sunset St,San Diego,CA,66272,2025-02-07,Silver
CUST00339,John,Taylor,john.taylor339@example.com,790-842-2262,8228 2nd St,San Diego,CA,76949,2025-08-06,Bronze
CUST00340,Elena,Novak,elena.novak340@example.com,576-361-5179,1785 Main St,Seattle,WA,98358,2024-03-23,Bronze
CUST00341,Liam,Smith,liam.smith341@example.com,212-450-1753,7829 Sunset St,Austin,TX,60197,2024-06-02,Bronze
CUST00342,Robert,Chen,robert.chen342@example.com,931-958-7870,3778 Sunset St,Minneapolis,MN,42540,2025-11-29,Gold
CUST00343,Priya,Moore,priya.moore343@example.com,279-785-7108,2056 Main St,Nashville,TN,98254,2023-11-15,Bronze
CUST00344,Joseph,Nakamura,joseph.nakamura344@example.com,610-270-8620,4725 Pine St,Austin,TX,50723,2025-05-31,Bronze
CUST00345,Olivia,Robinson,olivia.robinson345@example.com,577-405-5777,9337 Pine St,Austin,TX,49834,2024-12-08,Silver
CUST00346,Mei,Ivanov,mei.ivanov346@example.com,400-950-9954,4116 Oak St,Portland,OR,10835,2025-11-16,Bronze
CUST00347,Joseph,Kim,joseph.kim347@example.com,851-910-1157,5588 Maple St,Phoenix,AZ,96154,2025-09-08,Platinum
CUST00348,Karen,Miller,karen.miller348@example.com,742-443-7878,8161 Maple St,Chicago,IL,28661,2025-02-23,Bronze
CUST00349,Robert,Anderson,robert.anderson349@example.com,732-622-7102,7611 Cedar St,Salt Lake City,UT,21128,2024-02-11,Silver
CUST00350,David,Sanchez,david.sanchez350@example.com,806-781-2020,7226 Cedar St,Denver,CO,27132,2024-11-26,Bronze
CUST00351,Thomas,Lee,thomas.lee351@example.com,602-917-6345,5311 2nd St,Salt Lake City,UT,45645,2024-11-20,Bronze
CUST00352,Richard,Rodriguez,richard.rodriguez352@example.com,988-798-2785,2646 Maple St,Minneapolis,MN,31544,2026-02-05,Silver
CUST00353,Priya,Clark,priya.clark353@example.com,748-566-4401,7504 Sunset St,Denver,CO,70731,2025-01-23,Platinum
CUST00354,Linda,Garcia,linda.garcia354@example.com,902-511-1660,3622 Pine St,Seattle,WA,52964,2024-05-29,Bronze
CUST00355,Jessica,Thompson,jessica.thompson355@example.com,725-250-5896,4362 Pine St,Boston,MA,32789,2023-10-02,Silver
CUST00356,Fatima,Chen,fatima.chen356@example.com,763-455-2551,7670 Maple St,San Diego,CA,28322,2024-04-04,Bronze
CUST00357,Patricia,Anderson,patricia.anderson357@example.com,402-610-7098,1476 Main St,Seattle,WA,86823,2025-01-11,Platinum
CUST00358,John,Johnson,john.johnson358@example.com,402-861-8265,2210 Maple St,Denver,CO,53456,2024-04-06,Bronze
CUST00359,Omar,Brown,omar.brown359@example.com,787-643-7471,8228 Maple St,Seattle,WA,60165,2025-12-20,Bronze
CUST00360,Wei,Wilson,wei.wilson360@example.com,391-481-5585,7407 Oak St,Salt Lake City,UT,14541,2024-12-15,Gold
CUST00361,Charles,Patel,charles.patel361@example.com,763-690-1999,1537 Sunset St,Boston,MA,60202,2024-05-07,Silver
CUST00362,Richard,Nakamura,richard.nakamura362@example.com,845-756-1319,6366 Pine St,Chicago,IL,57069,2026-04-08,Silver
CUST00363,Elena,Thompson,elena.thompson363@example.com,779-714-6269,6463 Sunset St,Salt Lake City,UT,33568,2023-09-22,Bronze
CUST00364,Mia,Anderson,mia.anderson364@example.com,487-259-8728,8774 Sunset St,Austin,TX,86544,2024-11-18,Bronze
CUST00365,Michael,Thomas,michael.thomas365@example.com,446-472-9743,1016 Pine St,Raleigh,NC,38758,2025-10-03,Bronze
CUST00366,Barbara,Lopez,barbara.lopez366@example.com,806-525-6878,9792 Maple St,Chicago,IL,56095,2024-05-17,Silver
CUST00367,Richard,Patel,richard.patel367@example.com,516-379-9035,721 Maple St,Miami,FL,17362,2024-11-18,Silver
CUST00368,Joseph,Johnson,joseph.johnson368@example.com,689-200-6435,3400 Pine St,Miami,FL,27103,2025-06-27,Gold
CUST00369,Barbara,Lee,barbara.lee369@example.com,222-351-3320,1917 Pine St,Austin,TX,78982,2025-08-16,Bronze
CUST00370,Mei,Sanchez,mei.sanchez370@example.com,303-544-5944,5385 Oak St,Columbus,OH,30644,2026-01-10,Platinum
CUST00371,Lucas,Patel,lucas.patel371@example.com,524-378-6846,3757 Cedar St,Raleigh,NC,87194,2024-07-24,Silver
CUST00372,Karen,Jackson,karen.jackson372@example.com,381-946-1029,9485 2nd St,Seattle,WA,84381,2023-10-05,Bronze
CUST00373,Mia,Lee,mia.lee373@example.com,826-426-2705,8229 Oak St,Salt Lake City,UT,53406,2024-01-06,Bronze
CUST00374,Wei,Lee,wei.lee374@example.com,851-290-6500,7417 Maple St,Seattle,WA,44761,2024-10-02,Bronze
CUST00375,John,Thompson,john.thompson375@example.com,310-937-1020,888 2nd St,Atlanta,GA,67438,2025-12-06,Bronze
CUST00376,Yuki,Patel,yuki.patel376@example.com,587-559-9946,6249 Maple St,Salt Lake City,UT,72847,2024-11-03,Bronze
CUST00377,Fatima,Jones,fatima.jones377@example.com,234-501-1328,5321 Sunset St,Minneapolis,MN,23726,2023-12-29,Bronze
CUST00378,William,Harris,william.harris378@example.com,949-276-9962,1625 Sunset St,Seattle,WA,87860,2026-04-14,Gold
CUST00379,Mary,Ramirez,mary.ramirez379@example.com,368-821-8113,2673 Maple St,Raleigh,NC,23272,2025-06-08,Bronze
CUST00380,Richard,Clark,richard.clark380@example.com,767-939-9849,4446 Cedar St,San Diego,CA,46899,2025-03-31,Bronze
CUST00381,Michael,Brown,michael.brown381@example.com,785-762-9043,2616 Maple St,Boston,MA,57294,2023-08-07,Silver
CUST00382,Jennifer,Jackson,jennifer.jackson382@example.com,877-840-8869,3371 Maple St,Nashville,TN,13373,2024-09-26,Bronze
CUST00383,Lucas,Jackson,lucas.jackson383@example.com,684-318-6052,6612 2nd St,Denver,CO,74106,2025-01-23,Bronze
CUST00384,Ethan,Kim,ethan.kim384@example.com,389-579-7249,6152 Oak St,Boston,MA,68428,2023-10-30,Bronze
CUST00385,Fatima,Robinson,fatima.robinson385@example.com,431-475-2009,2576 Pine St,Atlanta,GA,97486,2024-02-14,Bronze
CUST00386,Wei,Kim,wei.kim386@example.com,974-803-4727,9170 Maple St,Boston,MA,60738,2026-07-05,Silver
CUST00387,Emma,Walker,emma.walker387@example.com,441-687-5896,1393 2nd St,Columbus,OH,14551,2026-05-24,Silver
CUST00388,Noah,Novak,noah.novak388@example.com,835-350-2970,7457 Oak St,Raleigh,NC,31910,2024-10-06,Platinum
CUST00389,Richard,Rodriguez,richard.rodriguez389@example.com,633-280-8133,3408 Pine St,Austin,TX,92211,2024-05-28,Platinum
CUST00390,Mia,Taylor,mia.taylor390@example.com,944-268-2425,6458 Main St,Phoenix,AZ,62082,2025-05-28,Platinum
CUST00391,Sarah,Nakamura,sarah.nakamura391@example.com,212-917-9561,6974 Maple St,Portland,OR,64321,2024-06-01,Bronze
CUST00392,Ava,Ivanov,ava.ivanov392@example.com,976-302-2730,9319 Pine St,Columbus,OH,23237,2025-03-07,Platinum
CUST00393,Emma,Thompson,emma.thompson393@example.com,620-470-7275,8055 Main St,Salt Lake City,UT,89817,2026-03-25,Bronze
CUST00394,Barbara,Moore,barbara.moore394@example.com,347-833-7581,735 2nd St,Boston,MA,53449,2024-11-28,Bronze
CUST00395,Ivan,Moore,ivan.moore395@example.com,581-220-6535,5065 Sunset St,Salt Lake City,UT,46745,2026-05-02,Platinum
CUST00396,Michael,Anderson,michael.anderson396@example.com,507-961-8259,5357 Sunset St,Seattle,WA,64627,2024-01-29,Bronze
CUST00397,Fatima,Wilson,fatima.wilson397@example.com,616-958-8937,8562 Pine St,Salt Lake City,UT,59009,2023-11-23,Silver
CUST00398,William,Jones,william.jones398@example.com,926-718-7609,2322 Pine St,Atlanta,GA,78719,2023-09-28,Bronze
CUST00399,Richard,Gonzalez,richard.gonzalez399@example.com,259-455-1541,7578 Maple St,Nashville,TN,57235,2024-09-10,Bronze
CUST00400,Mei,Robinson,mei.robinson400@example.com,606-850-3029,600 Oak St,Miami,FL,58819,2026-04-27,Silver
CUST00401,Fatima,Lopez,fatima.lopez401@example.com,685-800-6730,5740 Oak St,Nashville,TN,43903,2024-02-01,Bronze
CUST00402,Mary,Harris,mary.harris402@example.com,366-785-4511,3726 Cedar St,Austin,TX,39505,2024-09-26,Bronze
CUST00403,Ethan,Clark,ethan.clark403@example.com,220-985-1145,7867 Oak St,Miami,FL,94852,2024-07-19,Silver
CUST00404,James,Anderson,james.anderson404@example.com,822-512-5511,7043 2nd St,Atlanta,GA,55706,2026-02-25,Bronze
CUST00405,Susan,Robinson,susan.robinson405@example.com,893-733-7506,9676 Maple St,Atlanta,GA,10963,2026-06-12,Gold
CUST00406,Mei,Chen,mei.chen406@example.com,808-823-5631,4990 Cedar St,Raleigh,NC,24169,2026-04-12,Bronze
CUST00407,Arjun,Moore,arjun.moore407@example.com,532-483-5278,4995 Oak St,Raleigh,NC,29651,2026-06-24,Platinum
CUST00408,Jessica,Brown,jessica.brown408@example.com,814-613-6236,2392 Cedar St,Minneapolis,MN,13336,2026-05-14,Bronze
CUST00409,Thomas,Clark,thomas.clark409@example.com,597-954-1578,9652 Cedar St,Boston,MA,84978,2024-08-22,Bronze
CUST00410,Joseph,Kim,joseph.kim410@example.com,687-887-6873,8411 Sunset St,Raleigh,NC,32280,2024-08-04,Bronze
CUST00411,Michael,Walker,michael.walker411@example.com,958-464-3999,5599 Cedar St,Seattle,WA,21704,2024-10-28,Bronze
CUST00412,Joseph,Martin,joseph.martin412@example.com,539-580-5269,9693 Sunset St,Boston,MA,70786,2024-03-28,Silver
CUST00413,Patricia,Ivanov,patricia.ivanov413@example.com,835-272-8736,3287 Main St,Columbus,OH,25704,2025-09-19,Silver
CUST00414,Karen,Clark,karen.clark414@example.com,354-340-4281,5714 2nd St,Austin,TX,84632,2026-02-22,Bronze
CUST00415,Priya,Lopez,priya.lopez415@example.com,282-699-6449,2997 Sunset St,Minneapolis,MN,93165,2023-11-26,Bronze
CUST00416,Fatima,Moore,fatima.moore416@example.com,979-372-3595,8121 Pine St,Chicago,IL,21539,2024-04-21,Silver
CUST00417,Hiro,Ramirez,hiro.ramirez417@example.com,639-688-7280,176 Maple St,Boston,MA,79963,2024-09-11,Gold
CUST00418,Mei,Smith,mei.smith418@example.com,529-975-9700,3222 Maple St,Salt Lake City,UT,98702,2023-08-08,Gold
CUST00419,Jessica,Anderson,jessica.anderson419@example.com,552-519-3112,1782 2nd St,San Diego,CA,75973,2025-04-17,Bronze
CUST00420,John,Williams,john.williams420@example.com,497-666-9524,9870 Main St,Atlanta,GA,54280,2026-01-04,Gold
CUST00421,David,Perez,david.perez421@example.com,701-567-4087,2801 Pine St,Salt Lake City,UT,62873,2023-09-08,Bronze
CUST00422,Joseph,Rodriguez,joseph.rodriguez422@example.com,951-222-9267,2868 Maple St,Chicago,IL,58049,2023-10-15,Silver
CUST00423,Lucas,Taylor,lucas.taylor423@example.com,747-838-1796,9830 Maple St,Minneapolis,MN,96765,2024-03-08,Gold
CUST00424,Mary,Brown,mary.brown424@example.com,318-626-8279,6330 Maple St,San Diego,CA,81733,2024-12-29,Silver
CUST00425,Elizabeth,Wilson,elizabeth.wilson425@example.com,902-845-1152,5033 2nd St,San Diego,CA,96725,2024-02-22,Gold
CUST00426,Noah,Moore,noah.moore426@example.com,820-917-3247,6962 Pine St,Columbus,OH,23751,2026-06-12,Gold
CUST00427,Amelia,Davis,amelia.davis427@example.com,316-308-9154,3354 Main St,Atlanta,GA,36181,2025-01-19,Platinum
CUST00428,Noah,Gonzalez,noah.gonzalez428@example.com,920-619-5839,2727 Maple St,Phoenix,AZ,81845,2026-05-12,Bronze
CUST00429,Ivan,Perez,ivan.perez429@example.com,202-213-2458,1909 Pine St,Chicago,IL,85255,2026-05-07,Bronze
CUST00430,Jennifer,Kumar,jennifer.kumar430@example.com,940-940-2659,4292 Cedar St,Denver,CO,40298,2026-02-20,Bronze
CUST00431,Thomas,Robinson,thomas.robinson431@example.com,302-378-1646,4860 Sunset St,Austin,TX,98705,2025-05-01,Silver
CUST00432,Linda,Miller,linda.miller432@example.com,976-246-1158,2367 Cedar St,Nashville,TN,94829,2024-07-14,Bronze
CUST00433,Wei,Lewis,wei.lewis433@example.com,474-950-2522,6205 Pine St,Columbus,OH,54921,2024-08-08,Bronze
CUST00434,Sofia,Sanchez,sofia.sanchez434@example.com,478-594-8835,7009 Cedar St,Portland,OR,31860,2024-03-18,Bronze
CUST00435,Patricia,Hernandez,patricia.hernandez435@example.com,626-804-8908,9421 Cedar St,Denver,CO,67430,2024-08-05,Silver
CUST00436,Carlos,Thompson,carlos.thompson436@example.com,229-900-3140,8014 2nd St,Columbus,OH,24802,2025-11-19,Silver
CUST00437,Robert,Jones,robert.jones437@example.com,870-521-1202,8698 Pine St,Atlanta,GA,85582,2024-10-31,Gold
CUST00438,Arjun,Nakamura,arjun.nakamura438@example.com,904-917-2560,7191 Cedar St,Miami,FL,42581,2026-04-12,Bronze
CUST00439,Ethan,Harris,ethan.harris439@example.com,771-827-1894,290 Cedar St,Seattle,WA,30568,2026-05-31,Platinum
CUST00440,Ivan,Patel,ivan.patel440@example.com,369-276-9055,5353 Oak St,Nashville,TN,53371,2025-02-19,Bronze
CUST00441,Liam,Anderson,liam.anderson441@example.com,858-587-7607,3950 Maple St,Miami,FL,70174,2026-01-25,Platinum
CUST00442,Ava,Lewis,ava.lewis442@example.com,710-657-6178,2044 2nd St,Denver,CO,95638,2023-09-05,Bronze
CUST00443,Sofia,Clark,sofia.clark443@example.com,770-762-1002,1589 Pine St,Austin,TX,89194,2025-04-14,Silver
CUST00444,Olivia,Wilson,olivia.wilson444@example.com,887-667-6584,6053 Pine St,Raleigh,NC,17113,2024-10-29,Platinum
CUST00445,Omar,Perez,omar.perez445@example.com,985-834-8751,6052 Cedar St,Miami,FL,69314,2024-03-20,Bronze
CUST00446,Joseph,Smith,joseph.smith446@example.com,563-848-5783,9073 Main St,Phoenix,AZ,59006,2024-03-04,Bronze
CUST00447,William,Patel,william.patel447@example.com,934-960-7704,1852 Sunset St,Seattle,WA,90065,2024-09-04,Bronze
CUST00448,Linda,Sanchez,linda.sanchez448@example.com,668-395-6536,1865 Pine St,Chicago,IL,64325,2023-11-03,Gold
CUST00449,Sophia,Davis,sophia.davis449@example.com,661-668-9260,2305 2nd St,Minneapolis,MN,10568,2026-07-21,Gold
CUST00450,Patricia,Chen,patricia.chen450@example.com,643-799-8912,8428 Pine St,Salt Lake City,UT,33226,2024-07-20,Gold
CUST00451,David,Miller,david.miller451@example.com,873-814-6273,8359 2nd St,Boston,MA,64875,2024-12-20,Bronze
CUST00452,Sofia,Perez,sofia.perez452@example.com,663-336-3263,6862 Main St,Atlanta,GA,77147,2025-04-03,Platinum
CUST00453,Olivia,Lee,olivia.lee453@example.com,954-766-4560,3391 Oak St,San Diego,CA,91810,2025-03-17,Gold
CUST00454,Wei,Rodriguez,wei.rodriguez454@example.com,865-382-9255,8988 Cedar St,San Diego,CA,93476,2025-05-21,Gold
CUST00455,Linda,Thompson,linda.thompson455@example.com,691-796-7839,8847 Sunset St,Miami,FL,65363,2023-08-26,Silver
CUST00456,Michael,Johnson,michael.johnson456@example.com,348-254-1927,3375 Sunset St,Boston,MA,31094,2025-03-08,Gold
CUST00457,Thomas,Martinez,thomas.martinez457@example.com,263-907-5835,3442 Pine St,Nashville,TN,80932,2023-10-05,Bronze
CUST00458,Fatima,Miller,fatima.miller458@example.com,891-957-4675,9295 2nd St,Columbus,OH,41142,2026-06-11,Platinum
CUST00459,Charles,Brown,charles.brown459@example.com,590-596-7825,5222 Main St,Salt Lake City,UT,17051,2023-08-26,Gold
CUST00460,Thomas,Gonzalez,thomas.gonzalez460@example.com,653-430-7025,9740 Main St,Columbus,OH,89087,2024-09-05,Platinum
CUST00461,Richard,Jackson,richard.jackson461@example.com,381-899-2220,3163 Oak St,Portland,OR,77350,2024-03-31,Silver
CUST00462,Robert,Ramirez,robert.ramirez462@example.com,769-470-3131,2736 Main St,Atlanta,GA,43425,2023-08-11,Bronze
CUST00463,Omar,Martinez,omar.martinez463@example.com,357-530-1833,5034 2nd St,Austin,TX,85061,2025-08-02,Bronze
CUST00464,Priya,Nakamura,priya.nakamura464@example.com,388-733-2117,8376 Oak St,Chicago,IL,64516,2025-11-03,Bronze
CUST00465,Wei,Anderson,wei.anderson465@example.com,418-879-6437,5524 Sunset St,Salt Lake City,UT,48479,2024-10-20,Platinum
CUST00466,Amelia,Nakamura,amelia.nakamura466@example.com,774-970-1144,1979 Cedar St,Portland,OR,55351,2026-01-28,Bronze
CUST00467,Ethan,Thomas,ethan.thomas467@example.com,898-528-7248,1957 2nd St,Austin,TX,43631,2025-03-01,Bronze
CUST00468,Noah,White,noah.white468@example.com,720-656-8975,818 Sunset St,Miami,FL,95397,2024-08-28,Bronze
CUST00469,Liam,Garcia,liam.garcia469@example.com,371-750-9736,220 Cedar St,Denver,CO,18581,2024-10-04,Gold
CUST00470,Lucas,Wilson,lucas.wilson470@example.com,901-634-2702,3468 Main St,Nashville,TN,67047,2023-12-25,Gold
CUST00471,Elizabeth,Johnson,elizabeth.johnson471@example.com,934-539-1620,1533 Maple St,Portland,OR,17113,2024-07-29,Platinum
CUST00472,Thomas,Chen,thomas.chen472@example.com,788-433-5237,6778 2nd St,Denver,CO,69129,2025-11-05,Silver
CUST00473,Priya,Johnson,priya.johnson473@example.com,889-321-9762,196 Cedar St,Boston,MA,91048,2023-12-07,Platinum
CUST00474,Sophia,Williams,sophia.williams474@example.com,274-566-9238,1838 Sunset St,San Diego,CA,99899,2025-04-08,Silver
CUST00475,Jennifer,Jackson,jennifer.jackson475@example.com,648-590-7473,604 2nd St,Minneapolis,MN,30489,2026-07-27,Bronze
CUST00476,David,Sanchez,david.sanchez476@example.com,758-502-3360,4983 Cedar St,Minneapolis,MN,94926,2025-09-02,Bronze
CUST00477,Olivia,Chen,olivia.chen477@example.com,326-242-1082,9483 Main St,Seattle,WA,61653,2024-01-21,Bronze
CUST00478,Susan,Thompson,susan.thompson478@example.com,622-861-9397,2433 Oak St,Chicago,IL,34116,2024-10-25,Silver
CUST00479,Thomas,Gonzalez,thomas.gonzalez479@example.com,385-887-1891,9092 2nd St,Denver,CO,94498,2023-12-27,Bronze
CUST00480,John,Taylor,john.taylor480@example.com,402-943-8982,5520 Sunset St,Denver,CO,26805,2024-11-22,Bronze
CUST00481,Charles,Jones,charles.jones481@example.com,398-525-8960,7483 Sunset St,Salt Lake City,UT,90785,2025-04-17,Gold
CUST00482,Sophia,Martinez,sophia.martinez482@example.com,780-573-6182,7117 Oak St,Columbus,OH,10633,2025-05-02,Bronze
CUST00483,Joseph,Ramirez,joseph.ramirez483@example.com,568-337-6432,7963 2nd St,Atlanta,GA,68373,2025-08-03,Platinum
CUST00484,Karen,Patel,karen.patel484@example.com,311-379-2343,4697 Pine St,Miami,FL,28350,2024-09-05,Bronze
CUST00485,Lucas,Jones,lucas.jones485@example.com,277-219-9309,611 Pine St,San Diego,CA,86269,2025-11-06,Platinum
CUST00486,Sophia,Wilson,sophia.wilson486@example.com,237-764-5269,9004 Main St,Salt Lake City,UT,71879,2024-05-30,Bronze
CUST00487,Sofia,Anderson,sofia.anderson487@example.com,803-950-5767,2293 2nd St,Salt Lake City,UT,75683,2026-06-10,Bronze
CUST00488,Sofia,White,sofia.white488@example.com,210-878-4913,2817 Pine St,Miami,FL,77388,2024-05-13,Silver
CUST00489,William,Lopez,william.lopez489@example.com,779-875-3395,8021 Sunset St,Columbus,OH,15297,2024-10-21,Platinum
CUST00490,Elena,Anderson,elena.anderson490@example.com,470-578-4834,801 Cedar St,Denver,CO,37102,2026-06-25,Platinum
CUST00491,Mei,Harris,mei.harris491@example.com,665-247-1653,5409 Maple St,Portland,OR,78337,2025-02-10,Platinum
CUST00492,Thomas,Ivanov,thomas.ivanov492@example.com,783-378-7171,6301 Sunset St,Miami,FL,87028,2024-01-06,Silver
CUST00493,Thomas,Harris,thomas.harris493@example.com,428-728-7649,5881 Pine St,Salt Lake City,UT,55224,2026-04-23,Platinum
CUST00494,Ivan,Haddad,ivan.haddad494@example.com,713-342-8207,2813 Oak St,Austin,TX,20104,2026-06-18,Gold
CUST00495,Sarah,Wilson,sarah.wilson495@example.com,391-361-6934,9963 Cedar St,Seattle,WA,25509,2024-11-13,Silver
CUST00496,Arjun,Davis,arjun.davis496@example.com,891-690-8848,3552 Main St,Portland,OR,31134,2025-11-18,Bronze
CUST00497,Jessica,Williams,jessica.williams497@example.com,787-806-3639,2307 Cedar St,Seattle,WA,77193,2023-10-19,Silver
CUST00498,Elizabeth,Brown,elizabeth.brown498@example.com,464-384-9464,6742 Main St,Seattle,WA,83872,2023-09-07,Gold
CUST00499,Charles,Garcia,charles.garcia499@example.com,659-821-8723,7991 Oak St,Chicago,IL,38752,2025-11-18,Silver
CUST00500,Elizabeth,Ivanov,elizabeth.ivanov500@example.com,985-386-9369,4433 Oak St,Nashville,TN,99861,2025-07-01,Silver
CUST00501,Mia,Ivanov,mia.ivanov501@example.com,435-587-7315,2266 Maple St,Denver,CO,12170,2024-09-17,Silver
CUST00502,Liam,Clark,liam.clark502@example.com,353-820-2577,3006 2nd St,Nashville,TN,90576,2023-10-18,Platinum
CUST00503,Emma,Kumar,emma.kumar503@example.com,320-295-8901,2235 Main St,Minneapolis,MN,80685,2023-08-02,Platinum
CUST00504,Ethan,Ramirez,ethan.ramirez504@example.com,630-579-1711,8780 2nd St,Miami,FL,40079,2026-04-13,Platinum
CUST00505,Carlos,Thompson,carlos.thompson505@example.com,959-979-2600,7071 Oak St,Columbus,OH,43360,2026-04-03,Platinum
CUST00506,Joseph,Garcia,joseph.garcia506@example.com,812-756-7695,4323 Oak St,Atlanta,GA,10716,2023-08-14,Silver
CUST00507,Noah,Davis,noah.davis507@example.com,207-584-4365,5275 2nd St,Miami,FL,57483,2024-03-05,Bronze
CUST00508,Hiro,Ivanov,hiro.ivanov508@example.com,467-748-7939,9351 Sunset St,Atlanta,GA,90200,2025-02-14,Gold
CUST00509,Sofia,Wilson,sofia.wilson509@example.com,765-770-8904,3028 Sunset St,Boston,MA,83281,2026-04-16,Bronze
CUST00510,Karen,Novak,karen.novak510@example.com,922-607-3262,2051 Cedar St,Phoenix,AZ,40116,2026-01-30,Platinum
CUST00511,William,Miller,william.miller511@example.com,720-610-6544,9120 Main St,Chicago,IL,99727,2023-11-14,Bronze
CUST00512,Carlos,Smith,carlos.smith512@example.com,293-348-8727,9934 2nd St,Minneapolis,MN,21552,2023-12-09,Bronze
CUST00513,Joseph,White,joseph.white513@example.com,823-238-7296,6664 Main St,Denver,CO,96006,2026-07-02,Bronze
CUST00514,Mia,Brown,mia.brown514@example.com,379-855-9099,7292 Maple St,Minneapolis,MN,36438,2026-06-26,Bronze
CUST00515,Richard,Williams,richard.williams515@example.com,813-722-9451,3895 Main St,Minneapolis,MN,32214,2023-10-12,Bronze
CUST00516,Jessica,Smith,jessica.smith516@example.com,288-482-7544,5885 Cedar St,Seattle,WA,61792,2025-11-07,Silver
CUST00517,Richard,Nakamura,richard.nakamura517@example.com,954-920-2124,1577 Main St,Austin,TX,47289,2025-07-12,Bronze
CUST00518,Sarah,Anderson,sarah.anderson518@example.com,399-665-7618,9519 Maple St,Columbus,OH,44223,2024-07-23,Silver
CUST00519,Liam,Miller,liam.miller519@example.com,274-715-5821,5670 Maple St,Miami,FL,77277,2025-01-08,Silver
CUST00520,Ava,Taylor,ava.taylor520@example.com,653-586-8923,4085 Pine St,San Diego,CA,54520,2026-02-24,Gold
CUST00521,Omar,Ivanov,omar.ivanov521@example.com,228-693-2904,4324 Maple St,Nashville,TN,60157,2024-10-24,Gold
CUST00522,Joseph,Lee,joseph.lee522@example.com,561-728-9776,259 Cedar St,Boston,MA,44517,2024-12-20,Bronze
CUST00523,Jennifer,Sanchez,jennifer.sanchez523@example.com,966-550-2245,9185 Oak St,Raleigh,NC,72463,2025-05-03,Bronze
CUST00524,Susan,Novak,susan.novak524@example.com,387-964-4115,8275 Cedar St,Atlanta,GA,36170,2024-11-22,Gold
CUST00525,Jessica,Taylor,jessica.taylor525@example.com,434-407-5091,5933 Oak St,Chicago,IL,23983,2024-04-01,Bronze
CUST00526,Elena,Smith,elena.smith526@example.com,754-243-8901,6181 Main St,Minneapolis,MN,51342,2026-05-04,Silver
CUST00527,Sarah,Patel,sarah.patel527@example.com,982-723-5591,6618 Oak St,Seattle,WA,85584,2024-04-18,Bronze
CUST00528,Noah,Ramirez,noah.ramirez528@example.com,753-233-9232,5789 2nd St,Portland,OR,99959,2024-07-22,Silver
CUST00529,Linda,Nakamura,linda.nakamura529@example.com,523-905-1137,293 Cedar St,Portland,OR,37623,2025-09-15,Silver
CUST00530,Michael,Lee,michael.lee530@example.com,827-465-4066,9087 Sunset St,Phoenix,AZ,41082,2025-02-01,Silver
CUST00531,Amelia,Perez,amelia.perez531@example.com,388-710-7945,3549 2nd St,Phoenix,AZ,58799,2025-08-16,Platinum
CUST00532,Sofia,Moore,sofia.moore532@example.com,384-785-3148,9535 Cedar St,Portland,OR,39958,2024-02-20,Gold
CUST00533,Sarah,Thomas,sarah.thomas533@example.com,642-590-4212,2489 Pine St,Miami,FL,29601,2026-03-25,Platinum
CUST00534,James,Lopez,james.lopez534@example.com,711-337-9470,8848 Cedar St,Boston,MA,51383,2026-04-22,Bronze
CUST00535,Thomas,Chen,thomas.chen535@example.com,781-248-7527,1721 Cedar St,Nashville,TN,31409,2023-11-30,Bronze
CUST00536,Thomas,Walker,thomas.walker536@example.com,844-298-8370,5583 Sunset St,Nashville,TN,57312,2025-08-06,Silver
CUST00537,Olivia,Taylor,olivia.taylor537@example.com,220-621-2986,5852 Pine St,Phoenix,AZ,99074,2024-09-10,Silver
CUST00538,Ava,Kim,ava.kim538@example.com,491-563-6326,8463 2nd St,Seattle,WA,68580,2024-01-07,Silver
CUST00539,Amelia,Jackson,amelia.jackson539@example.com,846-348-3745,5627 2nd St,Portland,OR,92742,2025-11-05,Platinum
CUST00540,John,Garcia,john.garcia540@example.com,551-433-6136,5291 Cedar St,Seattle,WA,48188,2025-01-28,Silver
CUST00541,Ethan,Sanchez,ethan.sanchez541@example.com,655-571-9535,7477 2nd St,Atlanta,GA,31930,2024-08-10,Platinum
CUST00542,Mary,Rodriguez,mary.rodriguez542@example.com,440-877-5122,1411 Oak St,San Diego,CA,31877,2025-10-21,Bronze
CUST00543,Michael,Jones,michael.jones543@example.com,684-761-1881,531 Pine St,Salt Lake City,UT,62037,2026-07-08,Platinum
CUST00544,Jennifer,Miller,jennifer.miller544@example.com,832-359-2381,6487 Sunset St,Atlanta,GA,40062,2024-12-18,Gold
CUST00545,Charles,Lewis,charles.lewis545@example.com,329-334-9630,2895 Maple St,Raleigh,NC,14607,2025-07-30,Platinum
CUST00546,Priya,Walker,priya.walker546@example.com,753-478-9987,7388 Oak St,Portland,OR,80685,2024-07-27,Silver
CUST00547,Mia,Robinson,mia.robinson547@example.com,966-851-8126,8676 Cedar St,Raleigh,NC,93824,2026-07-28,Bronze
CUST00548,Wei,Walker,wei.walker548@example.com,432-291-8239,5144 Sunset St,Miami,FL,64028,2025-01-13,Bronze
CUST00549,Karen,Smith,karen.smith549@example.com,735-976-3233,5734 Sunset St,Austin,TX,71498,2023-08-17,Gold
CUST00550,Elena,Walker,elena.walker550@example.com,209-984-8052,4899 Main St,Atlanta,GA,40305,2023-08-14,Silver
CUST00551,Mei,Gonzalez,mei.gonzalez551@example.com,774-647-7467,4194 Oak St,Boston,MA,94671,2025-10-06,Platinum
CUST00552,Carlos,Anderson,carlos.anderson552@example.com,281-632-4924,8564 Pine St,Atlanta,GA,90375,2025-02-06,Bronze
CUST00553,Ethan,Kim,ethan.kim553@example.com,475-622-4080,1221 Oak St,Minneapolis,MN,27907,2025-03-15,Bronze
CUST00554,Lucas,Robinson,lucas.robinson554@example.com,663-478-9060,3176 Sunset St,Columbus,OH,12542,2024-06-06,Bronze
CUST00555,Emma,Johnson,emma.johnson555@example.com,304-488-5410,2148 Cedar St,Seattle,WA,67464,2023-08-16,Bronze
CUST00556,Jennifer,Martinez,jennifer.martinez556@example.com,705-422-6601,6985 Sunset St,Austin,TX,75325,2025-08-29,Silver
CUST00557,Robert,Perez,robert.perez557@example.com,968-349-1918,4466 Pine St,Denver,CO,61435,2023-12-24,Silver
CUST00558,Ivan,Lopez,ivan.lopez558@example.com,456-590-1206,2098 Pine St,Chicago,IL,42631,2025-09-26,Platinum
CUST00559,Fatima,Thomas,fatima.thomas559@example.com,234-403-8550,1639 Main St,San Diego,CA,97294,2024-09-29,Silver
CUST00560,Carlos,Martin,carlos.martin560@example.com,530-362-1691,9104 Main St,Salt Lake City,UT,26009,2024-12-30,Silver
CUST00561,Lucas,Martin,lucas.martin561@example.com,569-253-4568,1950 Oak St,Chicago,IL,92956,2026-01-05,Bronze
CUST00562,James,Hernandez,james.hernandez562@example.com,482-798-2960,6584 Pine St,Minneapolis,MN,41862,2023-08-18,Bronze
CUST00563,Sophia,Walker,sophia.walker563@example.com,810-358-7084,1566 Oak St,San Diego,CA,30669,2026-05-19,Bronze
CUST00564,Amelia,Perez,amelia.perez564@example.com,977-840-1983,1079 Sunset St,Salt Lake City,UT,94485,2024-06-10,Gold
CUST00565,Emma,Miller,emma.miller565@example.com,699-438-6189,9248 Pine St,Seattle,WA,94495,2025-07-11,Platinum
CUST00566,Fatima,Gonzalez,fatima.gonzalez566@example.com,905-586-6868,2307 Sunset St,Austin,TX,15175,2026-04-19,Gold
CUST00567,Fatima,Chen,fatima.chen567@example.com,755-913-9029,3209 Main St,Atlanta,GA,34461,2025-07-12,Bronze
CUST00568,Omar,Moore,omar.moore568@example.com,813-767-3627,1228 Main St,Nashville,TN,30319,2026-02-05,Bronze
CUST00569,Thomas,Kim,thomas.kim569@example.com,664-200-9289,6310 Cedar St,Phoenix,AZ,34318,2023-09-07,Silver
CUST00570,Mei,Thomas,mei.thomas570@example.com,938-264-9830,6448 Oak St,Phoenix,AZ,78690,2026-05-14,Platinum
CUST00571,Olivia,Martinez,olivia.martinez571@example.com,489-530-7714,5376 Maple St,Columbus,OH,22616,2026-07-06,Gold
CUST00572,John,Williams,john.williams572@example.com,332-382-1512,3410 Maple St,Nashville,TN,73618,2024-08-26,Bronze
CUST00573,Robert,Novak,robert.novak573@example.com,597-873-9026,8715 Main St,Raleigh,NC,87371,2025-01-05,Bronze
CUST00574,Mei,Anderson,mei.anderson574@example.com,935-272-1214,3519 Cedar St,Columbus,OH,74409,2024-01-10,Silver
CUST00575,Lucas,Brown,lucas.brown575@example.com,771-961-7814,6146 Pine St,Phoenix,AZ,17641,2025-01-25,Silver
CUST00576,Robert,Jones,robert.jones576@example.com,511-279-4537,8611 Maple St,Nashville,TN,23267,2024-11-15,Silver
CUST00577,Carlos,Gonzalez,carlos.gonzalez577@example.com,738-872-5075,9439 Cedar St,Chicago,IL,33448,2025-11-27,Gold
CUST00578,Michael,Novak,michael.novak578@example.com,890-669-7997,1805 Oak St,Phoenix,AZ,33644,2025-10-30,Silver
CUST00579,Arjun,Hernandez,arjun.hernandez579@example.com,814-653-6772,5263 Main St,Miami,FL,52553,2025-08-30,Silver
CUST00580,Lucas,Ramirez,lucas.ramirez580@example.com,943-531-4943,9326 Main St,Nashville,TN,38039,2025-09-06,Platinum
CUST00581,Olivia,Taylor,olivia.taylor581@example.com,663-658-7505,103 Cedar St,Phoenix,AZ,14543,2025-03-04,Silver
CUST00582,Mary,Nakamura,mary.nakamura582@example.com,509-206-5920,3735 Oak St,Seattle,WA,51275,2023-09-13,Platinum
CUST00583,Sarah,Chen,sarah.chen583@example.com,769-784-3534,1644 Maple St,Miami,FL,70341,2025-07-28,Bronze
CUST00584,David,Taylor,david.taylor584@example.com,796-455-4817,4298 Pine St,Phoenix,AZ,49361,2024-02-04,Silver
CUST00585,Sofia,Novak,sofia.novak585@example.com,422-951-2264,5419 Pine St,Salt Lake City,UT,73246,2024-07-19,Silver
CUST00586,Ava,Miller,ava.miller586@example.com,857-507-1612,9541 2nd St,Columbus,OH,20286,2023-11-22,Platinum
CUST00587,Arjun,Thompson,arjun.thompson587@example.com,644-626-2974,3814 Cedar St,Salt Lake City,UT,95561,2023-08-23,Gold
CUST00588,Lucas,Harris,lucas.harris588@example.com,512-736-1674,5331 Main St,Austin,TX,84044,2024-06-01,Bronze
CUST00589,Liam,Anderson,liam.anderson589@example.com,251-889-7436,7400 Pine St,Seattle,WA,88005,2026-05-29,Bronze
CUST00590,Joseph,Ramirez,joseph.ramirez590@example.com,603-351-3165,5607 Maple St,Atlanta,GA,72371,2023-11-08,Silver
CUST00591,Sofia,Taylor,sofia.taylor591@example.com,608-713-8118,2236 Pine St,Denver,CO,27677,2026-04-10,Silver
CUST00592,Richard,Patel,richard.patel592@example.com,867-785-4212,9294 Main St,Boston,MA,78714,2024-12-16,Bronze
CUST00593,John,Moore,john.moore593@example.com,640-531-2467,1943 Cedar St,Minneapolis,MN,64209,2025-12-14,Bronze
CUST00594,Wei,Gonzalez,wei.gonzalez594@example.com,552-808-1396,5094 Oak St,Phoenix,AZ,55838,2026-01-21,Silver
CUST00595,Elizabeth,Lewis,elizabeth.lewis595@example.com,439-404-7124,2655 Pine St,Austin,TX,21247,2024-03-17,Gold
CUST00596,Patricia,Thomas,patricia.thomas596@example.com,351-494-1225,5724 Cedar St,Columbus,OH,24585,2025-04-15,Silver
CUST00597,Ivan,Johnson,ivan.johnson597@example.com,414-957-9814,3571 Oak St,Phoenix,AZ,81620,2026-07-06,Platinum
CUST00598,Thomas,Chen,thomas.chen598@example.com,837-947-3315,401 2nd St,Portland,OR,86415,2026-07-13,Bronze
CUST00599,Thomas,Hernandez,thomas.hernandez599@example.com,490-405-5444,969 2nd St,Austin,TX,95820,2023-08-17,Bronze
CUST00600,Carlos,Moore,carlos.moore600@example.com,875-568-2767,412 Sunset St,Raleigh,NC,95119,2025-09-29,Bronze
CUST00601,Carlos,Kumar,carlos.kumar601@example.com,301-523-8940,9882 Main St,San Diego,CA,21537,2024-08-15,Bronze
CUST00602,Liam,Robinson,liam.robinson602@example.com,929-222-1651,4153 Main St,Miami,FL,49967,2025-06-13,Silver
CUST00603,Sofia,Hernandez,sofia.hernandez603@example.com,555-900-6765,5922 Cedar St,Austin,TX,49626,2024-11-25,Silver
CUST00604,Sarah,Brown,sarah.brown604@example.com,463-596-1482,9192 Sunset St,Raleigh,NC,39567,2024-06-05,Bronze
CUST00605,Sofia,Rodriguez,sofia.rodriguez605@example.com,947-591-9531,3826 2nd St,Denver,CO,41504,2024-06-07,Silver
CUST00606,Karen,Haddad,karen.haddad606@example.com,659-755-3158,3487 Cedar St,Phoenix,AZ,28163,2024-09-17,Platinum
CUST00607,David,Martin,david.martin607@example.com,922-736-3215,7146 Pine St,San Diego,CA,29025,2024-06-18,Bronze
CUST00608,John,Chen,john.chen608@example.com,936-321-4016,5303 Pine St,Miami,FL,29073,2023-09-29,Platinum
CUST00609,Priya,Clark,priya.clark609@example.com,510-653-5485,2589 Pine St,Boston,MA,34632,2024-03-05,Bronze
CUST00610,Barbara,Johnson,barbara.johnson610@example.com,826-831-5372,9390 Main St,Minneapolis,MN,40266,2024-11-17,Bronze
CUST00611,Mary,Thompson,mary.thompson611@example.com,904-688-3196,8330 Pine St,Denver,CO,89260,2026-03-17,Gold
CUST00612,Ethan,White,ethan.white612@example.com,596-703-8763,2353 Oak St,Seattle,WA,35330,2024-11-05,Bronze
CUST00613,Yuki,Smith,yuki.smith613@example.com,476-622-4646,3423 Pine St,Salt Lake City,UT,36812,2023-12-13,Bronze
CUST00614,Fatima,Patel,fatima.patel614@example.com,532-668-5043,7105 2nd St,San Diego,CA,15482,2025-09-17,Gold
CUST00615,Priya,Sanchez,priya.sanchez615@example.com,960-785-9784,8705 Cedar St,Columbus,OH,15047,2026-07-01,Bronze
CUST00616,Fatima,Robinson,fatima.robinson616@example.com,243-451-9498,8912 2nd St,Nashville,TN,15144,2025-10-01,Silver
CUST00617,Lucas,Brown,lucas.brown617@example.com,498-650-7521,5089 Pine St,Chicago,IL,47475,2026-03-01,Bronze
CUST00618,Hiro,Jackson,hiro.jackson618@example.com,255-906-9470,2430 2nd St,Columbus,OH,94685,2026-02-10,Bronze
CUST00619,Liam,Davis,liam.davis619@example.com,799-912-9952,2316 2nd St,Seattle,WA,64206,2025-05-23,Silver
CUST00620,Mary,Lopez,mary.lopez620@example.com,804-929-4308,7549 Maple St,Portland,OR,42778,2025-05-24,Gold
CUST00621,Ethan,Hernandez,ethan.hernandez621@example.com,950-326-2494,1970 Cedar St,San Diego,CA,68903,2025-08-12,Bronze
CUST00622,Noah,Harris,noah.harris622@example.com,723-826-3619,6304 Main St,San Diego,CA,59886,2023-10-28,Platinum
CUST00623,William,Perez,william.perez623@example.com,875-353-3656,2469 Oak St,Columbus,OH,16725,2025-12-06,Bronze
CUST00624,Karen,Lewis,karen.lewis624@example.com,841-385-2926,2255 Oak St,Atlanta,GA,10463,2024-12-30,Bronze
CUST00625,Omar,Patel,omar.patel625@example.com,710-756-1094,8184 Oak St,Nashville,TN,38426,2026-03-31,Silver
CUST00626,Yuki,Lewis,yuki.lewis626@example.com,815-814-1107,4109 Main St,Denver,CO,46452,2024-09-28,Bronze
CUST00627,Barbara,Martinez,barbara.martinez627@example.com,868-557-1601,2481 Pine St,Austin,TX,14250,2025-04-02,Bronze
CUST00628,Jennifer,Brown,jennifer.brown628@example.com,626-382-3643,4759 Main St,Denver,CO,96628,2024-07-28,Silver
CUST00629,Sophia,White,sophia.white629@example.com,236-295-5903,5389 Sunset St,Salt Lake City,UT,59668,2023-12-16,Platinum
CUST00630,Hiro,Chen,hiro.chen630@example.com,499-682-3204,2099 Cedar St,Denver,CO,45968,2025-06-04,Silver
CUST00631,Yuki,Nakamura,yuki.nakamura631@example.com,912-414-1953,1890 Main St,Chicago,IL,92441,2026-07-18,Bronze
CUST00632,Ivan,Haddad,ivan.haddad632@example.com,923-494-7996,5285 Sunset St,Salt Lake City,UT,78864,2025-07-24,Bronze
CUST00633,Amelia,Novak,amelia.novak633@example.com,732-946-9154,8169 Pine St,Portland,OR,33580,2024-11-18,Gold
CUST00634,Charles,Gonzalez,charles.gonzalez634@example.com,321-224-8616,2032 Cedar St,Austin,TX,37175,2025-11-26,Silver
CUST00635,Robert,Perez,robert.perez635@example.com,773-852-4478,285 Cedar St,Phoenix,AZ,36370,2025-02-26,Bronze
CUST00636,John,Martin,john.martin636@example.com,718-763-6307,200 Maple St,Atlanta,GA,99893,2025-06-12,Bronze
CUST00637,Sofia,Novak,sofia.novak637@example.com,229-379-4178,5515 Pine St,Columbus,OH,54294,2026-04-07,Silver
CUST00638,Robert,Rodriguez,robert.rodriguez638@example.com,359-842-8546,8897 Sunset St,Portland,OR,70616,2025-11-24,Gold
CUST00639,Patricia,Nakamura,patricia.nakamura639@example.com,778-942-6169,9196 Main St,Atlanta,GA,12453,2024-09-29,Silver
CUST00640,Arjun,Thompson,arjun.thompson640@example.com,352-487-1510,5656 2nd St,Denver,CO,92118,2026-07-29,Platinum
CUST00641,William,Novak,william.novak641@example.com,598-391-2914,5150 Cedar St,Columbus,OH,51222,2023-10-03,Bronze
CUST00642,Yuki,Garcia,yuki.garcia642@example.com,443-580-8404,5058 Oak St,Portland,OR,78825,2025-04-10,Bronze
CUST00643,Linda,White,linda.white643@example.com,238-406-2517,7370 Main St,Minneapolis,MN,13268,2026-04-14,Silver
CUST00644,Elizabeth,Gonzalez,elizabeth.gonzalez644@example.com,695-950-9579,5184 Pine St,Phoenix,AZ,52904,2024-05-19,Platinum
CUST00645,Michael,Nakamura,michael.nakamura645@example.com,335-410-1598,7626 2nd St,Raleigh,NC,78464,2024-03-24,Bronze
CUST00646,Karen,Williams,karen.williams646@example.com,808-289-6460,7749 Maple St,Raleigh,NC,23513,2026-07-01,Platinum
CUST00647,Karen,Johnson,karen.johnson647@example.com,976-519-4438,5357 Oak St,Columbus,OH,35237,2025-03-08,Bronze
CUST00648,Emma,Lee,emma.lee648@example.com,651-887-2927,4567 Oak St,Minneapolis,MN,30643,2025-02-10,Bronze
CUST00649,James,Chen,james.chen649@example.com,304-411-9888,5839 Main St,Miami,FL,51744,2025-02-05,Bronze
CUST00650,Charles,Novak,charles.novak650@example.com,375-272-6101,5649 Main St,Chicago,IL,68149,2023-11-11,Bronze
CUST00651,Mary,Walker,mary.walker651@example.com,891-251-2735,6384 Maple St,Salt Lake City,UT,21287,2025-12-20,Silver
CUST00652,Barbara,Haddad,barbara.haddad652@example.com,806-844-8304,5926 Sunset St,Salt Lake City,UT,53559,2024-09-08,Gold
CUST00653,Emma,Garcia,emma.garcia653@example.com,973-982-8629,9402 Oak St,Salt Lake City,UT,22178,2026-03-16,Bronze
CUST00654,Omar,Martin,omar.martin654@example.com,859-927-8625,7809 Oak St,Raleigh,NC,39333,2024-05-20,Platinum
CUST00655,Amelia,Taylor,amelia.taylor655@example.com,572-601-4004,5512 Pine St,Salt Lake City,UT,52567,2026-02-13,Silver
CUST00656,Mary,Jones,mary.jones656@example.com,315-559-8842,7656 Pine St,Portland,OR,32387,2025-02-28,Platinum
CUST00657,Wei,Haddad,wei.haddad657@example.com,330-720-2686,6746 Pine St,Columbus,OH,24022,2025-05-28,Silver
CUST00658,Ethan,Jones,ethan.jones658@example.com,509-745-8552,6666 Main St,Minneapolis,MN,64190,2024-11-30,Silver
CUST00659,Jessica,Chen,jessica.chen659@example.com,693-593-2082,5682 Oak St,Seattle,WA,87459,2025-12-29,Platinum
CUST00660,Hiro,Novak,hiro.novak660@example.com,550-757-4869,2935 Cedar St,Minneapolis,MN,97766,2024-01-06,Gold
CUST00661,Ava,Patel,ava.patel661@example.com,806-810-8584,5430 Main St,Denver,CO,22799,2026-01-27,Bronze
CUST00662,Karen,Sanchez,karen.sanchez662@example.com,812-311-7208,5464 2nd St,Denver,CO,94540,2023-12-03,Bronze
CUST00663,Susan,Rodriguez,susan.rodriguez663@example.com,794-973-1003,2503 Cedar St,Salt Lake City,UT,29558,2026-02-12,Silver
CUST00664,Charles,Harris,charles.harris664@example.com,791-657-4205,3469 Cedar St,Columbus,OH,51497,2025-04-04,Silver
CUST00665,Karen,Ramirez,karen.ramirez665@example.com,552-291-1133,8462 2nd St,San Diego,CA,26718,2025-03-24,Bronze
CUST00666,Mei,Chen,mei.chen666@example.com,200-920-6885,1897 Pine St,Austin,TX,46989,2023-10-02,Bronze
CUST00667,Hiro,Ivanov,hiro.ivanov667@example.com,840-525-7271,6752 2nd St,Boston,MA,67041,2024-10-05,Gold
CUST00668,Barbara,Walker,barbara.walker668@example.com,392-768-7301,6002 Pine St,Seattle,WA,64687,2024-06-10,Bronze
CUST00669,David,Rodriguez,david.rodriguez669@example.com,273-863-1257,2459 Cedar St,Austin,TX,73792,2026-01-10,Bronze
CUST00670,Jennifer,Rodriguez,jennifer.rodriguez670@example.com,625-666-7974,3045 2nd St,Raleigh,NC,76770,2025-12-15,Silver
CUST00671,Fatima,Harris,fatima.harris671@example.com,431-390-7959,221 Main St,Phoenix,AZ,75294,2024-11-26,Gold
CUST00672,Liam,Moore,liam.moore672@example.com,759-790-7012,648 Maple St,Boston,MA,84468,2026-04-15,Gold
CUST00673,Mei,Davis,mei.davis673@example.com,693-907-2311,2427 Cedar St,Columbus,OH,78997,2025-02-22,Silver
CUST00674,Noah,Garcia,noah.garcia674@example.com,824-290-5017,7840 Cedar St,Miami,FL,96997,2024-01-06,Gold
CUST00675,Lucas,Kim,lucas.kim675@example.com,793-519-1864,5728 Main St,Minneapolis,MN,11413,2026-03-17,Silver
CUST00676,Liam,Walker,liam.walker676@example.com,951-539-7897,5882 Pine St,Columbus,OH,48616,2025-03-14,Bronze
CUST00677,Robert,Haddad,robert.haddad677@example.com,511-944-5267,1106 Cedar St,San Diego,CA,72018,2024-07-11,Silver
CUST00678,Patricia,Jackson,patricia.jackson678@example.com,955-839-1447,4799 2nd St,Minneapolis,MN,20814,2024-04-15,Silver
CUST00679,John,Moore,john.moore679@example.com,335-830-5603,4609 Pine St,Atlanta,GA,43679,2023-08-29,Gold
CUST00680,Linda,Haddad,linda.haddad680@example.com,805-956-3476,7417 Sunset St,Seattle,WA,32989,2025-01-16,Platinum
CUST00681,Jessica,Patel,jessica.patel681@example.com,740-233-6617,1482 Oak St,Seattle,WA,88059,2024-06-10,Platinum
CUST00682,Elena,Clark,elena.clark682@example.com,592-443-8211,2840 Oak St,Minneapolis,MN,85727,2025-07-06,Bronze
CUST00683,Ethan,Taylor,ethan.taylor683@example.com,318-253-3745,7702 2nd St,Minneapolis,MN,72420,2025-04-08,Silver
CUST00684,Emma,Anderson,emma.anderson684@example.com,899-922-7390,7875 Sunset St,Boston,MA,29025,2026-07-21,Platinum
CUST00685,Hiro,Smith,hiro.smith685@example.com,659-591-6172,8787 Cedar St,Atlanta,GA,15376,2024-02-15,Silver
CUST00686,Lucas,Thompson,lucas.thompson686@example.com,642-825-5466,5588 Sunset St,Nashville,TN,45007,2024-02-17,Bronze
CUST00687,Ethan,Ivanov,ethan.ivanov687@example.com,672-891-4961,9745 Pine St,Boston,MA,35549,2026-06-29,Bronze
CUST00688,Barbara,Lee,barbara.lee688@example.com,210-888-1138,1213 Maple St,Miami,FL,63903,2024-02-16,Silver
CUST00689,Michael,Lewis,michael.lewis689@example.com,424-942-5641,4227 Oak St,Phoenix,AZ,14461,2023-09-17,Silver
CUST00690,Jennifer,Brown,jennifer.brown690@example.com,872-422-2995,2065 Maple St,Columbus,OH,89257,2024-04-22,Silver
CUST00691,Ethan,Novak,ethan.novak691@example.com,389-313-4018,4250 Sunset St,Minneapolis,MN,71204,2024-01-02,Gold
CUST00692,Omar,Moore,omar.moore692@example.com,637-908-6298,4316 Oak St,Minneapolis,MN,19698,2025-02-17,Platinum
CUST00693,Patricia,Harris,patricia.harris693@example.com,540-261-5230,4436 Oak St,Boston,MA,67747,2023-12-20,Silver
CUST00694,Richard,Sanchez,richard.sanchez694@example.com,860-703-2776,2457 Main St,Seattle,WA,66525,2024-10-20,Silver
CUST00695,Ethan,Miller,ethan.miller695@example.com,652-932-5243,1792 Maple St,Salt Lake City,UT,19557,2023-12-22,Silver
CUST00696,Thomas,Lewis,thomas.lewis696@example.com,709-352-1014,719 Cedar St,Austin,TX,61181,2025-01-26,Bronze
CUST00697,Arjun,Sanchez,arjun.sanchez697@example.com,203-727-9039,7933 2nd St,Columbus,OH,62941,2023-12-21,Silver
CUST00698,Joseph,Smith,joseph.smith698@example.com,905-693-2985,9393 Main St,Boston,MA,57044,2025-06-12,Gold
CUST00699,Karen,Sanchez,karen.sanchez699@example.com,847-862-2485,6085 Main St,Austin,TX,54572,2024-01-11,Platinum
CUST00700,Omar,Jackson,omar.jackson700@example.com,407-380-1644,6394 Cedar St,Raleigh,NC,35035,2025-04-03,Gold
CUST00701,Carlos,Miller,carlos.miller701@example.com,905-567-8970,1490 Cedar St,Raleigh,NC,67407,2024-08-22,Bronze
CUST00702,Robert,Gonzalez,robert.gonzalez702@example.com,937-807-4907,8115 2nd St,Austin,TX,18256,2025-04-21,Silver
CUST00703,Emma,Lewis,emma.lewis703@example.com,237-547-1918,5633 Pine St,Austin,TX,15611,2025-11-07,Bronze
CUST00704,Susan,Nakamura,susan.nakamura704@example.com,894-749-3440,9592 Oak St,Portland,OR,19441,2023-10-14,Gold
CUST00705,Elizabeth,Patel,elizabeth.patel705@example.com,219-682-1750,4076 Cedar St,Raleigh,NC,95037,2024-04-23,Bronze
CUST00706,Barbara,Brown,barbara.brown706@example.com,514-299-8474,2896 Pine St,Salt Lake City,UT,87469,2023-12-08,Platinum
CUST00707,Michael,Davis,michael.davis707@example.com,809-830-4613,1133 Pine St,Portland,OR,36560,2025-12-19,Bronze
CUST00708,Sofia,Lee,sofia.lee708@example.com,900-789-9943,2350 Sunset St,Denver,CO,37948,2023-11-01,Silver
CUST00709,Barbara,Perez,barbara.perez709@example.com,323-480-3314,6901 Oak St,Denver,CO,58487,2024-07-02,Silver
CUST00710,Jessica,Ivanov,jessica.ivanov710@example.com,336-302-7162,2684 Maple St,Austin,TX,73827,2024-01-12,Bronze
CUST00711,James,Lopez,james.lopez711@example.com,291-923-5648,6919 Cedar St,Salt Lake City,UT,72391,2024-04-15,Bronze
CUST00712,Elizabeth,Moore,elizabeth.moore712@example.com,661-621-4919,2959 Main St,Miami,FL,14931,2024-08-02,Gold
CUST00713,Elena,Garcia,elena.garcia713@example.com,508-556-7861,174 Main St,Raleigh,NC,40885,2024-08-27,Bronze
CUST00714,Noah,Miller,noah.miller714@example.com,570-979-9842,8415 Oak St,Columbus,OH,70845,2024-09-29,Bronze
CUST00715,Patricia,Gonzalez,patricia.gonzalez715@example.com,352-901-8772,8251 Oak St,Denver,CO,30940,2023-10-27,Bronze
CUST00716,Ethan,White,ethan.white716@example.com,414-645-5118,5577 Main St,Atlanta,GA,69394,2023-10-27,Bronze
CUST00717,Patricia,Kim,patricia.kim717@example.com,361-229-8947,8536 Maple St,Seattle,WA,19287,2024-11-23,Gold
CUST00718,Fatima,Ivanov,fatima.ivanov718@example.com,533-629-4256,5436 Oak St,Columbus,OH,24435,2025-05-28,Bronze
CUST00719,Michael,Thomas,michael.thomas719@example.com,622-404-7152,3715 Maple St,San Diego,CA,71733,2026-04-18,Bronze
CUST00720,Hiro,Martinez,hiro.martinez720@example.com,824-665-3917,6446 Sunset St,Chicago,IL,27878,2026-02-22,Gold
CUST00721,Richard,Thompson,richard.thompson721@example.com,407-543-3084,625 Cedar St,Atlanta,GA,84536,2023-11-30,Bronze
CUST00722,David,Davis,david.davis722@example.com,676-669-7852,2904 Pine St,Nashville,TN,55033,2024-10-23,Bronze
CUST00723,Mia,Hernandez,mia.hernandez723@example.com,853-826-3784,9571 Main St,Minneapolis,MN,40107,2024-01-24,Silver
CUST00724,Noah,Patel,noah.patel724@example.com,421-805-8757,7681 Sunset St,Nashville,TN,11901,2025-12-23,Gold
CUST00725,Jessica,Thomas,jessica.thomas725@example.com,644-793-4643,9795 Oak St,Phoenix,AZ,85196,2023-08-10,Silver
CUST00726,Robert,Williams,robert.williams726@example.com,951-987-9261,650 2nd St,Portland,OR,79615,2025-10-15,Silver
CUST00727,Michael,Lewis,michael.lewis727@example.com,446-285-1203,6762 Oak St,Portland,OR,27394,2025-08-03,Bronze
CUST00728,Jessica,Garcia,jessica.garcia728@example.com,691-885-5994,2750 Cedar St,Austin,TX,70199,2023-09-18,Silver
CUST00729,Omar,Rodriguez,omar.rodriguez729@example.com,920-615-4030,6168 Cedar St,Nashville,TN,70856,2023-08-02,Platinum
CUST00730,Lucas,Jones,lucas.jones730@example.com,907-540-9698,635 Sunset St,Boston,MA,65823,2025-02-02,Gold
CUST00731,Amelia,Kim,amelia.kim731@example.com,412-901-2326,5600 Cedar St,Columbus,OH,17184,2026-06-19,Gold
CUST00732,Mei,Brown,mei.brown732@example.com,592-574-8624,769 Sunset St,Denver,CO,58029,2024-07-23,Gold
CUST00733,Olivia,Jones,olivia.jones733@example.com,926-409-3267,5587 Oak St,Miami,FL,80730,2024-03-19,Gold
CUST00734,Ivan,Ivanov,ivan.ivanov734@example.com,919-414-4693,5350 Sunset St,Nashville,TN,45043,2026-05-27,Gold
CUST00735,Hiro,Moore,hiro.moore735@example.com,264-581-6656,7512 2nd St,Austin,TX,75726,2026-07-13,Platinum
CUST00736,Linda,Walker,linda.walker736@example.com,744-894-9730,4888 2nd St,San Diego,CA,91389,2025-08-22,Platinum
CUST00737,John,Gonzalez,john.gonzalez737@example.com,668-289-2313,6500 Oak St,Salt Lake City,UT,47797,2024-01-04,Bronze
CUST00738,William,Moore,william.moore738@example.com,913-351-9131,2565 Pine St,Denver,CO,36772,2026-07-01,Gold
CUST00739,Mary,Jackson,mary.jackson739@example.com,898-754-3163,7864 Sunset St,Boston,MA,65067,2026-01-25,Gold
CUST00740,Ethan,Johnson,ethan.johnson740@example.com,393-264-1361,3906 Pine St,Atlanta,GA,78107,2025-06-17,Silver
CUST00741,Sophia,Perez,sophia.perez741@example.com,861-534-8965,9821 Cedar St,Raleigh,NC,79489,2026-01-27,Silver
CUST00742,Karen,Novak,karen.novak742@example.com,513-375-5259,3815 2nd St,Seattle,WA,58745,2025-03-12,Platinum
CUST00743,Patricia,Martinez,patricia.martinez743@example.com,491-666-3725,2734 Cedar St,Phoenix,AZ,80165,2025-03-06,Bronze
CUST00744,Barbara,Martinez,barbara.martinez744@example.com,443-319-1674,5287 Main St,Seattle,WA,26577,2026-01-18,Bronze
CUST00745,Mei,Lopez,mei.lopez745@example.com,775-924-1568,5292 Sunset St,Chicago,IL,29391,2025-09-01,Silver
CUST00746,Emma,Hernandez,emma.hernandez746@example.com,508-324-1408,6728 2nd St,Miami,FL,29055,2026-02-23,Bronze
CUST00747,Elizabeth,Smith,elizabeth.smith747@example.com,759-719-6427,4942 2nd St,San Diego,CA,47988,2024-05-27,Platinum
CUST00748,Ava,Lewis,ava.lewis748@example.com,905-315-8847,756 Oak St,Phoenix,AZ,98867,2024-03-26,Bronze
CUST00749,Mary,Sanchez,mary.sanchez749@example.com,425-656-6855,1615 Sunset St,Columbus,OH,17213,2024-09-02,Silver
CUST00750,Noah,Anderson,noah.anderson750@example.com,985-484-4206,469 Maple St,Minneapolis,MN,80570,2026-01-28,Gold
CUST00751,Jennifer,Kumar,jennifer.kumar751@example.com,399-702-6206,9982 Main St,Boston,MA,77050,2023-11-22,Gold
CUST00752,Mei,Sanchez,mei.sanchez752@example.com,933-637-7056,6426 Sunset St,Seattle,WA,11597,2025-03-04,Bronze
CUST00753,Wei,Martin,wei.martin753@example.com,774-289-4533,7378 Cedar St,Portland,OR,64474,2026-01-22,Bronze
CUST00754,William,Ramirez,william.ramirez754@example.com,624-342-2410,2453 Oak St,San Diego,CA,49745,2026-03-29,Platinum
CUST00755,Noah,Perez,noah.perez755@example.com,804-974-7156,1549 Maple St,Denver,CO,63668,2025-02-09,Silver
CUST00756,Barbara,Chen,barbara.chen756@example.com,927-781-3243,3364 Oak St,Portland,OR,60039,2025-03-14,Silver
CUST00757,Elena,Williams,elena.williams757@example.com,509-799-5979,8195 Main St,Nashville,TN,70745,2024-11-01,Bronze
CUST00758,James,Martinez,james.martinez758@example.com,507-855-8742,2134 Cedar St,Atlanta,GA,97282,2025-03-11,Silver
CUST00759,Barbara,Patel,barbara.patel759@example.com,904-860-5009,566 Maple St,Salt Lake City,UT,46335,2026-05-05,Bronze
CUST00760,Mia,White,mia.white760@example.com,692-779-8144,4325 Cedar St,Columbus,OH,99903,2026-03-31,Gold
CUST00761,Linda,White,linda.white761@example.com,950-789-1287,4352 Oak St,Miami,FL,86238,2023-11-27,Bronze
CUST00762,Priya,Robinson,priya.robinson762@example.com,909-338-6855,2775 Maple St,Salt Lake City,UT,45739,2025-08-08,Silver
CUST00763,Lucas,Thompson,lucas.thompson763@example.com,496-498-9677,1358 Main St,Austin,TX,35403,2024-08-09,Platinum
CUST00764,Michael,Haddad,michael.haddad764@example.com,371-756-6285,5280 Pine St,Minneapolis,MN,99780,2025-04-07,Bronze
CUST00765,Mei,Miller,mei.miller765@example.com,793-560-3354,311 Oak St,Miami,FL,77917,2025-02-26,Bronze
CUST00766,Elena,Clark,elena.clark766@example.com,366-304-4569,2632 Main St,Phoenix,AZ,38981,2024-08-19,Platinum
CUST00767,Olivia,Nakamura,olivia.nakamura767@example.com,744-929-2867,6937 2nd St,Nashville,TN,20013,2024-03-25,Platinum
CUST00768,David,Johnson,david.johnson768@example.com,556-519-6940,2377 Pine St,Portland,OR,67925,2026-07-06,Platinum
CUST00769,Arjun,Lopez,arjun.lopez769@example.com,511-229-2943,3743 Oak St,San Diego,CA,28659,2024-11-06,Bronze
CUST00770,David,Wilson,david.wilson770@example.com,280-635-2830,1373 Maple St,Seattle,WA,73472,2025-12-30,Bronze
CUST00771,Richard,Miller,richard.miller771@example.com,875-725-1971,7785 Maple St,Austin,TX,43162,2023-10-27,Bronze
CUST00772,Karen,Smith,karen.smith772@example.com,298-326-4365,9727 Oak St,Minneapolis,MN,34219,2025-07-19,Bronze
CUST00773,Jennifer,Martinez,jennifer.martinez773@example.com,964-484-6698,5870 Oak St,Nashville,TN,75619,2024-12-07,Silver
CUST00774,Ava,Jones,ava.jones774@example.com,792-981-1229,8764 Oak St,Denver,CO,35106,2025-02-27,Bronze
CUST00775,Emma,Smith,emma.smith775@example.com,301-419-9260,7877 Sunset St,San Diego,CA,87251,2024-08-13,Silver
CUST00776,Michael,Lopez,michael.lopez776@example.com,563-588-7948,3610 Main St,Nashville,TN,39825,2025-11-11,Bronze
CUST00777,Priya,Davis,priya.davis777@example.com,312-732-3226,8223 Pine St,Portland,OR,57349,2025-03-12,Silver
CUST00778,Robert,Garcia,robert.garcia778@example.com,705-318-7304,4746 2nd St,Phoenix,AZ,88694,2025-04-29,Gold
CUST00779,Fatima,Anderson,fatima.anderson779@example.com,617-497-8011,3193 Pine St,Miami,FL,19123,2026-03-31,Gold
CUST00780,Mei,Lopez,mei.lopez780@example.com,890-703-2723,6594 2nd St,Austin,TX,78506,2024-01-21,Bronze
CUST00781,Elizabeth,Sanchez,elizabeth.sanchez781@example.com,911-804-2666,2864 Maple St,Boston,MA,57672,2024-09-10,Bronze
CUST00782,Richard,Haddad,richard.haddad782@example.com,613-325-4815,7058 Cedar St,Nashville,TN,75419,2025-02-20,Platinum
CUST00783,Sophia,Ivanov,sophia.ivanov783@example.com,974-859-7557,5934 2nd St,Atlanta,GA,97382,2025-11-05,Silver
CUST00784,Liam,Moore,liam.moore784@example.com,986-665-2770,2101 Sunset St,Seattle,WA,74138,2026-05-14,Bronze
CUST00785,Lucas,Rodriguez,lucas.rodriguez785@example.com,301-955-1865,1217 2nd St,Austin,TX,98880,2023-09-23,Bronze
CUST00786,Carlos,Haddad,carlos.haddad786@example.com,534-356-5960,1678 Pine St,Raleigh,NC,20029,2026-06-29,Platinum
CUST00787,Elena,Robinson,elena.robinson787@example.com,500-877-9157,8132 Main St,Chicago,IL,44296,2025-07-03,Platinum
CUST00788,Emma,Kim,emma.kim788@example.com,982-232-8051,2051 2nd St,Austin,TX,68997,2025-05-05,Platinum
CUST00789,Carlos,Lewis,carlos.lewis789@example.com,236-233-3897,9220 Cedar St,Portland,OR,49720,2024-07-01,Silver
CUST00790,Hiro,Rodriguez,hiro.rodriguez790@example.com,932-598-8986,1892 Main St,Atlanta,GA,98476,2026-04-30,Gold
CUST00791,Olivia,Kim,olivia.kim791@example.com,681-687-3560,8401 Maple St,Columbus,OH,61299,2025-01-20,Silver
CUST00792,Sophia,Harris,sophia.harris792@example.com,892-561-5660,5350 Maple St,Columbus,OH,13689,2023-10-31,Bronze
CUST00793,Mei,Thompson,mei.thompson793@example.com,959-797-1440,5691 2nd St,Minneapolis,MN,22759,2025-12-23,Bronze
CUST00794,Wei,Clark,wei.clark794@example.com,257-877-5001,4156 Oak St,Phoenix,AZ,94945,2025-04-30,Silver
CUST00795,Jennifer,Jones,jennifer.jones795@example.com,512-317-6531,2881 Maple St,Nashville,TN,80571,2025-05-28,Bronze
CUST00796,Omar,Ramirez,omar.ramirez796@example.com,727-631-5368,434 Cedar St,Columbus,OH,71564,2023-09-14,Bronze
CUST00797,Carlos,Novak,carlos.novak797@example.com,530-786-2601,8101 Maple St,Boston,MA,98488,2024-09-24,Bronze
CUST00798,Elena,Kumar,elena.kumar798@example.com,983-883-6563,2830 Main St,Minneapolis,MN,49258,2025-08-13,Silver
CUST00799,Richard,Patel,richard.patel799@example.com,277-748-4507,4808 Sunset St,Raleigh,NC,16230,2025-03-30,Silver
CUST00800,Sofia,Anderson,sofia.anderson800@example.com,960-294-2552,9797 Sunset St,Columbus,OH,45830,2023-12-15,Silver
CUST00801,Noah,Walker,noah.walker801@example.com,414-555-2256,5045 Main St,Boston,MA,49309,2026-01-02,Gold
CUST00802,Emma,Lee,emma.lee802@example.com,624-611-5116,8543 2nd St,Chicago,IL,98022,2024-08-03,Bronze
CUST00803,Lucas,Nakamura,lucas.nakamura803@example.com,391-790-9178,3589 Cedar St,Nashville,TN,71249,2025-01-29,Gold
CUST00804,Emma,Ramirez,emma.ramirez804@example.com,779-944-1981,8656 Oak St,Salt Lake City,UT,57746,2026-03-04,Bronze
CUST00805,Jessica,Martinez,jessica.martinez805@example.com,901-983-5919,7233 2nd St,San Diego,CA,51766,2023-12-09,Gold
CUST00806,Susan,Clark,susan.clark806@example.com,493-861-3631,4301 Cedar St,Atlanta,GA,88804,2024-11-25,Silver
CUST00807,Jessica,Davis,jessica.davis807@example.com,396-228-5023,5187 2nd St,Seattle,WA,73620,2026-01-09,Silver
CUST00808,Ethan,Williams,ethan.williams808@example.com,363-479-3235,577 Sunset St,Chicago,IL,46408,2024-07-25,Gold
CUST00809,Robert,Patel,robert.patel809@example.com,220-256-2375,5243 Main St,Minneapolis,MN,49056,2023-12-08,Silver
CUST00810,Mei,Garcia,mei.garcia810@example.com,941-343-4867,1933 Main St,Boston,MA,75568,2024-04-03,Silver
CUST00811,Sophia,Nakamura,sophia.nakamura811@example.com,708-292-4900,9927 Maple St,Atlanta,GA,51079,2025-06-04,Platinum
CUST00812,Sophia,Harris,sophia.harris812@example.com,966-961-4865,7028 Oak St,Minneapolis,MN,28910,2024-03-05,Bronze
CUST00813,Susan,Moore,susan.moore813@example.com,618-460-1916,8134 Main St,Portland,OR,59113,2024-03-18,Bronze
CUST00814,Emma,Ramirez,emma.ramirez814@example.com,899-452-5550,2474 Sunset St,Portland,OR,72288,2025-08-22,Platinum
CUST00815,Karen,Johnson,karen.johnson815@example.com,820-235-1895,4026 Sunset St,Raleigh,NC,82447,2025-09-25,Bronze
CUST00816,Lucas,White,lucas.white816@example.com,901-324-9763,3972 Pine St,Salt Lake City,UT,67986,2025-10-03,Bronze
CUST00817,Sofia,Taylor,sofia.taylor817@example.com,292-974-4857,4972 Oak St,Atlanta,GA,31001,2026-01-14,Gold
CUST00818,Priya,Clark,priya.clark818@example.com,234-480-2312,8155 2nd St,Minneapolis,MN,64127,2025-06-11,Gold
CUST00819,Hiro,Miller,hiro.miller819@example.com,364-915-5275,8395 Maple St,Nashville,TN,56118,2025-12-08,Silver
CUST00820,Olivia,Lee,olivia.lee820@example.com,911-228-1853,3110 Cedar St,Portland,OR,68117,2024-05-04,Bronze
CUST00821,Sofia,Gonzalez,sofia.gonzalez821@example.com,512-521-2347,1915 Oak St,Raleigh,NC,42716,2026-06-22,Gold
CUST00822,Ethan,Rodriguez,ethan.rodriguez822@example.com,808-902-7722,5333 2nd St,Nashville,TN,72700,2024-04-29,Bronze
CUST00823,Barbara,Ivanov,barbara.ivanov823@example.com,535-488-4254,1482 2nd St,Nashville,TN,58182,2024-08-06,Silver
CUST00824,Carlos,Novak,carlos.novak824@example.com,221-223-4747,1557 2nd St,Chicago,IL,35987,2025-01-17,Gold
CUST00825,William,Brown,william.brown825@example.com,832-639-5262,2545 Maple St,Boston,MA,58224,2024-07-13,Silver
CUST00826,Linda,Smith,linda.smith826@example.com,738-645-8433,8196 Maple St,San Diego,CA,39423,2024-09-19,Bronze
CUST00827,Sarah,Jackson,sarah.jackson827@example.com,706-591-3133,7166 Pine St,San Diego,CA,37080,2024-10-14,Platinum
CUST00828,Charles,Gonzalez,charles.gonzalez828@example.com,384-618-3391,571 Sunset St,Boston,MA,44314,2024-11-24,Silver
CUST00829,Fatima,Thomas,fatima.thomas829@example.com,796-900-8506,1504 Maple St,Phoenix,AZ,71457,2024-04-28,Platinum
CUST00830,Priya,Sanchez,priya.sanchez830@example.com,417-930-7283,7035 Cedar St,Raleigh,NC,88275,2025-01-05,Bronze
CUST00831,Michael,Chen,michael.chen831@example.com,253-540-4847,7815 Sunset St,Austin,TX,89478,2023-11-01,Bronze
CUST00832,Thomas,Kumar,thomas.kumar832@example.com,590-509-7466,6176 Oak St,Columbus,OH,83342,2023-10-23,Silver
CUST00833,Barbara,Taylor,barbara.taylor833@example.com,715-704-6557,7769 Oak St,Seattle,WA,21750,2025-05-10,Gold
CUST00834,Noah,Ramirez,noah.ramirez834@example.com,466-319-6132,823 Oak St,Seattle,WA,75432,2025-02-25,Gold
CUST00835,Mei,Ramirez,mei.ramirez835@example.com,469-827-5321,8570 Sunset St,Atlanta,GA,67117,2024-07-02,Bronze
CUST00836,Elena,Martinez,elena.martinez836@example.com,873-851-8208,971 Oak St,Miami,FL,29480,2023-11-19,Bronze
CUST00837,Barbara,Williams,barbara.williams837@example.com,466-367-8653,7250 Maple St,Portland,OR,74868,2023-10-22,Silver
CUST00838,Wei,Chen,wei.chen838@example.com,668-704-2843,2525 Maple St,Portland,OR,55823,2024-02-07,Bronze
CUST00839,Charles,Lopez,charles.lopez839@example.com,372-967-9335,4569 Main St,Nashville,TN,96918,2024-10-07,Silver
CUST00840,James,Nakamura,james.nakamura840@example.com,784-384-7822,1358 Oak St,Minneapolis,MN,75288,2024-02-09,Bronze
CUST00841,Mary,Jackson,mary.jackson841@example.com,896-324-7458,6220 Main St,Raleigh,NC,23902,2025-05-23,Bronze
CUST00842,Mary,Garcia,mary.garcia842@example.com,924-875-8861,7539 Cedar St,Portland,OR,45300,2023-08-11,Bronze
CUST00843,Robert,Lewis,robert.lewis843@example.com,949-951-3118,3563 Pine St,Phoenix,AZ,16380,2025-03-01,Bronze
CUST00844,Patricia,Jones,patricia.jones844@example.com,816-590-2516,6634 Sunset St,Miami,FL,33332,2024-12-03,Platinum
CUST00845,Sofia,Garcia,sofia.garcia845@example.com,413-366-7365,6692 Sunset St,Austin,TX,94825,2024-06-10,Bronze
CUST00846,Karen,Patel,karen.patel846@example.com,642-953-6080,9987 Oak St,Minneapolis,MN,57060,2024-02-12,Platinum
CUST00847,Mei,Kumar,mei.kumar847@example.com,701-656-7358,7905 Sunset St,Chicago,IL,83801,2025-12-13,Bronze
CUST00848,Hiro,White,hiro.white848@example.com,390-644-7979,1622 Maple St,Columbus,OH,77284,2025-06-29,Silver
CUST00849,Joseph,Martinez,joseph.martinez849@example.com,707-739-9596,1475 Sunset St,Salt Lake City,UT,71370,2026-01-11,Bronze
CUST00850,Ivan,Martin,ivan.martin850@example.com,330-900-5921,4173 Main St,Seattle,WA,66063,2025-03-27,Silver
CUST00851,Patricia,Chen,patricia.chen851@example.com,246-725-2763,8466 2nd St,Denver,CO,64135,2024-02-09,Silver
CUST00852,Ava,Taylor,ava.taylor852@example.com,460-799-2339,8348 Maple St,Phoenix,AZ,24933,2026-03-04,Bronze
CUST00853,Barbara,Sanchez,barbara.sanchez853@example.com,285-626-5876,5243 Main St,Austin,TX,69637,2026-02-06,Silver
CUST00854,Thomas,Perez,thomas.perez854@example.com,391-416-4032,1381 Cedar St,Salt Lake City,UT,89174,2025-01-12,Platinum
CUST00855,Michael,Ramirez,michael.ramirez855@example.com,218-205-7470,2011 Maple St,Miami,FL,32509,2026-04-03,Silver
CUST00856,Sofia,Haddad,sofia.haddad856@example.com,698-510-6910,6571 Pine St,San Diego,CA,49669,2024-01-26,Bronze
CUST00857,David,Smith,david.smith857@example.com,314-216-4083,539 Oak St,Chicago,IL,73060,2024-05-23,Gold
CUST00858,Jessica,Ramirez,jessica.ramirez858@example.com,841-751-4127,1510 Sunset St,Nashville,TN,70742,2024-05-29,Silver
CUST00859,Hiro,Johnson,hiro.johnson859@example.com,370-356-8295,8047 2nd St,Denver,CO,12572,2026-02-05,Silver
CUST00860,Jessica,Gonzalez,jessica.gonzalez860@example.com,783-601-1834,5569 Maple St,Atlanta,GA,23456,2025-12-31,Silver
CUST00861,Elena,Ivanov,elena.ivanov861@example.com,948-767-5764,706 2nd St,Columbus,OH,62386,2026-04-21,Silver
CUST00862,Sophia,Patel,sophia.patel862@example.com,931-262-9655,411 2nd St,Chicago,IL,85550,2025-05-07,Silver
CUST00863,John,Moore,john.moore863@example.com,863-627-8755,2015 2nd St,Salt Lake City,UT,91618,2025-07-10,Silver
CUST00864,Hiro,Johnson,hiro.johnson864@example.com,494-943-4149,7788 Sunset St,Seattle,WA,67424,2024-11-17,Silver
CUST00865,Joseph,Ivanov,joseph.ivanov865@example.com,901-547-8675,2248 Sunset St,Salt Lake City,UT,61166,2025-11-30,Platinum
CUST00866,Ethan,White,ethan.white866@example.com,683-365-4394,4727 Cedar St,Minneapolis,MN,21297,2026-04-14,Bronze
CUST00867,Barbara,Gonzalez,barbara.gonzalez867@example.com,820-703-2653,6915 2nd St,Seattle,WA,49800,2024-11-22,Bronze
CUST00868,Olivia,Brown,olivia.brown868@example.com,567-467-6849,2698 Oak St,Austin,TX,75991,2023-10-04,Platinum
CUST00869,John,Perez,john.perez869@example.com,316-832-4714,2077 Main St,Boston,MA,39372,2026-04-22,Bronze
CUST00870,Arjun,Thompson,arjun.thompson870@example.com,247-988-5382,2576 Pine St,Minneapolis,MN,77552,2024-02-29,Gold
CUST00871,Patricia,Lewis,patricia.lewis871@example.com,668-973-2817,1834 Pine St,Minneapolis,MN,90028,2024-02-24,Platinum
CUST00872,Olivia,Williams,olivia.williams872@example.com,307-371-2934,3465 Sunset St,Miami,FL,30582,2025-03-20,Gold
CUST00873,Fatima,Kumar,fatima.kumar873@example.com,950-301-3527,6059 Sunset St,Portland,OR,28058,2024-04-07,Platinum
CUST00874,Richard,Lewis,richard.lewis874@example.com,987-987-1107,4119 Pine St,Boston,MA,72084,2025-06-29,Bronze
CUST00875,Liam,Hernandez,liam.hernandez875@example.com,472-581-7799,6008 Cedar St,Denver,CO,97162,2024-12-14,Bronze
CUST00876,Noah,Clark,noah.clark876@example.com,433-341-8025,6873 2nd St,Minneapolis,MN,70129,2026-06-22,Platinum
CUST00877,Mei,Johnson,mei.johnson877@example.com,349-988-1162,8576 Maple St,Portland,OR,21112,2025-06-22,Bronze
CUST00878,Sofia,Hernandez,sofia.hernandez878@example.com,262-602-1607,2573 Main St,Boston,MA,17577,2026-06-29,Bronze
CUST00879,Yuki,Sanchez,yuki.sanchez879@example.com,897-917-5986,5239 Sunset St,Salt Lake City,UT,11035,2025-02-22,Silver
CUST00880,Amelia,Martinez,amelia.martinez880@example.com,613-656-4360,9019 Main St,San Diego,CA,91027,2026-01-21,Gold
CUST00881,Wei,Sanchez,wei.sanchez881@example.com,402-508-2380,705 Main St,Minneapolis,MN,53842,2025-10-06,Gold
CUST00882,David,Nakamura,david.nakamura882@example.com,490-418-2520,8483 Main St,Miami,FL,50927,2026-07-02,Bronze
CUST00883,Lucas,Hernandez,lucas.hernandez883@example.com,228-752-5238,4054 Pine St,Austin,TX,49838,2025-12-12,Silver
CUST00884,Linda,Brown,linda.brown884@example.com,581-465-9314,5907 Maple St,Nashville,TN,16256,2024-04-11,Silver
CUST00885,Karen,Novak,karen.novak885@example.com,205-664-6553,3968 Pine St,San Diego,CA,86230,2026-07-27,Platinum
CUST00886,Mia,Anderson,mia.anderson886@example.com,506-491-3293,6287 Main St,Phoenix,AZ,42457,2024-03-02,Bronze
CUST00887,Noah,Ivanov,noah.ivanov887@example.com,569-665-2605,2501 Cedar St,Chicago,IL,65796,2025-11-20,Bronze
CUST00888,Jennifer,Brown,jennifer.brown888@example.com,333-687-4519,7409 Maple St,Boston,MA,58404,2026-07-12,Silver
CUST00889,Sophia,Chen,sophia.chen889@example.com,604-470-9172,7037 2nd St,Miami,FL,74165,2025-11-30,Platinum
CUST00890,William,Martinez,william.martinez890@example.com,330-696-8499,2219 Cedar St,Miami,FL,77264,2026-07-18,Bronze
CUST00891,Susan,Robinson,susan.robinson891@example.com,233-964-3569,9259 Sunset St,Portland,OR,25566,2025-11-13,Bronze
CUST00892,Linda,White,linda.white892@example.com,496-241-9565,2611 Maple St,Columbus,OH,58688,2025-04-15,Bronze
CUST00893,Karen,Jackson,karen.jackson893@example.com,228-346-3328,9760 2nd St,Portland,OR,16376,2025-04-15,Bronze
CUST00894,Susan,Lopez,susan.lopez894@example.com,957-700-1034,2104 Main St,Nashville,TN,55698,2023-12-16,Platinum
CUST00895,Robert,Clark,robert.clark895@example.com,786-517-8411,5634 Pine St,Portland,OR,59454,2026-03-30,Platinum
CUST00896,Mia,Rodriguez,mia.rodriguez896@example.com,341-716-8551,7471 Cedar St,Minneapolis,MN,68861,2024-05-31,Platinum
CUST00897,Priya,Garcia,priya.garcia897@example.com,839-880-7711,6444 Oak St,Minneapolis,MN,61825,2025-06-24,Silver
CUST00898,Robert,Lewis,robert.lewis898@example.com,484-861-2450,2813 Cedar St,San Diego,CA,13251,2025-04-23,Silver
CUST00899,Ethan,Davis,ethan.davis899@example.com,772-287-4152,8977 Main St,Raleigh,NC,16930,2026-07-03,Bronze
CUST00900,Ivan,Kumar,ivan.kumar900@example.com,219-323-9713,3044 Maple St,Salt Lake City,UT,46039,2024-09-24,Bronze
CUST00901,Sophia,Lewis,sophia.lewis901@example.com,746-821-6249,6683 Main St,Denver,CO,15896,2026-05-02,Platinum
CUST00902,Mary,Perez,mary.perez902@example.com,384-624-1394,8749 Sunset St,Boston,MA,60070,2025-01-07,Bronze
CUST00903,Linda,Miller,linda.miller903@example.com,372-492-3359,3092 Sunset St,Miami,FL,21747,2024-06-10,Bronze
CUST00904,Yuki,Hernandez,yuki.hernandez904@example.com,829-533-3973,545 Cedar St,Austin,TX,17667,2025-04-01,Silver
CUST00905,Michael,Lee,michael.lee905@example.com,622-531-5225,6252 Pine St,Seattle,WA,25855,2023-11-14,Bronze
CUST00906,Jessica,Haddad,jessica.haddad906@example.com,442-704-9333,8364 2nd St,Columbus,OH,25083,2025-02-01,Bronze
CUST00907,Priya,Robinson,priya.robinson907@example.com,616-267-8932,573 2nd St,Miami,FL,93039,2024-11-20,Bronze
CUST00908,Sarah,Chen,sarah.chen908@example.com,891-303-5035,9188 Cedar St,Columbus,OH,26458,2025-04-14,Silver
CUST00909,Yuki,Lewis,yuki.lewis909@example.com,851-712-4333,2432 Sunset St,Denver,CO,80836,2024-07-09,Platinum
CUST00910,Jessica,Kim,jessica.kim910@example.com,768-662-1684,116 Pine St,Boston,MA,70902,2025-03-14,Gold
CUST00911,William,Smith,william.smith911@example.com,693-479-5110,6328 Sunset St,Austin,TX,92864,2024-10-08,Silver
CUST00912,Liam,Jackson,liam.jackson912@example.com,365-956-9750,9325 Maple St,Austin,TX,49405,2024-01-30,Silver
CUST00913,Linda,Rodriguez,linda.rodriguez913@example.com,769-486-8077,3554 Main St,San Diego,CA,76167,2025-05-12,Gold
CUST00914,Arjun,Taylor,arjun.taylor914@example.com,924-663-5473,4129 Cedar St,Minneapolis,MN,52157,2025-06-29,Bronze
CUST00915,Omar,Haddad,omar.haddad915@example.com,216-908-3190,133 Main St,Phoenix,AZ,72459,2023-08-08,Bronze
CUST00916,Barbara,Clark,barbara.clark916@example.com,913-920-9011,6535 Main St,Miami,FL,20636,2024-01-05,Silver
CUST00917,Mary,Lewis,mary.lewis917@example.com,326-561-7166,9951 Sunset St,Raleigh,NC,60692,2024-07-27,Platinum
CUST00918,James,Davis,james.davis918@example.com,579-397-8283,253 Oak St,Portland,OR,12592,2025-02-25,Gold
CUST00919,Wei,Gonzalez,wei.gonzalez919@example.com,828-840-5967,3723 Oak St,Denver,CO,74724,2025-08-12,Bronze
CUST00920,Sarah,Patel,sarah.patel920@example.com,920-923-4425,216 Oak St,Salt Lake City,UT,93681,2025-10-19,Bronze
CUST00921,Sarah,Novak,sarah.novak921@example.com,705-374-4174,9368 Cedar St,Miami,FL,99441,2024-07-24,Bronze
CUST00922,Sophia,Rodriguez,sophia.rodriguez922@example.com,266-330-5253,9437 Pine St,San Diego,CA,39879,2026-07-06,Gold
CUST00923,Sarah,Gonzalez,sarah.gonzalez923@example.com,894-223-9731,4243 Cedar St,Nashville,TN,83415,2026-02-14,Bronze
CUST00924,Hiro,Brown,hiro.brown924@example.com,530-642-7666,4589 Maple St,Nashville,TN,99151,2026-06-26,Silver
CUST00925,Elena,White,elena.white925@example.com,977-244-4678,869 Sunset St,Miami,FL,65058,2026-07-25,Silver
CUST00926,Priya,Smith,priya.smith926@example.com,399-542-2340,9468 Pine St,Boston,MA,13325,2024-11-04,Gold
CUST00927,Hiro,Jones,hiro.jones927@example.com,455-401-3694,5494 Sunset St,Salt Lake City,UT,18237,2024-02-14,Bronze
CUST00928,Ivan,Ramirez,ivan.ramirez928@example.com,224-806-6477,4202 Oak St,Minneapolis,MN,24134,2026-03-26,Bronze
CUST00929,Arjun,Brown,arjun.brown929@example.com,541-732-4878,1294 Pine St,Nashville,TN,88638,2026-01-14,Platinum
CUST00930,Michael,Lewis,michael.lewis930@example.com,327-287-1994,646 2nd St,Columbus,OH,51062,2023-12-11,Platinum
CUST00931,David,Brown,david.brown931@example.com,652-256-5939,7175 Maple St,Salt Lake City,UT,23346,2023-11-22,Silver
CUST00932,Patricia,Jackson,patricia.jackson932@example.com,590-611-2570,6835 Oak St,Nashville,TN,88587,2023-08-21,Silver
CUST00933,Carlos,Robinson,carlos.robinson933@example.com,638-835-2659,5664 Cedar St,Minneapolis,MN,98575,2023-09-22,Silver
CUST00934,Noah,Perez,noah.perez934@example.com,397-310-2682,301 Main St,Columbus,OH,18853,2024-08-30,Silver
CUST00935,David,Kumar,david.kumar935@example.com,563-631-8887,7384 Oak St,Atlanta,GA,41870,2024-05-07,Platinum
CUST00936,Robert,Brown,robert.brown936@example.com,519-798-8140,8507 Cedar St,Seattle,WA,56890,2025-04-28,Silver
CUST00937,Emma,Martinez,emma.martinez937@example.com,680-516-6618,4868 Sunset St,Seattle,WA,11059,2026-06-25,Silver
CUST00938,Elizabeth,Brown,elizabeth.brown938@example.com,719-772-1894,7015 Sunset St,Chicago,IL,35612,2024-09-13,Gold
CUST00939,Richard,Jones,richard.jones939@example.com,393-883-8794,7757 Main St,Phoenix,AZ,53403,2025-06-17,Silver
CUST00940,Karen,Clark,karen.clark940@example.com,366-307-8443,791 2nd St,Phoenix,AZ,38757,2023-08-07,Gold
CUST00941,Joseph,Anderson,joseph.anderson941@example.com,838-418-4916,7976 Cedar St,Portland,OR,53452,2025-09-07,Bronze
CUST00942,Sofia,Lopez,sofia.lopez942@example.com,206-571-1162,1308 Sunset St,Nashville,TN,13934,2024-03-22,Bronze
CUST00943,Charles,Lewis,charles.lewis943@example.com,846-799-6896,819 Maple St,Chicago,IL,36099,2024-09-08,Bronze
CUST00944,Barbara,Anderson,barbara.anderson944@example.com,468-936-3855,5667 Pine St,Salt Lake City,UT,82680,2024-12-15,Bronze
CUST00945,Richard,Johnson,richard.johnson945@example.com,468-303-1343,2348 2nd St,Seattle,WA,95835,2024-03-14,Bronze
CUST00946,Susan,Martin,susan.martin946@example.com,445-578-7100,2907 Main St,Portland,OR,91684,2026-01-04,Gold
CUST00947,John,Davis,john.davis947@example.com,333-394-4140,8825 2nd St,Seattle,WA,59054,2025-05-12,Silver
CUST00948,Hiro,Thomas,hiro.thomas948@example.com,247-981-4098,8873 Sunset St,Salt Lake City,UT,29472,2025-06-01,Bronze
CUST00949,Patricia,Moore,patricia.moore949@example.com,329-720-9011,3528 Cedar St,Nashville,TN,20670,2026-03-20,Platinum
CUST00950,Amelia,Jones,amelia.jones950@example.com,720-597-9342,6231 2nd St,Seattle,WA,78012,2026-03-07,Bronze
CUST00951,Priya,White,priya.white951@example.com,911-694-9106,7862 Sunset St,Miami,FL,86177,2025-10-29,Gold
CUST00952,Sophia,Williams,sophia.williams952@example.com,424-407-8406,3940 2nd St,Chicago,IL,38651,2025-04-17,Silver
CUST00953,Carlos,Novak,carlos.novak953@example.com,583-460-2388,2300 Pine St,Seattle,WA,21013,2025-03-26,Silver
CUST00954,Noah,Thompson,noah.thompson954@example.com,797-242-8622,8492 Main St,Chicago,IL,54089,2025-12-19,Silver
CUST00955,Omar,Ramirez,omar.ramirez955@example.com,576-709-6194,4573 2nd St,Boston,MA,13239,2024-08-01,Silver
CUST00956,Joseph,Taylor,joseph.taylor956@example.com,277-567-2350,4925 Pine St,Raleigh,NC,75767,2026-06-15,Silver
CUST00957,Ethan,Garcia,ethan.garcia957@example.com,483-433-2612,2042 Maple St,Minneapolis,MN,57216,2023-10-17,Silver
CUST00958,Richard,Perez,richard.perez958@example.com,891-537-5096,5059 Cedar St,Chicago,IL,99592,2025-02-12,Bronze
CUST00959,Mia,Rodriguez,mia.rodriguez959@example.com,970-933-9898,4378 Maple St,Nashville,TN,49252,2025-02-27,Platinum
CUST00960,Wei,Sanchez,wei.sanchez960@example.com,793-975-1194,7833 Cedar St,Boston,MA,77193,2024-05-31,Platinum
CUST00961,Sofia,Anderson,sofia.anderson961@example.com,940-967-4438,7873 Oak St,Chicago,IL,77610,2026-03-16,Gold
CUST00962,Omar,Perez,omar.perez962@example.com,287-520-4077,7125 Pine St,Minneapolis,MN,64747,2024-10-02,Silver
CUST00963,Fatima,Chen,fatima.chen963@example.com,583-342-3102,5106 Cedar St,Austin,TX,11268,2026-05-19,Platinum
CUST00964,Wei,Perez,wei.perez964@example.com,629-635-7608,8908 Sunset St,Chicago,IL,52739,2023-09-16,Silver
CUST00965,Robert,Rodriguez,robert.rodriguez965@example.com,538-781-7404,6347 Oak St,Seattle,WA,61201,2023-12-08,Silver
CUST00966,Carlos,Gonzalez,carlos.gonzalez966@example.com,311-536-8397,5091 Maple St,Portland,OR,32468,2024-02-29,Gold
CUST00967,Olivia,Lopez,olivia.lopez967@example.com,905-817-9005,539 Oak St,Austin,TX,36083,2023-12-20,Silver
CUST00968,Charles,Wilson,charles.wilson968@example.com,498-875-9591,1246 2nd St,Chicago,IL,17530,2025-08-23,Silver
CUST00969,James,Hernandez,james.hernandez969@example.com,620-600-3572,1914 Oak St,Phoenix,AZ,80313,2025-12-03,Silver
CUST00970,John,Harris,john.harris970@example.com,411-333-4369,5175 2nd St,Salt Lake City,UT,97135,2026-03-29,Bronze
CUST00971,Mia,Novak,mia.novak971@example.com,801-407-9232,7619 Sunset St,Atlanta,GA,36437,2023-08-15,Bronze
CUST00972,Fatima,Jones,fatima.jones972@example.com,608-819-5044,8715 Sunset St,Nashville,TN,84609,2026-05-01,Silver
CUST00973,Omar,Novak,omar.novak973@example.com,954-293-5717,7576 Sunset St,Austin,TX,48987,2025-10-08,Silver
CUST00974,Barbara,Clark,barbara.clark974@example.com,383-832-8079,7601 2nd St,Chicago,IL,96386,2024-08-09,Gold
CUST00975,Ava,Miller,ava.miller975@example.com,915-244-4927,2687 Sunset St,Boston,MA,92324,2025-03-19,Gold
CUST00976,John,Wilson,john.wilson976@example.com,705-621-2986,6141 Maple St,Salt Lake City,UT,23791,2026-05-29,Platinum
CUST00977,Priya,Clark,priya.clark977@example.com,368-458-4397,8391 Maple St,Portland,OR,70577,2023-09-23,Bronze
CUST00978,Lucas,Robinson,lucas.robinson978@example.com,551-963-7542,3285 2nd St,Boston,MA,14951,2023-08-21,Bronze
CUST00979,Linda,Rodriguez,linda.rodriguez979@example.com,886-966-8606,8042 2nd St,Phoenix,AZ,18943,2024-01-16,Silver
CUST00980,Jessica,Lewis,jessica.lewis980@example.com,682-485-3643,2894 Pine St,Seattle,WA,12367,2024-02-21,Bronze
CUST00981,Charles,Davis,charles.davis981@example.com,959-600-3759,1371 Cedar St,Miami,FL,11469,2025-02-09,Bronze
CUST00982,Fatima,Thompson,fatima.thompson982@example.com,421-931-1564,8821 Oak St,Seattle,WA,67941,2023-11-05,Platinum
CUST00983,Lucas,Nakamura,lucas.nakamura983@example.com,878-933-2684,6499 Cedar St,Raleigh,NC,50412,2026-01-25,Bronze
CUST00984,Mia,Smith,mia.smith984@example.com,586-985-4305,4191 Sunset St,Austin,TX,41265,2024-09-12,Bronze
CUST00985,Mary,Clark,mary.clark985@example.com,214-545-4148,1135 Oak St,Austin,TX,22661,2024-07-08,Gold
CUST00986,William,Williams,william.williams986@example.com,724-310-6359,5386 Main St,Boston,MA,92154,2024-08-22,Silver
CUST00987,Susan,Kim,susan.kim987@example.com,638-323-4807,3602 Maple St,Boston,MA,56737,2025-05-23,Bronze
CUST00988,James,Sanchez,james.sanchez988@example.com,523-212-7376,3585 2nd St,Raleigh,NC,38848,2023-12-13,Gold
CUST00989,Sarah,White,sarah.white989@example.com,268-423-7735,5040 Pine St,Austin,TX,88494,2026-05-19,Bronze
CUST00990,Emma,Novak,emma.novak990@example.com,457-297-6314,6466 Cedar St,Seattle,WA,27423,2025-06-10,Bronze
CUST00991,Lucas,Lee,lucas.lee991@example.com,882-693-2106,5590 Maple St,Nashville,TN,89761,2026-02-04,Silver
CUST00992,Liam,Anderson,liam.anderson992@example.com,801-921-1217,3911 Maple St,Miami,FL,90786,2024-04-10,Bronze
CUST00993,Jessica,Ramirez,jessica.ramirez993@example.com,449-834-2300,1081 Oak St,Minneapolis,MN,59089,2026-05-17,Bronze
CUST00994,Richard,Martinez,richard.martinez994@example.com,409-857-1621,4000 Cedar St,Boston,MA,88390,2026-01-24,Gold
CUST00995,Arjun,Rodriguez,arjun.rodriguez995@example.com,525-859-1648,8633 Pine St,Atlanta,GA,64380,2025-03-12,Platinum
CUST00996,Mary,Anderson,mary.anderson996@example.com,950-539-6615,4069 Oak St,Nashville,TN,80688,2023-11-18,Gold
CUST00997,Jessica,Anderson,jessica.anderson997@example.com,590-733-6269,3107 2nd St,Columbus,OH,92546,2023-08-12,Bronze
CUST00998,Elena,Jones,elena.jones998@example.com,253-849-3318,3445 Oak St,Chicago,IL,22027,2024-07-20,Silver
CUST00999,Olivia,Wilson,olivia.wilson999@example.com,719-280-7983,7752 Sunset St,Chicago,IL,31516,2024-09-07,Bronze
CUST01000,Hiro,Lopez,hiro.lopez1000@example.com,454-510-5675,9544 2nd St,Columbus,OH,93309,2024-09-15,Bronze
CUST01001,Ivan,Garcia,ivan.garcia1001@example.com,607-586-3748,7812 2nd St,Phoenix,AZ,65403,2026-05-30,Silver
CUST01002,Hiro,Martinez,hiro.martinez1002@example.com,693-220-7249,7102 Pine St,Nashville,TN,20909,2025-04-05,Silver
CUST01003,Emma,Martinez,emma.martinez1003@example.com,944-379-5215,6333 2nd St,Miami,FL,50088,2026-02-13,Bronze
CUST01004,Carlos,Chen,carlos.chen1004@example.com,692-273-6459,2338 Cedar St,Columbus,OH,71506,2024-09-03,Bronze
CUST01005,Richard,Smith,richard.smith1005@example.com,712-947-7131,8151 2nd St,Austin,TX,64502,2025-10-16,Gold
CUST01006,Mei,Harris,mei.harris1006@example.com,515-856-2167,6797 Maple St,Portland,OR,26315,2025-09-26,Silver
CUST01007,William,Gonzalez,william.gonzalez1007@example.com,646-461-6711,8449 Cedar St,Minneapolis,MN,74044,2025-08-23,Gold
CUST01008,Patricia,Harris,patricia.harris1008@example.com,634-953-5043,4070 2nd St,Salt Lake City,UT,14522,2025-08-09,Gold
CUST01009,Mary,Martinez,mary.martinez1009@example.com,819-666-3414,4266 Oak St,Atlanta,GA,88924,2024-06-25,Bronze
CUST01010,Linda,Garcia,linda.garcia1010@example.com,928-593-7515,9703 Maple St,Raleigh,NC,77965,2024-08-20,Silver
CUST01011,William,Ramirez,william.ramirez1011@example.com,908-509-9202,8835 Cedar St,Atlanta,GA,60172,2025-04-21,Gold
CUST01012,Yuki,Garcia,yuki.garcia1012@example.com,851-786-6642,2438 Sunset St,Denver,CO,37462,2025-10-23,Gold
CUST01013,Karen,Smith,karen.smith1013@example.com,703-201-2587,1244 Pine St,Seattle,WA,64767,2026-07-10,Silver
CUST01014,Ethan,Jackson,ethan.jackson1014@example.com,641-374-3890,6238 Oak St,San Diego,CA,27607,2024-09-08,Silver
CUST01015,Barbara,Kumar,barbara.kumar1015@example.com,661-780-4482,3141 Oak St,Denver,CO,17730,2024-08-08,Platinum
CUST01016,Richard,Taylor,richard.taylor1016@example.com,618-651-2789,2821 Maple St,Salt Lake City,UT,48420,2024-01-22,Silver
CUST01017,Linda,Moore,linda.moore1017@example.com,550-230-4846,7929 2nd St,Denver,CO,98185,2024-02-22,Bronze
CUST01018,Patricia,Moore,patricia.moore1018@example.com,207-881-1685,1686 Oak St,Minneapolis,MN,78463,2023-08-14,Silver
CUST01019,Mia,Nakamura,mia.nakamura1019@example.com,472-697-8753,5621 Main St,Minneapolis,MN,66289,2025-06-19,Bronze
CUST01020,Arjun,Lee,arjun.lee1020@example.com,445-569-7528,6300 Main St,Nashville,TN,17502,2025-07-29,Platinum
CUST01021,Arjun,Miller,arjun.miller1021@example.com,667-915-7583,2375 Maple St,Austin,TX,88893,2024-04-07,Platinum
CUST01022,Noah,Moore,noah.moore1022@example.com,969-454-7036,7504 Main St,San Diego,CA,99939,2026-03-30,Silver
CUST01023,Yuki,Gonzalez,yuki.gonzalez1023@example.com,853-529-1272,6001 Pine St,Austin,TX,15997,2025-05-27,Gold
CUST01024,Fatima,Anderson,fatima.anderson1024@example.com,696-609-2333,5807 2nd St,Columbus,OH,72406,2024-02-21,Gold
CUST01025,Carlos,Jackson,carlos.jackson1025@example.com,399-929-3345,8620 Main St,Columbus,OH,76143,2023-10-04,Bronze
CUST01026,Elena,Garcia,elena.garcia1026@example.com,889-761-8648,2853 2nd St,Atlanta,GA,25162,2026-04-13,Gold
CUST01027,Emma,Thomas,emma.thomas1027@example.com,416-374-2465,1828 2nd St,Chicago,IL,13830,2024-06-23,Bronze
CUST01028,Carlos,Moore,carlos.moore1028@example.com,936-463-8803,2116 Cedar St,Chicago,IL,27793,2026-07-29,Gold
CUST01029,Elena,Garcia,elena.garcia1029@example.com,908-540-4666,9536 Pine St,Minneapolis,MN,88732,2023-12-10,Gold
CUST01030,Arjun,Harris,arjun.harris1030@example.com,934-960-7252,9306 Pine St,Salt Lake City,UT,67273,2024-11-19,Bronze
CUST01031,Thomas,Davis,thomas.davis1031@example.com,289-314-2460,5674 Cedar St,Atlanta,GA,87620,2024-08-19,Gold
CUST01032,Linda,Novak,linda.novak1032@example.com,330-520-7229,9552 Cedar St,Phoenix,AZ,10220,2025-04-27,Bronze
CUST01033,Sophia,Kim,sophia.kim1033@example.com,597-633-6237,6080 Pine St,Chicago,IL,99037,2024-04-14,Silver
CUST01034,Mia,Ivanov,mia.ivanov1034@example.com,309-604-1150,8919 Pine St,Chicago,IL,70372,2025-05-08,Bronze
CUST01035,Charles,Anderson,charles.anderson1035@example.com,896-666-3415,9954 Sunset St,Portland,OR,29119,2023-10-09,Silver
CUST01036,Priya,Martin,priya.martin1036@example.com,905-326-5480,9503 2nd St,Miami,FL,92716,2024-10-14,Silver
CUST01037,Charles,Harris,charles.harris1037@example.com,541-356-4450,3787 Cedar St,Austin,TX,16889,2024-07-31,Platinum
CUST01038,Elena,Sanchez,elena.sanchez1038@example.com,875-363-1353,9077 2nd St,Atlanta,GA,54225,2025-12-12,Gold
CUST01039,Ivan,Thompson,ivan.thompson1039@example.com,600-600-2176,8748 Cedar St,Minneapolis,MN,47098,2025-02-28,Gold
CUST01040,Richard,Chen,richard.chen1040@example.com,299-334-6298,9609 Pine St,Boston,MA,17094,2025-04-13,Silver
CUST01041,Ethan,Hernandez,ethan.hernandez1041@example.com,340-652-8904,4869 Oak St,Columbus,OH,37494,2024-10-19,Platinum
CUST01042,Richard,Smith,richard.smith1042@example.com,943-789-2670,2518 2nd St,Phoenix,AZ,65982,2024-07-09,Bronze
CUST01043,Michael,Thompson,michael.thompson1043@example.com,383-253-2922,8544 Cedar St,Portland,OR,54366,2026-01-04,Bronze
CUST01044,Lucas,Sanchez,lucas.sanchez1044@example.com,234-321-4946,6598 2nd St,Chicago,IL,49674,2024-07-18,Gold
CUST01045,Carlos,Garcia,carlos.garcia1045@example.com,674-865-7260,4609 Cedar St,Minneapolis,MN,95615,2026-01-27,Bronze
CUST01046,James,Davis,james.davis1046@example.com,284-324-9015,8451 Oak St,Denver,CO,13018,2026-04-08,Bronze
CUST01047,Michael,Ivanov,michael.ivanov1047@example.com,593-695-8105,4988 Main St,Seattle,WA,26414,2024-02-19,Bronze
CUST01048,John,Kim,john.kim1048@example.com,615-917-1323,6551 Main St,Seattle,WA,80309,2026-07-20,Silver
CUST01049,John,Nakamura,john.nakamura1049@example.com,798-751-3033,3499 Cedar St,Nashville,TN,25378,2024-08-04,Platinum
CUST01050,Mia,Lopez,mia.lopez1050@example.com,768-657-6149,2115 Maple St,Austin,TX,26884,2024-09-25,Gold
CUST01051,William,Garcia,william.garcia1051@example.com,462-971-1573,1486 Maple St,Miami,FL,76341,2025-04-02,Bronze
CUST01052,Emma,Hernandez,emma.hernandez1052@example.com,873-200-5068,5025 Maple St,Boston,MA,78084,2025-03-22,Gold
CUST01053,Emma,Lewis,emma.lewis1053@example.com,790-702-6127,8663 Sunset St,Seattle,WA,89452,2026-06-10,Bronze
CUST01054,Michael,Williams,michael.williams1054@example.com,237-392-3321,5010 Pine St,Chicago,IL,38208,2024-04-30,Silver
CUST01055,Olivia,Wilson,olivia.wilson1055@example.com,567-484-3105,7014 Maple St,Columbus,OH,82069,2025-01-03,Bronze
CUST01056,Carlos,Hernandez,carlos.hernandez1056@example.com,667-285-5164,7068 Cedar St,Boston,MA,28775,2024-09-20,Bronze
CUST01057,Lucas,Moore,lucas.moore1057@example.com,913-861-4156,6197 Main St,Raleigh,NC,96155,2026-06-12,Silver
CUST01058,William,Clark,william.clark1058@example.com,357-523-8104,6308 Maple St,Nashville,TN,89116,2024-12-18,Bronze
CUST01059,Sarah,Davis,sarah.davis1059@example.com,312-900-9984,6764 Maple St,Miami,FL,53169,2024-01-29,Bronze
CUST01060,Arjun,Moore,arjun.moore1060@example.com,431-480-1161,1704 2nd St,Seattle,WA,39127,2025-09-13,Bronze
CUST01061,Linda,Lopez,linda.lopez1061@example.com,945-513-9021,1665 Main St,Miami,FL,55731,2025-02-27,Silver
CUST01062,Sarah,Haddad,sarah.haddad1062@example.com,249-374-6210,6482 Oak St,Denver,CO,55242,2026-07-23,Silver
CUST01063,Mia,Sanchez,mia.sanchez1063@example.com,806-330-5244,255 Cedar St,Portland,OR,77314,2024-06-13,Gold
CUST01064,David,Martinez,david.martinez1064@example.com,781-953-5380,966 Cedar St,Boston,MA,93780,2025-08-27,Gold
CUST01065,Jessica,Haddad,jessica.haddad1065@example.com,923-668-3999,7291 Sunset St,Boston,MA,71428,2026-05-24,Bronze
CUST01066,Sarah,Ramirez,sarah.ramirez1066@example.com,935-434-6000,1524 Sunset St,Miami,FL,63282,2025-05-01,Platinum
CUST01067,Jennifer,Garcia,jennifer.garcia1067@example.com,947-445-2534,2805 Main St,Denver,CO,17525,2024-01-20,Gold
CUST01068,Charles,Chen,charles.chen1068@example.com,704-210-7946,8434 Cedar St,Salt Lake City,UT,27881,2026-04-08,Silver
CUST01069,Liam,Kim,liam.kim1069@example.com,327-615-1227,3215 Pine St,San Diego,CA,10955,2025-12-17,Gold
CUST01070,Emma,Thompson,emma.thompson1070@example.com,956-877-9652,793 Main St,Chicago,IL,68805,2024-07-10,Gold
CUST01071,Noah,Anderson,noah.anderson1071@example.com,276-575-3184,8516 Sunset St,Seattle,WA,16672,2025-12-12,Silver
CUST01072,Carlos,Hernandez,carlos.hernandez1072@example.com,315-546-5092,8932 Pine St,Phoenix,AZ,25448,2025-03-16,Bronze
CUST01073,Ivan,Jackson,ivan.jackson1073@example.com,418-202-7449,3662 Sunset St,Atlanta,GA,94275,2026-06-20,Platinum
CUST01074,Robert,Robinson,robert.robinson1074@example.com,832-699-1942,5928 Maple St,Salt Lake City,UT,90678,2026-02-27,Bronze
CUST01075,Karen,Thompson,karen.thompson1075@example.com,205-558-4050,6687 Sunset St,Denver,CO,11161,2024-02-23,Silver
CUST01076,Elena,Gonzalez,elena.gonzalez1076@example.com,741-726-3518,6829 Maple St,Denver,CO,73886,2023-08-14,Bronze
CUST01077,Thomas,Anderson,thomas.anderson1077@example.com,604-583-5903,6071 2nd St,Portland,OR,33878,2025-02-01,Bronze
CUST01078,Fatima,Lewis,fatima.lewis1078@example.com,343-562-8110,195 Sunset St,Seattle,WA,36013,2024-03-13,Bronze
CUST01079,Charles,Williams,charles.williams1079@example.com,604-631-6426,617 Oak St,Seattle,WA,97320,2024-09-10,Silver
CUST01080,Sarah,Davis,sarah.davis1080@example.com,700-763-9119,2187 Sunset St,Boston,MA,62412,2026-05-23,Gold
CUST01081,Carlos,Rodriguez,carlos.rodriguez1081@example.com,310-221-3066,2648 Sunset St,Denver,CO,75536,2023-08-27,Platinum
CUST01082,Jessica,Brown,jessica.brown1082@example.com,550-639-1131,7216 2nd St,Raleigh,NC,47940,2025-02-27,Silver
CUST01083,Jennifer,Ramirez,jennifer.ramirez1083@example.com,832-356-9376,3161 Oak St,Chicago,IL,46849,2024-03-22,Platinum
CUST01084,Thomas,Thomas,thomas.thomas1084@example.com,639-403-8764,1788 Cedar St,Raleigh,NC,75841,2024-08-05,Bronze
CUST01085,Sophia,Martinez,sophia.martinez1085@example.com,323-335-7574,728 Sunset St,Chicago,IL,35189,2024-05-25,Silver
CUST01086,Mary,Gonzalez,mary.gonzalez1086@example.com,252-589-7673,8701 Sunset St,Denver,CO,93009,2024-11-15,Bronze
CUST01087,Arjun,Ramirez,arjun.ramirez1087@example.com,262-722-7997,946 Sunset St,Portland,OR,24425,2025-02-01,Bronze
CUST01088,Sarah,Thompson,sarah.thompson1088@example.com,628-452-6240,879 Oak St,San Diego,CA,15359,2023-08-01,Bronze
CUST01089,Priya,Wilson,priya.wilson1089@example.com,683-486-2650,7159 Oak St,Atlanta,GA,43064,2026-05-02,Bronze
CUST01090,Arjun,Martin,arjun.martin1090@example.com,299-885-1223,9140 Pine St,Denver,CO,27079,2025-06-08,Bronze
CUST01091,Mei,Ivanov,mei.ivanov1091@example.com,819-580-4903,4621 Oak St,Miami,FL,86588,2025-09-24,Bronze
CUST01092,Michael,Rodriguez,michael.rodriguez1092@example.com,960-816-2971,772 Main St,Raleigh,NC,95767,2024-08-24,Bronze
CUST01093,Fatima,Miller,fatima.miller1093@example.com,759-833-6618,5039 Cedar St,Denver,CO,72154,2024-09-16,Silver
CUST01094,Elizabeth,Williams,elizabeth.williams1094@example.com,396-628-5137,9280 Sunset St,Seattle,WA,57973,2026-02-03,Gold
CUST01095,Linda,Ramirez,linda.ramirez1095@example.com,694-629-9581,8355 Pine St,Denver,CO,12867,2024-07-06,Silver
CUST01096,Sarah,Rodriguez,sarah.rodriguez1096@example.com,246-779-1996,3216 Cedar St,Atlanta,GA,62100,2026-05-09,Gold
CUST01097,Emma,Kumar,emma.kumar1097@example.com,369-648-9344,6393 Main St,Denver,CO,61150,2025-10-28,Silver
CUST01098,Sarah,Wilson,sarah.wilson1098@example.com,203-363-4568,9801 Cedar St,Seattle,WA,11161,2026-06-15,Silver
CUST01099,Liam,Nakamura,liam.nakamura1099@example.com,510-425-5855,4499 Main St,Atlanta,GA,25611,2024-07-15,Bronze
CUST01100,Robert,Kim,robert.kim1100@example.com,498-240-3427,4650 Oak St,Chicago,IL,45446,2023-11-13,Gold
CUST01101,Jessica,Wilson,jessica.wilson1101@example.com,318-201-6692,6147 Sunset St,Miami,FL,20911,2025-01-21,Gold
CUST01102,David,Clark,david.clark1102@example.com,826-501-6318,1038 Cedar St,Salt Lake City,UT,11364,2025-07-28,Bronze
CUST01103,Sarah,Lopez,sarah.lopez1103@example.com,216-750-2743,6358 Cedar St,Atlanta,GA,43730,2024-09-25,Platinum
CUST01104,Fatima,Anderson,fatima.anderson1104@example.com,475-408-7479,2650 2nd St,Phoenix,AZ,40372,2026-01-04,Bronze
CUST01105,Elizabeth,Walker,elizabeth.walker1105@example.com,707-385-8526,3131 Pine St,Denver,CO,33083,2024-08-20,Silver
CUST01106,Elena,Lopez,elena.lopez1106@example.com,488-221-6081,2769 Oak St,Raleigh,NC,61668,2024-08-18,Bronze
CUST01107,Elizabeth,Jones,elizabeth.jones1107@example.com,451-665-7594,1742 Cedar St,Boston,MA,79045,2024-05-07,Gold
CUST01108,James,Haddad,james.haddad1108@example.com,586-593-1339,1902 Pine St,Denver,CO,11776,2023-10-28,Bronze
CUST01109,Jessica,Garcia,jessica.garcia1109@example.com,346-842-1221,253 Pine St,Atlanta,GA,23938,2025-06-23,Platinum
CUST01110,Jennifer,Gonzalez,jennifer.gonzalez1110@example.com,691-977-8279,2772 Sunset St,Seattle,WA,53483,2026-04-06,Bronze
CUST01111,Jessica,Brown,jessica.brown1111@example.com,908-473-9906,2116 Maple St,Miami,FL,15836,2024-02-26,Silver
CUST01112,Charles,Miller,charles.miller1112@example.com,625-345-1019,3775 Maple St,Miami,FL,39710,2025-12-21,Silver
CUST01113,Elizabeth,Thompson,elizabeth.thompson1113@example.com,493-431-7303,1941 2nd St,Raleigh,NC,32224,2024-03-12,Bronze
CUST01114,Michael,Jackson,michael.jackson1114@example.com,278-830-6467,2039 Sunset St,Phoenix,AZ,21115,2023-10-27,Silver
CUST01115,Elizabeth,Lopez,elizabeth.lopez1115@example.com,743-542-3971,7067 Oak St,Boston,MA,97460,2025-04-08,Silver
CUST01116,Charles,Thompson,charles.thompson1116@example.com,306-477-9179,6147 Sunset St,Salt Lake City,UT,20009,2023-08-04,Platinum
CUST01117,Elizabeth,Martinez,elizabeth.martinez1117@example.com,351-599-8318,7938 Pine St,Phoenix,AZ,18822,2024-03-18,Silver
CUST01118,Hiro,Moore,hiro.moore1118@example.com,292-530-3089,3079 Pine St,Seattle,WA,60465,2025-07-22,Bronze
CUST01119,Elena,Ramirez,elena.ramirez1119@example.com,910-623-6463,2364 Pine St,Portland,OR,95715,2024-12-15,Silver
CUST01120,Yuki,Chen,yuki.chen1120@example.com,751-746-9070,8824 Main St,Portland,OR,40161,2025-09-25,Bronze
CUST01121,Sophia,Clark,sophia.clark1121@example.com,791-910-4593,1529 Oak St,Miami,FL,57409,2023-08-05,Bronze
CUST01122,Mary,White,mary.white1122@example.com,685-336-2804,1076 Sunset St,Miami,FL,57298,2024-05-11,Bronze
CUST01123,Omar,Martinez,omar.martinez1123@example.com,764-631-4973,3552 Pine St,Nashville,TN,39437,2023-11-22,Gold
CUST01124,David,Davis,david.davis1124@example.com,920-346-7184,531 Cedar St,San Diego,CA,65667,2025-08-30,Bronze
CUST01125,Michael,Ivanov,michael.ivanov1125@example.com,688-808-3591,594 Oak St,Denver,CO,57873,2024-05-15,Bronze
CUST01126,Jessica,Jones,jessica.jones1126@example.com,782-626-3452,3088 2nd St,Austin,TX,28364,2026-07-15,Gold
CUST01127,Karen,Walker,karen.walker1127@example.com,939-545-8274,316 Sunset St,Boston,MA,24583,2024-06-14,Bronze
CUST01128,Ethan,Williams,ethan.williams1128@example.com,969-377-9245,2727 Maple St,Columbus,OH,61955,2025-12-14,Gold
CUST01129,Omar,Chen,omar.chen1129@example.com,464-785-9222,5114 Cedar St,San Diego,CA,39794,2025-12-14,Bronze
CUST01130,Sarah,Garcia,sarah.garcia1130@example.com,586-328-4471,6660 Main St,Miami,FL,17339,2024-10-21,Silver
CUST01131,Barbara,Chen,barbara.chen1131@example.com,279-909-8674,7921 Sunset St,Columbus,OH,95550,2025-11-06,Platinum
CUST01132,Carlos,Hernandez,carlos.hernandez1132@example.com,580-862-7950,3290 Sunset St,Austin,TX,24208,2024-02-29,Bronze
CUST01133,Mei,Haddad,mei.haddad1133@example.com,543-228-4924,4723 Oak St,Minneapolis,MN,80984,2024-03-05,Bronze
CUST01134,Susan,Haddad,susan.haddad1134@example.com,974-516-4075,9138 Oak St,Austin,TX,93674,2023-10-05,Bronze
CUST01135,Sarah,Garcia,sarah.garcia1135@example.com,778-245-8926,848 Maple St,Columbus,OH,51232,2024-02-06,Bronze
CUST01136,James,Thompson,james.thompson1136@example.com,489-607-9195,3292 Sunset St,Minneapolis,MN,61202,2025-07-28,Bronze
CUST01137,Michael,Perez,michael.perez1137@example.com,959-715-2654,8327 Pine St,Boston,MA,29685,2023-09-17,Silver
CUST01138,Carlos,Walker,carlos.walker1138@example.com,238-497-3641,2582 Cedar St,Columbus,OH,70700,2024-01-08,Gold
CUST01139,Jennifer,Anderson,jennifer.anderson1139@example.com,420-897-3307,2738 Main St,Salt Lake City,UT,77672,2026-07-06,Platinum
CUST01140,Arjun,Lewis,arjun.lewis1140@example.com,334-547-5765,6003 Main St,Minneapolis,MN,66479,2023-10-20,Gold
CUST01141,Carlos,Thomas,carlos.thomas1141@example.com,825-821-2228,2596 Main St,Chicago,IL,92285,2026-05-14,Bronze
CUST01142,James,Martinez,james.martinez1142@example.com,516-760-2428,8274 Maple St,Minneapolis,MN,69612,2025-05-03,Bronze
CUST01143,Charles,Hernandez,charles.hernandez1143@example.com,486-790-6952,5889 Maple St,Denver,CO,19323,2024-07-31,Gold
CUST01144,Omar,Taylor,omar.taylor1144@example.com,462-981-8242,2401 Maple St,Portland,OR,84545,2026-04-25,Bronze
CUST01145,Mei,Jackson,mei.jackson1145@example.com,618-834-3113,7322 Sunset St,Boston,MA,77171,2025-05-03,Bronze
CUST01146,Jennifer,Clark,jennifer.clark1146@example.com,660-469-1699,1034 Cedar St,Miami,FL,42088,2023-08-16,Bronze
CUST01147,Michael,Jackson,michael.jackson1147@example.com,362-783-7541,1295 Oak St,Boston,MA,60885,2026-03-03,Gold
CUST01148,Jennifer,Thompson,jennifer.thompson1148@example.com,679-857-9767,7716 Maple St,Portland,OR,21248,2024-08-03,Gold
CUST01149,Michael,Sanchez,michael.sanchez1149@example.com,643-404-7578,5485 Maple St,Minneapolis,MN,51587,2025-07-01,Silver
CUST01150,Elena,Wilson,elena.wilson1150@example.com,959-687-2873,4660 2nd St,San Diego,CA,15017,2024-06-13,Silver
CUST01151,Elizabeth,Wilson,elizabeth.wilson1151@example.com,781-232-7230,1122 Pine St,Phoenix,AZ,57381,2025-12-27,Silver
CUST01152,Susan,Brown,susan.brown1152@example.com,223-976-7929,4521 Sunset St,Chicago,IL,93320,2024-07-25,Bronze
CUST01153,Elizabeth,Jones,elizabeth.jones1153@example.com,614-283-5887,7496 Pine St,Atlanta,GA,65013,2026-07-09,Bronze
CUST01154,Thomas,Lopez,thomas.lopez1154@example.com,255-294-8021,5703 Pine St,Nashville,TN,48915,2024-07-01,Bronze
CUST01155,Wei,Clark,wei.clark1155@example.com,686-748-3632,7256 Sunset St,Portland,OR,84752,2025-10-04,Platinum
CUST01156,James,Chen,james.chen1156@example.com,811-403-2274,9577 Main St,Minneapolis,MN,28955,2025-05-24,Gold
CUST01157,Priya,Smith,priya.smith1157@example.com,669-351-9182,5284 Maple St,Seattle,WA,98335,2025-11-09,Bronze
CUST01158,Noah,Smith,noah.smith1158@example.com,328-849-8361,9576 Maple St,Portland,OR,14782,2024-10-20,Gold
CUST01159,Richard,Clark,richard.clark1159@example.com,759-370-7185,3641 Sunset St,San Diego,CA,37494,2024-08-25,Gold
CUST01160,Ava,Smith,ava.smith1160@example.com,572-216-5947,5129 Main St,Phoenix,AZ,26350,2026-05-18,Gold
CUST01161,Omar,Clark,omar.clark1161@example.com,560-560-9887,7077 Main St,Boston,MA,54017,2024-03-19,Bronze
CUST01162,Omar,Ramirez,omar.ramirez1162@example.com,381-766-3664,8992 2nd St,Phoenix,AZ,60012,2025-03-05,Platinum
CUST01163,Hiro,Jackson,hiro.jackson1163@example.com,835-301-2435,1800 Maple St,San Diego,CA,95147,2023-09-02,Silver
CUST01164,Yuki,Miller,yuki.miller1164@example.com,967-969-9924,1733 Cedar St,Portland,OR,68209,2026-05-26,Silver
CUST01165,Robert,Jackson,robert.jackson1165@example.com,630-416-4651,7548 Main St,Nashville,TN,59948,2024-03-21,Bronze
CUST01166,Ivan,Davis,ivan.davis1166@example.com,675-622-7484,224 Sunset St,Phoenix,AZ,39351,2026-06-04,Bronze
CUST01167,Sarah,Taylor,sarah.taylor1167@example.com,624-889-4957,168 2nd St,Atlanta,GA,14282,2023-08-31,Bronze
CUST01168,Elizabeth,White,elizabeth.white1168@example.com,731-959-6201,5590 Oak St,Nashville,TN,84997,2025-12-27,Bronze
CUST01169,Olivia,Sanchez,olivia.sanchez1169@example.com,831-859-7444,945 Pine St,Chicago,IL,85740,2025-12-25,Bronze
CUST01170,Lucas,Harris,lucas.harris1170@example.com,377-612-6212,8575 Oak St,San Diego,CA,67331,2024-11-15,Bronze
CUST01171,David,Kumar,david.kumar1171@example.com,846-790-7422,4363 Pine St,Denver,CO,82470,2024-06-20,Bronze
CUST01172,Susan,Garcia,susan.garcia1172@example.com,226-647-1189,9820 Oak St,Denver,CO,13646,2024-01-08,Silver
CUST01173,Carlos,Johnson,carlos.johnson1173@example.com,951-333-8433,5967 Oak St,San Diego,CA,41420,2024-10-27,Bronze
CUST01174,Richard,Kim,richard.kim1174@example.com,451-943-7194,4367 Cedar St,Nashville,TN,16782,2025-02-13,Bronze
CUST01175,Elizabeth,Johnson,elizabeth.johnson1175@example.com,793-305-2817,7622 Main St,Raleigh,NC,26080,2024-03-06,Bronze
CUST01176,Charles,Taylor,charles.taylor1176@example.com,384-295-2267,8197 Pine St,Salt Lake City,UT,57369,2024-09-28,Silver
CUST01177,Michael,Patel,michael.patel1177@example.com,222-623-2205,8071 Cedar St,Minneapolis,MN,20002,2024-10-03,Gold
CUST01178,Yuki,Harris,yuki.harris1178@example.com,521-848-8387,2739 Oak St,Salt Lake City,UT,49158,2023-08-20,Bronze
CUST01179,Ava,Haddad,ava.haddad1179@example.com,232-320-6616,5781 2nd St,Nashville,TN,90478,2023-08-10,Bronze
CUST01180,Noah,Taylor,noah.taylor1180@example.com,324-397-1484,8881 Maple St,Salt Lake City,UT,77894,2026-06-13,Platinum
CUST01181,Elizabeth,Wilson,elizabeth.wilson1181@example.com,573-317-4554,583 Sunset St,Nashville,TN,28161,2024-10-23,Bronze
CUST01182,David,Moore,david.moore1182@example.com,693-404-2506,5810 Cedar St,Atlanta,GA,82285,2025-03-24,Silver
CUST01183,Elena,Ramirez,elena.ramirez1183@example.com,609-397-5097,2933 Oak St,Miami,FL,46842,2025-10-12,Bronze
CUST01184,Sophia,Ivanov,sophia.ivanov1184@example.com,369-410-8992,7201 2nd St,Atlanta,GA,65540,2025-02-06,Platinum
CUST01185,Priya,Miller,priya.miller1185@example.com,592-639-4272,9392 Sunset St,Columbus,OH,59015,2023-12-09,Silver
CUST01186,William,Williams,william.williams1186@example.com,459-800-7714,4908 Main St,Miami,FL,94554,2026-07-21,Bronze
CUST01187,Sofia,Johnson,sofia.johnson1187@example.com,384-530-8035,3146 Sunset St,Denver,CO,42154,2023-12-26,Bronze
CUST01188,Mei,White,mei.white1188@example.com,521-325-1157,5319 Cedar St,Seattle,WA,11428,2025-06-03,Bronze
CUST01189,Omar,Novak,omar.novak1189@example.com,529-438-2085,6417 Sunset St,Minneapolis,MN,88879,2024-10-07,Silver
CUST01190,Susan,Miller,susan.miller1190@example.com,484-933-2225,9503 Cedar St,Miami,FL,65279,2026-01-07,Bronze
CUST01191,Priya,Gonzalez,priya.gonzalez1191@example.com,250-705-9169,866 Sunset St,Chicago,IL,65212,2024-03-31,Bronze
CUST01192,Fatima,Hernandez,fatima.hernandez1192@example.com,534-805-7272,3973 Main St,Columbus,OH,12787,2025-03-05,Bronze
CUST01193,Ethan,Novak,ethan.novak1193@example.com,672-491-3147,6699 Maple St,Austin,TX,79922,2026-07-15,Bronze
CUST01194,Arjun,Johnson,arjun.johnson1194@example.com,681-297-7800,5031 Sunset St,Denver,CO,51574,2025-07-08,Silver
CUST01195,Jennifer,Chen,jennifer.chen1195@example.com,520-705-1771,6544 Sunset St,Minneapolis,MN,69582,2026-05-06,Platinum
CUST01196,Ethan,Davis,ethan.davis1196@example.com,582-832-2683,579 Oak St,Nashville,TN,16269,2023-08-21,Bronze
CUST01197,Michael,Lee,michael.lee1197@example.com,904-941-8138,3808 Oak St,Nashville,TN,21536,2024-08-25,Gold
CUST01198,Mei,Kim,mei.kim1198@example.com,904-253-5254,805 Maple St,Austin,TX,16291,2025-04-14,Bronze
CUST01199,Thomas,Perez,thomas.perez1199@example.com,827-588-5422,2890 Oak St,San Diego,CA,86474,2026-02-28,Bronze
CUST01200,David,Lee,david.lee1200@example.com,351-971-7771,7420 Cedar St,Nashville,TN,26039,2026-07-03,Silver
