order_id,customer_id,order_date,items,order_total,payment_method,order_status
ORD100001,CUST00111,2025-09-14,PROD0073:3:197.85,593.55,Mastercard,Delivered
ORD100002,CUST00650,2025-11-01,PROD0105:4:114.17,456.68,Mastercard,Delivered
ORD100003,CUST00701,2026-02-16,PROD0242:4:23.74|PROD0193:2:29.24,153.44,Visa,Processing
ORD100004,CUST00060,2025-10-06,PROD0168:3:193.82,581.46,Apple Pay,Processing
ORD100005,CUST00807,2026-04-29,PROD0251:5:9.74,48.7,Store Credit,Delivered
ORD100006,CUST00030,2025-09-07,PROD0071:2:156.65|PROD0256:1:7.79,321.09,PayPal,Delivered
ORD100007,CUST00711,2026-04-02,PROD0216:2:7.93,15.86,Apple Pay,Delivered
ORD100008,CUST00026,2025-10-20,PROD0295:5:56.15,280.75,PayPal,Delivered
ORD100009,CUST00090,2026-06-19,PROD0231:5:10.76,53.8,PayPal,Delivered
ORD100010,CUST01089,2026-02-11,PROD0041:3:26.94|PROD0077:5:34.86|PROD0004:3:9.47,283.53,Store Credit,Delivered
ORD100011,CUST01164,2026-03-22,PROD0190:3:68.53,205.59,Apple Pay,Delivered
ORD100012,CUST00407,2026-01-12,PROD0019:5:32.14,160.7,Apple Pay,Delivered
ORD100013,CUST00749,2026-06-19,PROD0141:3:98.61,295.83,Apple Pay,Returned
ORD100014,CUST00749,2026-06-06,PROD0052:3:62.04|PROD0196:3:161.82|PROD0263:4:22.13|PROD0041:4:26.94,867.86,Apple Pay,Delivered
ORD100015,CUST01118,2026-06-10,PROD0125:1:19.13,19.13,PayPal,Delivered
ORD100016,CUST00367,2026-07-12,PROD0003:4:159.09,636.36,PayPal,Delivered
ORD100017,CUST00901,2026-07-28,PROD0033:5:50.93,254.65,Apple Pay,Delivered
ORD100018,CUST00272,2025-08-05,PROD0164:3:106.62,319.86,Mastercard,Delayed
ORD100019,CUST00765,2026-05-18,PROD0250:2:8.48|PROD0288:5:79.59|PROD0177:3:58.87|PROD0043:3:53.62,752.38,Amex,Delivered
ORD100020,CUST00396,2025-08-10,PROD0146:4:25.49|PROD0285:2:33.77,169.5,Store Credit,Delivered
ORD100021,CUST00905,2026-05-18,PROD0082:4:33.12,132.48,Amex,Shipped
ORD100022,CUST00432,2026-07-16,PROD0163:4:76.48|PROD0258:2:29.27|PROD0275:4:91.6|PROD0273:4:84.74,1069.82,Amex,Processing
ORD100023,CUST00921,2025-10-18,PROD0091:5:94.44|PROD0205:3:97.84|PROD0148:4:59.66|PROD0002:2:96.62,1197.6,Visa,Out for Delivery
ORD100024,CUST00365,2026-06-07,PROD0042:4:241.7|PROD0293:1:26.46,993.26,Mastercard,Delivered
ORD100025,CUST00686,2026-06-29,PROD0262:2:174.58,349.16,Mastercard,Delayed
ORD100026,CUST00972,2025-08-14,PROD0237:4:10.39,41.56,Store Credit,Delivered
ORD100027,CUST00728,2025-08-02,PROD0209:4:12.86|PROD0267:4:85.78,394.56,PayPal,Delivered
ORD100028,CUST00030,2025-08-19,PROD0262:4:174.58,698.32,Visa,Delivered
ORD100029,CUST01102,2026-01-19,PROD0125:4:19.13,76.52,Visa,Delivered
ORD100030,CUST01032,2026-03-14,PROD0231:3:10.76,32.28,Store Credit,Shipped
ORD100031,CUST00325,2026-05-16,PROD0244:3:28.97|PROD0226:2:121.6,330.11,Apple Pay,Processing
ORD100032,CUST00605,2025-12-26,PROD0132:2:14.3|PROD0117:5:34.38|PROD0015:3:33.9,302.2,Visa,Delivered
ORD100033,CUST00994,2026-06-26,PROD0269:4:144.62,578.48,PayPal,Delivered
ORD100034,CUST00605,2025-09-29,PROD0183:4:73.54|PROD0256:5:7.79,333.11,Visa,Cancelled
ORD100035,CUST01074,2025-11-23,PROD0187:4:21.11|PROD0017:1:145.85,230.29,Store Credit,Returned
ORD100036,CUST00206,2025-10-31,PROD0126:4:82.81|PROD0117:2:34.38,400.0,Store Credit,Delivered
ORD100037,CUST00069,2026-05-25,PROD0245:1:74.39|PROD0238:5:88.09,514.84,Visa,Cancelled
ORD100038,CUST01072,2025-09-05,PROD0060:4:25.69,102.76,Mastercard,Delivered
ORD100039,CUST00989,2025-09-25,PROD0227:5:148.49|PROD0100:5:81.87,1151.8,Visa,Processing
ORD100040,CUST00126,2026-06-02,PROD0091:3:94.44,283.32,Store Credit,Shipped
ORD100041,CUST00374,2026-04-05,PROD0261:4:78.93,315.72,Mastercard,Delivered
ORD100042,CUST00768,2025-10-31,PROD0056:2:242.05,484.1,Store Credit,Delivered
ORD100043,CUST00431,2026-05-18,PROD0166:2:36.87|PROD0081:4:27.98,185.66,Mastercard,Processing
ORD100044,CUST00869,2026-01-12,PROD0243:3:47.44|PROD0214:4:21.47|PROD0138:3:18.75|PROD0118:3:5.27,300.26,Amex,Delivered
ORD100045,CUST00070,2026-02-28,PROD0207:1:26.58,26.58,Amex,Returned
ORD100046,CUST00816,2025-12-27,PROD0013:4:24.34|PROD0165:3:38.86|PROD0219:5:122.77,827.79,Mastercard,Shipped
ORD100047,CUST00237,2026-04-01,PROD0241:2:95.92|PROD0024:3:45.08|PROD0200:5:39.66|PROD0250:5:8.48,567.78,Visa,Delivered
ORD100048,CUST00714,2025-09-05,PROD0212:2:40.49,80.98,Store Credit,Cancelled
ORD100049,CUST01078,2026-05-13,PROD0126:3:82.81,248.43,Apple Pay,Shipped
ORD100050,CUST00914,2025-11-16,PROD0240:2:55.35,110.7,Amex,Delivered
ORD100051,CUST00700,2025-08-23,PROD0031:1:213.56|PROD0263:5:22.13|PROD0192:4:129.12,840.69,Store Credit,Returned
ORD100052,CUST00272,2025-09-25,PROD0263:1:22.13,22.13,PayPal,Shipped
ORD100053,CUST00863,2025-10-15,PROD0038:5:153.69|PROD0094:3:136.82,1178.91,Apple Pay,Delivered
ORD100054,CUST00935,2026-02-14,PROD0116:3:9.23,27.69,Amex,Delivered
ORD100055,CUST00423,2026-01-03,PROD0014:5:232.45,1162.25,Visa,Shipped
ORD100056,CUST01078,2026-01-01,PROD0139:2:31.77,63.54,Mastercard,Returned
ORD100057,CUST00957,2025-11-13,PROD0229:4:30.85,123.4,Mastercard,Delivered
ORD100058,CUST00734,2026-01-08,PROD0108:1:128.9,128.9,Amex,Processing
ORD100059,CUST00239,2025-09-25,PROD0009:4:31.16|PROD0004:1:9.47|PROD0195:3:16.36|PROD0216:3:7.93,206.98,Visa,Returned
ORD100060,CUST01172,2026-06-26,PROD0024:2:45.08|PROD0073:5:197.85|PROD0128:1:112.67,1192.08,Mastercard,Delivered
ORD100061,CUST00045,2025-10-18,PROD0090:5:15.79,78.95,Apple Pay,Returned
ORD100062,CUST00853,2026-06-15,PROD0136:5:75.27,376.35,Visa,Delivered
ORD100063,CUST00070,2026-06-01,PROD0087:1:72.87|PROD0081:1:27.98,100.85,Mastercard,Delivered
ORD100064,CUST00002,2026-01-05,PROD0132:2:14.3,28.6,Store Credit,Delivered
ORD100065,CUST00734,2025-10-11,PROD0043:1:53.62,53.62,Amex,Processing
ORD100066,CUST00216,2025-12-04,PROD0095:3:26.42,79.26,PayPal,Delivered
ORD100067,CUST01158,2025-08-16,PROD0198:2:74.76|PROD0025:2:16.49,182.5,Apple Pay,Delivered
ORD100068,CUST00692,2026-01-22,PROD0296:4:70.76,283.04,Mastercard,Delivered
ORD100069,CUST00186,2026-01-18,PROD0096:3:50.63,151.89,PayPal,Delivered
ORD100070,CUST00874,2026-06-23,PROD0279:2:19.87,39.74,PayPal,Delivered
ORD100071,CUST00354,2026-05-09,PROD0043:5:53.62|PROD0259:2:27.72|PROD0094:2:136.82|PROD0204:2:171.38,939.94,Mastercard,Processing
ORD100072,CUST00725,2026-04-25,PROD0078:5:167.27|PROD0289:5:44.66,1059.65,Store Credit,Delivered
ORD100073,CUST01072,2026-06-19,PROD0116:5:9.23|PROD0078:4:167.27|PROD0277:2:30.38,775.99,PayPal,Delivered
ORD100074,CUST00970,2025-07-30,PROD0285:3:33.77,101.31,Apple Pay,Delivered
ORD100075,CUST00497,2026-02-15,PROD0215:5:59.37|PROD0201:2:12.0,320.85,Amex,Delivered
ORD100076,CUST00711,2025-12-18,PROD0006:5:6.78|PROD0061:3:25.67,110.91,Apple Pay,Shipped
ORD100077,CUST00532,2026-03-19,PROD0175:3:37.15,111.45,Visa,Returned
ORD100078,CUST00998,2025-12-26,PROD0053:1:30.53,30.53,Store Credit,Returned
ORD100079,CUST00822,2025-12-20,PROD0142:3:68.42|PROD0129:4:19.99|PROD0261:3:78.93,522.01,Visa,Returned
ORD100080,CUST00354,2026-07-05,PROD0250:5:8.48,42.4,Store Credit,Shipped
ORD100081,CUST00070,2025-11-29,PROD0216:4:7.93,31.72,Visa,Processing
ORD100082,CUST00864,2026-03-12,PROD0294:4:28.58|PROD0268:4:34.77|PROD0020:1:33.7,287.1,Mastercard,Delivered
ORD100083,CUST00520,2026-01-29,PROD0177:3:58.87|PROD0181:4:4.29|PROD0128:1:112.67,306.44,Apple Pay,Delivered
ORD100084,CUST00714,2025-10-26,PROD0046:5:33.24|PROD0171:5:115.91|PROD0181:2:4.29,754.33,Amex,Delivered
ORD100085,CUST01155,2026-02-10,PROD0249:3:9.97,29.91,PayPal,Delivered
ORD100086,CUST00059,2026-04-15,PROD0287:5:49.41|PROD0152:5:34.78,420.95,Store Credit,Delivered
ORD100087,CUST00299,2026-01-20,PROD0204:2:171.38,342.76,Visa,Cancelled
ORD100088,CUST00602,2026-06-09,PROD0043:2:53.62|PROD0166:4:36.87,254.72,Mastercard,Delayed
ORD100089,CUST00449,2025-12-02,PROD0226:1:121.6|PROD0111:3:31.83|PROD0075:2:42.82,302.73,Store Credit,Returned
ORD100090,CUST01115,2025-11-27,PROD0183:1:73.54,73.54,Mastercard,Returned
ORD100091,CUST00467,2026-01-24,PROD0284:4:36.34|PROD0115:3:182.29,692.23,Visa,Shipped
ORD100092,CUST00110,2026-06-27,PROD0178:4:137.06,548.24,Mastercard,Cancelled
ORD100093,CUST00128,2025-09-01,PROD0142:5:68.42|PROD0292:4:56.02|PROD0130:4:30.13|PROD0015:2:33.9,754.5,Mastercard,Returned
ORD100094,CUST00645,2025-08-02,PROD0028:5:89.71|PROD0184:1:76.1|PROD0062:5:20.08|PROD0037:4:94.05,1001.25,Apple Pay,Processing
ORD100095,CUST00559,2025-10-29,PROD0016:3:12.58|PROD0254:1:110.83|PROD0062:1:20.08,168.65,Store Credit,Returned
ORD100096,CUST00245,2025-10-31,PROD0182:2:235.58,471.16,Amex,Processing
ORD100097,CUST00022,2025-12-10,PROD0117:3:34.38,103.14,Apple Pay,Returned
ORD100098,CUST00122,2026-07-14,PROD0087:1:72.87,72.87,Store Credit,Returned
ORD100099,CUST00354,2025-11-03,PROD0256:5:7.79|PROD0094:2:136.82,312.59,Visa,Returned
ORD100100,CUST00364,2026-04-15,PROD0228:1:11.51,11.51,Store Credit,Shipped
ORD100101,CUST01020,2025-11-05,PROD0173:5:42.3|PROD0233:4:82.05,539.7,Visa,Processing
ORD100102,CUST00972,2026-01-19,PROD0073:2:197.85,395.7,PayPal,Returned
ORD100103,CUST00203,2026-04-22,PROD0165:5:38.86,194.3,Apple Pay,Shipped
ORD100104,CUST00740,2025-12-26,PROD0219:1:122.77|PROD0207:4:26.58|PROD0223:1:26.93|PROD0194:4:48.76,451.06,Store Credit,Delivered
ORD100105,CUST00241,2025-11-03,PROD0158:3:22.41|PROD0293:1:26.46|PROD0278:5:43.45|PROD0089:1:58.99,369.93,Amex,Delivered
ORD100106,CUST00203,2026-03-21,PROD0114:4:67.83|PROD0164:2:106.62|PROD0038:5:153.69|PROD0105:5:114.17,1823.86,PayPal,Delivered
ORD100107,CUST01049,2026-01-15,PROD0200:1:39.66|PROD0117:2:34.38|PROD0191:2:66.03|PROD0206:5:37.39,427.43,Apple Pay,Delivered
ORD100108,CUST00281,2026-02-27,PROD0194:4:48.76|PROD0143:3:209.56|PROD0098:5:87.67,1262.07,Apple Pay,Delivered
ORD100109,CUST01004,2025-10-19,PROD0251:5:9.74|PROD0035:3:186.35|PROD0094:2:136.82,881.39,Amex,Returned
ORD100110,CUST00809,2025-11-10,PROD0285:5:33.77|PROD0255:1:175.96|PROD0103:4:35.6|PROD0066:4:117.07,955.49,Mastercard,Delivered
ORD100111,CUST00092,2025-10-11,PROD0022:5:55.37,276.85,Mastercard,Processing
ORD100112,CUST00652,2025-08-21,PROD0079:3:107.7|PROD0175:2:37.15,397.4,Mastercard,Delivered
ORD100113,CUST00756,2025-11-01,PROD0172:1:30.66|PROD0225:4:129.56,548.9,Mastercard,Delivered
ORD100114,CUST00972,2026-02-24,PROD0009:5:31.16,155.8,Apple Pay,Processing
ORD100115,CUST00759,2025-08-18,PROD0054:2:55.49,110.98,Visa,Delivered
ORD100116,CUST00073,2026-05-14,PROD0011:4:22.2,88.8,Apple Pay,Returned
ORD100117,CUST00932,2026-04-01,PROD0079:3:107.7|PROD0233:2:82.05|PROD0275:2:91.6,670.4,Apple Pay,Delivered
ORD100118,CUST00970,2025-10-11,PROD0211:5:15.2,76.0,PayPal,Delayed
ORD100119,CUST01036,2026-03-14,PROD0238:4:88.09|PROD0187:2:21.11|PROD0173:5:42.3|PROD0167:2:13.38,632.84,Apple Pay,Delivered
ORD100120,CUST00636,2026-02-16,PROD0056:5:242.05,1210.25,Amex,Out for Delivery
ORD100121,CUST00683,2026-04-20,PROD0227:1:148.49,148.49,PayPal,Out for Delivery
ORD100122,CUST00060,2026-03-26,PROD0067:4:11.15,44.6,Store Credit,Delivered
ORD100123,CUST00989,2025-08-26,PROD0047:3:58.31,174.93,Amex,Returned
ORD100124,CUST00935,2026-03-15,PROD0090:3:15.79,47.37,Store Credit,Delivered
ORD100125,CUST00631,2026-06-16,PROD0144:2:37.09,74.18,Apple Pay,Returned
ORD100126,CUST00719,2025-10-25,PROD0186:5:24.16|PROD0226:5:121.6,728.8,Visa,Delivered
ORD100127,CUST00714,2026-06-14,PROD0202:2:14.1,28.2,Apple Pay,Delivered
ORD100128,CUST00873,2026-05-28,PROD0087:3:72.87,218.61,Mastercard,Delayed
ORD100129,CUST01052,2026-01-02,PROD0222:3:52.54,157.62,Apple Pay,Delivered
ORD100130,CUST00286,2026-06-14,PROD0294:1:28.58,28.58,Mastercard,Delivered
ORD100131,CUST00384,2026-04-18,PROD0218:2:151.18|PROD0209:3:12.86|PROD0176:3:106.09,659.21,PayPal,Shipped
ORD100132,CUST00233,2025-08-10,PROD0055:2:32.88|PROD0125:3:19.13|PROD0039:1:35.25,158.4,Mastercard,Delivered
ORD100133,CUST00745,2026-03-22,PROD0170:5:12.14|PROD0055:1:32.88,93.58,Mastercard,Delivered
ORD100134,CUST00478,2025-11-14,PROD0041:4:26.94,107.76,Store Credit,Delivered
ORD100135,CUST00592,2026-05-29,PROD0032:5:22.58|PROD0227:1:148.49|PROD0095:1:26.42,287.81,Mastercard,Delivered
ORD100136,CUST00314,2025-11-23,PROD0152:5:34.78,173.9,Apple Pay,Delivered
ORD100137,CUST00319,2026-07-14,PROD0083:1:12.63,12.63,PayPal,Delivered
ORD100138,CUST00181,2026-01-09,PROD0186:5:24.16|PROD0034:3:6.64,140.72,Amex,Processing
ORD100139,CUST00957,2026-04-01,PROD0154:4:191.73,766.92,Apple Pay,Delivered
ORD100140,CUST01039,2026-03-23,PROD0207:4:26.58,106.32,PayPal,Cancelled
ORD100141,CUST00052,2026-02-12,PROD0013:2:24.34,48.68,PayPal,Processing
ORD100142,CUST00306,2026-02-19,PROD0223:2:26.93,53.86,Mastercard,Delivered
ORD100143,CUST00872,2026-04-10,PROD0156:5:41.63,208.15,Mastercard,Delivered
ORD100144,CUST00896,2025-09-02,PROD0245:5:74.39|PROD0149:4:111.96|PROD0073:2:197.85|PROD0121:4:31.31,1340.73,Amex,Delivered
ORD100145,CUST00042,2025-12-21,PROD0192:2:129.12,258.24,PayPal,Delivered
ORD100146,CUST00479,2026-01-06,PROD0244:5:28.97|PROD0144:3:37.09,256.12,Amex,Shipped
ORD100147,CUST00486,2025-12-04,PROD0241:1:95.92,95.92,Visa,Delivered
ORD100148,CUST01183,2025-12-13,PROD0200:2:39.66,79.32,Amex,Processing
ORD100149,CUST00746,2025-08-29,PROD0115:1:182.29,182.29,Store Credit,Delivered
ORD100150,CUST00790,2025-11-06,PROD0259:3:27.72,83.16,PayPal,Delivered
ORD100151,CUST01199,2026-06-24,PROD0041:4:26.94|PROD0189:2:116.79,341.34,PayPal,Delivered
ORD100152,CUST00529,2026-06-05,PROD0084:5:98.15,490.75,Visa,Delivered
ORD100153,CUST00065,2026-02-07,PROD0223:4:26.93|PROD0166:2:36.87,181.46,Visa,Delivered
ORD100154,CUST00286,2025-09-02,PROD0053:5:30.53,152.65,Apple Pay,Delivered
ORD100155,CUST00763,2025-09-03,PROD0280:1:218.73,218.73,Apple Pay,Shipped
ORD100156,CUST00336,2025-12-10,PROD0029:5:81.59,407.95,Apple Pay,Delivered
ORD100157,CUST00314,2026-02-13,PROD0203:5:248.58|PROD0010:3:98.26,1537.68,Apple Pay,Delivered
ORD100158,CUST01164,2025-08-02,PROD0042:5:241.7,1208.5,Store Credit,Cancelled
ORD100159,CUST00337,2026-02-18,PROD0275:1:91.6,91.6,Apple Pay,Cancelled
ORD100160,CUST00562,2026-05-10,PROD0199:2:192.45,384.9,Store Credit,Delayed
ORD100161,CUST01036,2025-08-13,PROD0263:4:22.13,88.52,Visa,Delivered
ORD100162,CUST00439,2026-05-29,PROD0185:2:34.57|PROD0238:5:88.09|PROD0028:3:89.71,778.72,Visa,Delivered
ORD100163,CUST00796,2026-01-13,PROD0201:5:12.0,60.0,PayPal,Processing
ORD100164,CUST00386,2025-12-23,PROD0128:5:112.67|PROD0040:1:6.69,570.04,Visa,Cancelled
ORD100165,CUST00692,2025-08-04,PROD0001:5:121.73|PROD0156:2:41.63|PROD0228:1:11.51|PROD0196:1:161.82,865.24,Apple Pay,Delivered
ORD100166,CUST00970,2025-08-16,PROD0155:4:146.86|PROD0073:2:197.85|PROD0135:1:13.02,996.16,Apple Pay,Cancelled
ORD100167,CUST00063,2026-03-30,PROD0058:1:90.72,90.72,PayPal,Processing
ORD100168,CUST01188,2026-07-20,PROD0139:5:31.77|PROD0012:4:54.17,375.53,Apple Pay,Delivered
ORD100169,CUST00935,2026-03-25,PROD0007:5:167.26,836.3,Apple Pay,Cancelled
ORD100170,CUST00215,2025-12-20,PROD0246:3:61.05|PROD0104:1:24.87,208.02,Mastercard,Out for Delivery
ORD100171,CUST00559,2026-02-03,PROD0242:5:23.74,118.7,Apple Pay,Delivered
ORD100172,CUST00115,2025-12-26,PROD0254:5:110.83,554.15,PayPal,Delivered
ORD100173,CUST01036,2026-05-02,PROD0085:5:87.79|PROD0022:2:55.37|PROD0176:5:106.09,1080.14,Apple Pay,Delivered
ORD100174,CUST00230,2026-04-12,PROD0267:1:85.78,85.78,Amex,Shipped
ORD100175,CUST00891,2026-02-06,PROD0203:5:248.58,1242.9,PayPal,Out for Delivery
ORD100176,CUST01130,2025-11-03,PROD0259:4:27.72|PROD0056:2:242.05,594.98,Apple Pay,Cancelled
ORD100177,CUST00496,2026-02-22,PROD0108:5:128.9,644.5,Mastercard,Shipped
ORD100178,CUST00147,2025-09-02,PROD0061:4:25.67,102.68,Apple Pay,Returned
ORD100179,CUST00547,2026-06-12,PROD0245:4:74.39|PROD0022:1:55.37,352.93,Amex,Delivered
ORD100180,CUST00848,2026-06-12,PROD0252:1:79.63|PROD0014:4:232.45|PROD0195:1:16.36,1025.79,Store Credit,Delivered
ORD100181,CUST00561,2025-08-16,PROD0283:4:33.8,135.2,PayPal,Delivered
ORD100182,CUST00007,2025-12-17,PROD0199:1:192.45|PROD0275:3:91.6,467.25,Apple Pay,Shipped
ORD100183,CUST00559,2026-01-15,PROD0080:1:101.65,101.65,PayPal,Delivered
ORD100184,CUST00245,2026-07-14,PROD0253:4:45.08|PROD0118:1:5.27,185.59,Mastercard,Delivered
ORD100185,CUST00755,2026-06-20,PROD0215:4:59.37,237.48,PayPal,Delivered
ORD100186,CUST00616,2025-12-01,PROD0071:2:156.65|PROD0062:1:20.08|PROD0013:5:24.34,455.08,Mastercard,Delivered
ORD100187,CUST01030,2025-11-10,PROD0069:4:29.63,118.52,Visa,Delivered
ORD100188,CUST00069,2026-04-01,PROD0097:4:10.79|PROD0244:2:28.97|PROD0245:1:74.39,175.49,Store Credit,Delivered
ORD100189,CUST00639,2026-05-15,PROD0212:3:40.49,121.47,Amex,Returned
ORD100190,CUST00057,2025-11-05,PROD0192:4:129.12|PROD0201:5:12.0,576.48,Mastercard,Delayed
ORD100191,CUST01070,2026-03-08,PROD0214:5:21.47|PROD0034:1:6.64,113.99,Mastercard,Processing
ORD100192,CUST00082,2026-02-04,PROD0144:4:37.09,148.36,Amex,Out for Delivery
ORD100193,CUST00083,2026-07-17,PROD0287:2:49.41|PROD0294:4:28.58,213.14,Apple Pay,Delivered
ORD100194,CUST00592,2026-05-30,PROD0161:3:19.26,57.78,Store Credit,Cancelled
ORD100195,CUST00213,2025-11-05,PROD0266:3:101.77|PROD0211:5:15.2|PROD0143:4:209.56,1219.55,Mastercard,Out for Delivery
ORD100196,CUST01192,2026-04-22,PROD0150:2:90.15,180.3,Apple Pay,Delivered
ORD100197,CUST00118,2026-05-16,PROD0175:2:37.15,74.3,Visa,Delivered
ORD100198,CUST00522,2026-04-09,PROD0282:5:114.39,571.95,Store Credit,Delayed
ORD100199,CUST01164,2026-05-30,PROD0224:4:131.68,526.72,Mastercard,Delivered
ORD100200,CUST00506,2026-04-30,PROD0050:4:15.03,60.12,Apple Pay,Delivered
ORD100201,CUST00560,2025-11-25,PROD0293:3:26.46,79.38,Amex,Cancelled
ORD100202,CUST00311,2025-08-10,PROD0163:2:76.48|PROD0113:4:29.87,272.44,Store Credit,Delivered
ORD100203,CUST00126,2025-11-20,PROD0085:2:87.79,175.58,Amex,Cancelled
ORD100204,CUST00560,2026-07-08,PROD0297:5:171.88,859.4,PayPal,Delayed
ORD100205,CUST00287,2026-02-11,PROD0195:3:16.36|PROD0012:2:54.17|PROD0278:4:43.45,331.22,Store Credit,Delivered
ORD100206,CUST00035,2025-10-11,PROD0194:4:48.76|PROD0087:2:72.87,340.78,Amex,Delivered
ORD100207,CUST01154,2025-12-01,PROD0034:1:6.64|PROD0232:4:130.11,527.08,Amex,Shipped
ORD100208,CUST00816,2026-01-24,PROD0188:3:10.76,32.28,Mastercard,Delivered
ORD100209,CUST00185,2026-07-27,PROD0048:3:19.97|PROD0284:1:36.34|PROD0026:5:54.92,370.85,PayPal,Returned
ORD100210,CUST01147,2026-04-22,PROD0048:5:19.97,99.85,Apple Pay,Delivered
ORD100211,CUST00734,2025-11-07,PROD0040:1:6.69|PROD0035:3:186.35,565.74,Mastercard,Processing
ORD100212,CUST00017,2026-03-23,PROD0189:2:116.79|PROD0092:5:55.86,512.88,Mastercard,Returned
ORD100213,CUST00773,2026-02-16,PROD0025:4:16.49,65.96,Mastercard,Delivered
ORD100214,CUST00905,2026-07-30,PROD0022:1:55.37,55.37,Mastercard,Returned
ORD100215,CUST00956,2026-06-26,PROD0182:5:235.58|PROD0296:4:70.76|PROD0208:2:29.11|PROD0129:5:19.99,1619.11,Mastercard,Delayed
ORD100216,CUST00970,2026-02-06,PROD0250:2:8.48,16.96,Mastercard,Processing
ORD100217,CUST00921,2025-10-13,PROD0072:3:70.01,210.03,Mastercard,Delivered
ORD100218,CUST00638,2026-02-05,PROD0238:1:88.09|PROD0067:2:11.15|PROD0213:2:69.08,248.55,Visa,Cancelled
ORD100219,CUST00806,2026-01-25,PROD0198:4:74.76,299.04,Amex,Delivered
ORD100220,CUST01074,2026-04-15,PROD0052:2:62.04,124.08,Store Credit,Processing
ORD100221,CUST00967,2026-04-16,PROD0267:3:85.78,257.34,PayPal,Delivered
ORD100222,CUST01200,2025-10-01,PROD0250:1:8.48|PROD0222:5:52.54|PROD0264:5:25.7,399.68,Mastercard,Shipped
ORD100223,CUST00403,2025-09-15,PROD0142:2:68.42|PROD0202:1:14.1,150.94,Visa,Delivered
ORD100224,CUST00588,2025-12-07,PROD0108:1:128.9|PROD0001:3:121.73|PROD0034:4:6.64|PROD0084:1:98.15,618.8,Mastercard,Delivered
ORD100225,CUST00506,2026-01-15,PROD0168:2:193.82|PROD0270:5:25.5,515.14,Amex,Shipped
ORD100226,CUST00239,2025-12-30,PROD0208:1:29.11,29.11,Amex,Returned
ORD100227,CUST00709,2025-09-18,PROD0259:4:27.72|PROD0186:4:24.16,207.52,Amex,Delivered
ORD100228,CUST00117,2026-03-10,PROD0222:2:52.54,105.08,Visa,Delivered
ORD100229,CUST00812,2026-05-27,PROD0221:2:21.66,43.32,Store Credit,Delivered
ORD100230,CUST01087,2025-08-03,PROD0220:4:35.61,142.44,Apple Pay,Cancelled
ORD100231,CUST00806,2025-07-31,PROD0017:2:145.85,291.7,Amex,Delivered
ORD100232,CUST00647,2025-09-10,PROD0001:4:121.73|PROD0099:1:133.23|PROD0088:3:38.76|PROD0201:5:12.0,796.43,Store Credit,Delivered
ORD100233,CUST01052,2026-04-19,PROD0115:3:182.29,546.87,Amex,Delivered
ORD100234,CUST00529,2026-02-20,PROD0121:3:31.31,93.93,Mastercard,Out for Delivery
ORD100235,CUST00514,2025-10-13,PROD0230:2:7.64,15.28,Visa,Delivered
ORD100236,CUST00247,2026-06-24,PROD0283:2:33.8|PROD0155:4:146.86,655.04,Amex,Out for Delivery
ORD100237,CUST00517,2026-02-14,PROD0255:4:175.96,703.84,PayPal,Out for Delivery
ORD100238,CUST01049,2026-05-16,PROD0095:3:26.42|PROD0004:4:9.47|PROD0085:1:87.79,204.93,Amex,Delivered
ORD100239,CUST00281,2026-06-18,PROD0176:5:106.09,530.45,Visa,Delivered
ORD100240,CUST00692,2026-04-14,PROD0201:5:12.0,60.0,Store Credit,Returned
ORD100241,CUST00901,2026-02-23,PROD0033:4:50.93|PROD0243:4:47.44,393.48,Store Credit,Cancelled
ORD100242,CUST01074,2026-01-07,PROD0115:3:182.29|PROD0231:1:10.76|PROD0136:2:75.27,708.17,Store Credit,Out for Delivery
ORD100243,CUST00921,2025-11-29,PROD0221:1:21.66,21.66,Amex,Returned
ORD100244,CUST00631,2025-12-24,PROD0121:5:31.31|PROD0200:3:39.66,275.53,Apple Pay,Delivered
ORD100245,CUST00267,2025-12-09,PROD0150:3:90.15,270.45,PayPal,Delivered
ORD100246,CUST00249,2025-07-31,PROD0034:4:6.64|PROD0139:3:31.77|PROD0092:1:55.86|PROD0059:5:125.94,807.43,Store Credit,Processing
ORD100247,CUST00247,2026-04-02,PROD0143:3:209.56|PROD0043:1:53.62,682.3,PayPal,Delivered
ORD100248,CUST00245,2025-10-20,PROD0274:2:126.5,253.0,Apple Pay,Delivered
ORD100249,CUST00402,2026-06-12,PROD0035:4:186.35|PROD0117:5:34.38,917.3,PayPal,Processing
ORD100250,CUST00398,2025-11-08,PROD0019:1:32.14|PROD0232:5:130.11|PROD0097:3:10.79,715.06,Apple Pay,Delivered
ORD100251,CUST00818,2025-09-17,PROD0288:5:79.59|PROD0060:2:25.69,449.33,Store Credit,Delivered
ORD100252,CUST00303,2025-12-27,PROD0055:1:32.88,32.88,Apple Pay,Returned
ORD100253,CUST00153,2026-04-27,PROD0256:3:7.79,23.37,PayPal,Processing
ORD100254,CUST00965,2026-01-13,PROD0048:2:19.97,39.94,Store Credit,Returned
ORD100255,CUST00652,2025-10-01,PROD0109:5:29.51,147.55,Mastercard,Processing
ORD100256,CUST00079,2026-05-07,PROD0041:5:26.94|PROD0282:5:114.39,706.65,Store Credit,Delivered
ORD100257,CUST00170,2025-12-14,PROD0071:1:156.65|PROD0036:5:51.6,414.65,PayPal,Delivered
ORD100258,CUST00463,2026-05-13,PROD0127:2:12.52|PROD0042:2:241.7|PROD0172:5:30.66,661.74,Visa,Processing
ORD100259,CUST00901,2026-03-27,PROD0065:2:99.72,199.44,Apple Pay,Processing
ORD100260,CUST00126,2025-08-01,PROD0140:2:235.93|PROD0296:4:70.76,754.9,Visa,Shipped
ORD100261,CUST00463,2026-02-25,PROD0148:5:59.66|PROD0138:1:18.75|PROD0128:4:112.67,767.73,Store Credit,Delivered
ORD100262,CUST00288,2025-11-01,PROD0298:2:12.54|PROD0062:1:20.08|PROD0128:2:112.67,270.5,Apple Pay,Returned
ORD100263,CUST00905,2026-05-20,PROD0108:1:128.9,128.9,Visa,Delayed
ORD100264,CUST00253,2026-02-03,PROD0211:4:15.2,60.8,Apple Pay,Out for Delivery
ORD100265,CUST00615,2026-07-05,PROD0125:4:19.13|PROD0251:1:9.74|PROD0141:3:98.61,382.09,PayPal,Delivered
ORD100266,CUST00905,2025-12-24,PROD0144:2:37.09,74.18,Visa,Delivered
ORD100267,CUST00822,2025-12-18,PROD0200:4:39.66|PROD0139:2:31.77|PROD0083:4:12.63,272.7,Visa,Cancelled
ORD100268,CUST00996,2026-02-11,PROD0283:5:33.8,169.0,Mastercard,Shipped
ORD100269,CUST01102,2026-04-20,PROD0207:1:26.58|PROD0011:5:22.2,137.58,Visa,Returned
ORD100270,CUST00007,2025-10-14,PROD0168:3:193.82|PROD0284:1:36.34|PROD0215:4:59.37|PROD0291:2:12.15,879.58,Apple Pay,Delivered
ORD100271,CUST00409,2026-05-15,PROD0050:4:15.03|PROD0195:5:16.36,141.92,Mastercard,Delivered
ORD100272,CUST00110,2025-08-07,PROD0053:2:30.53|PROD0290:2:105.75,272.56,Visa,Delivered
ORD100273,CUST00448,2026-02-04,PROD0132:1:14.3,14.3,PayPal,Cancelled
ORD100274,CUST00063,2026-06-24,PROD0231:1:10.76|PROD0108:3:128.9,397.46,Store Credit,Cancelled
ORD100275,CUST00734,2025-12-05,PROD0275:1:91.6|PROD0124:4:57.05,319.8,Store Credit,Out for Delivery
ORD100276,CUST00205,2025-09-13,PROD0118:5:5.27,26.35,PayPal,Delivered
ORD100277,CUST01171,2025-08-09,PROD0099:2:133.23|PROD0089:2:58.99,384.44,Apple Pay,Processing
ORD100278,CUST00900,2025-11-14,PROD0152:4:34.78,139.12,PayPal,Delivered
ORD100279,CUST00885,2025-10-16,PROD0082:4:33.12|PROD0243:1:47.44,179.92,Visa,Delivered
ORD100280,CUST00396,2025-09-23,PROD0086:3:41.13,123.39,Apple Pay,Processing
ORD100281,CUST00592,2026-04-27,PROD0300:5:18.47|PROD0169:5:47.11|PROD0232:5:130.11|PROD0081:2:27.98,1034.41,PayPal,Returned
ORD100282,CUST00042,2025-11-07,PROD0193:5:29.24,146.2,Visa,Delivered
ORD100283,CUST01190,2026-07-29,PROD0070:5:207.26|PROD0028:2:89.71,1215.72,Mastercard,Shipped
ORD100284,CUST00768,2025-09-15,PROD0171:5:115.91,579.55,Mastercard,Delivered
ORD100285,CUST01186,2026-03-13,PROD0280:1:218.73,218.73,Amex,Processing
ORD100286,CUST00425,2025-12-18,PROD0173:1:42.3|PROD0016:1:12.58|PROD0017:1:145.85|PROD0006:1:6.78,207.51,Apple Pay,Delivered
ORD100287,CUST01104,2026-06-26,PROD0014:2:232.45,464.9,Amex,Returned
ORD100288,CUST00334,2025-10-13,PROD0296:4:70.76|PROD0277:3:30.38,374.18,Visa,Delivered
ORD100289,CUST00181,2026-03-09,PROD0023:5:18.55,92.75,Apple Pay,Delivered
ORD100290,CUST00564,2026-04-27,PROD0194:5:48.76,243.8,PayPal,Delivered
ORD100291,CUST00392,2026-05-21,PROD0022:5:55.37,276.85,Apple Pay,Processing
ORD100292,CUST00126,2025-11-13,PROD0286:4:11.4,45.6,Visa,Shipped
ORD100293,CUST00255,2026-05-10,PROD0003:2:159.09|PROD0134:5:178.43|PROD0133:4:32.07,1338.61,Mastercard,Delivered
ORD100294,CUST00711,2025-09-01,PROD0205:5:97.84,489.2,Apple Pay,Out for Delivery
ORD100295,CUST00268,2026-02-03,PROD0271:2:9.6|PROD0221:1:21.66,40.86,Amex,Delivered
ORD100296,CUST00763,2026-02-06,PROD0022:4:55.37|PROD0096:2:50.63,322.74,Amex,Processing
ORD100297,CUST00425,2025-11-02,PROD0012:1:54.17,54.17,Amex,Delivered
ORD100298,CUST00755,2025-11-30,PROD0257:2:46.24|PROD0266:3:101.77,397.79,Mastercard,Delivered
ORD100299,CUST00597,2025-11-29,PROD0111:2:31.83,63.66,Amex,Returned
ORD100300,CUST00559,2026-03-19,PROD0064:5:87.33,436.65,Mastercard,Delivered
ORD100301,CUST00314,2025-11-22,PROD0209:1:12.86,12.86,Visa,Processing
ORD100302,CUST01035,2026-04-10,PROD0168:1:193.82|PROD0200:4:39.66,352.46,PayPal,Returned
ORD100303,CUST00061,2026-05-26,PROD0213:1:69.08,69.08,Store Credit,Shipped
ORD100304,CUST00965,2026-05-31,PROD0213:1:69.08,69.08,Apple Pay,Cancelled
ORD100305,CUST00398,2026-06-07,PROD0069:1:29.63|PROD0030:3:27.16,111.11,Visa,Shipped
ORD100306,CUST00245,2025-08-12,PROD0209:2:12.86|PROD0100:2:81.87,189.46,Store Credit,Returned
ORD100307,CUST01070,2025-09-15,PROD0019:3:32.14,96.42,Store Credit,Delivered
ORD100308,CUST00030,2026-03-06,PROD0024:5:45.08,225.4,Visa,Out for Delivery
ORD100309,CUST00114,2026-04-22,PROD0185:5:34.57|PROD0200:1:39.66|PROD0204:1:171.38,383.89,Apple Pay,Delivered
ORD100310,CUST00521,2026-01-20,PROD0221:5:21.66,108.3,PayPal,Shipped
ORD100311,CUST00083,2025-09-27,PROD0284:1:36.34,36.34,PayPal,Processing
ORD100312,CUST00702,2025-12-29,PROD0282:5:114.39,571.95,Visa,Delivered
ORD100313,CUST01036,2026-07-18,PROD0025:3:16.49|PROD0260:5:135.73,728.12,Visa,Shipped
ORD100314,CUST00559,2026-07-26,PROD0216:4:7.93|PROD0294:3:28.58,117.46,Apple Pay,Delayed
ORD100315,CUST00293,2025-12-27,PROD0257:3:46.24,138.72,Mastercard,Shipped
ORD100316,CUST00110,2025-08-27,PROD0012:5:54.17,270.85,PayPal,Delivered
ORD100317,CUST00673,2026-01-04,PROD0117:5:34.38|PROD0267:2:85.78,343.46,Apple Pay,Delivered
ORD100318,CUST01160,2026-06-07,PROD0016:5:12.58,62.9,Mastercard,Processing
ORD100319,CUST00070,2026-01-29,PROD0076:4:22.51,90.04,Visa,Out for Delivery
ORD100320,CUST00242,2026-03-05,PROD0075:2:42.82,85.64,Amex,Processing
ORD100321,CUST01074,2025-09-29,PROD0099:3:133.23,399.69,Mastercard,Delivered
ORD100322,CUST00337,2026-03-31,PROD0001:5:121.73|PROD0004:4:9.47,646.53,PayPal,Shipped
ORD100323,CUST00334,2026-06-08,PROD0014:1:232.45,232.45,PayPal,Returned
ORD100324,CUST00659,2025-08-26,PROD0091:5:94.44,472.2,Store Credit,Delivered
ORD100325,CUST00063,2025-12-15,PROD0254:4:110.83,443.32,Amex,Delivered
ORD100326,CUST00844,2026-07-08,PROD0071:3:156.65,469.95,Visa,Delivered
ORD100327,CUST01158,2026-07-23,PROD0035:5:186.35|PROD0135:5:13.02|PROD0012:3:54.17|PROD0204:1:171.38,1330.74,Mastercard,Returned
ORD100328,CUST00351,2025-11-10,PROD0206:1:37.39,37.39,Visa,Delivered
ORD100329,CUST00649,2025-09-25,PROD0217:2:240.36,480.72,Apple Pay,Delayed
ORD100330,CUST00407,2025-09-06,PROD0280:3:218.73|PROD0152:5:34.78|PROD0158:1:22.41,852.5,Mastercard,Processing
ORD100331,CUST00662,2025-08-23,PROD0203:3:248.58,745.74,Visa,Shipped
ORD100332,CUST00935,2025-09-20,PROD0274:1:126.5,126.5,PayPal,Cancelled
ORD100333,CUST01024,2026-07-06,PROD0096:1:50.63,50.63,Mastercard,Delivered
ORD100334,CUST01028,2025-10-25,PROD0175:5:37.15|PROD0252:4:79.63,504.27,PayPal,Delivered
ORD100335,CUST00860,2025-11-24,PROD0231:4:10.76|PROD0012:5:54.17,313.89,Apple Pay,Shipped
ORD100336,CUST01017,2025-11-27,PROD0266:3:101.77|PROD0076:1:22.51|PROD0008:4:165.66,990.46,Visa,Shipped
ORD100337,CUST00750,2025-08-06,PROD0277:1:30.38|PROD0230:3:7.64,53.3,Mastercard,Delivered
ORD100338,CUST00839,2026-05-30,PROD0286:4:11.4|PROD0274:5:126.5|PROD0138:5:18.75|PROD0121:5:31.31,928.4,Store Credit,Delivered
ORD100339,CUST00471,2026-07-04,PROD0222:3:52.54|PROD0129:2:19.99|PROD0260:3:135.73,604.79,Amex,Cancelled
ORD100340,CUST01049,2026-05-09,PROD0044:3:79.04|PROD0146:4:25.49,339.08,Store Credit,Shipped
ORD100341,CUST00823,2026-03-16,PROD0101:5:170.06,850.3,Apple Pay,Processing
ORD100342,CUST00683,2026-06-10,PROD0195:1:16.36,16.36,Visa,Returned
ORD100343,CUST01177,2026-03-10,PROD0079:2:107.7,215.4,Store Credit,Delivered
ORD100344,CUST00425,2026-06-15,PROD0189:3:116.79|PROD0027:1:8.85,359.22,Amex,Out for Delivery
ORD100345,CUST00247,2025-10-23,PROD0278:2:43.45,86.9,Amex,Processing
ORD100346,CUST00550,2025-12-05,PROD0269:4:144.62,578.48,PayPal,Delivered
ORD100347,CUST00714,2026-07-14,PROD0295:3:56.15,168.45,Mastercard,Processing
ORD100348,CUST00399,2026-05-05,PROD0294:2:28.58|PROD0053:3:30.53|PROD0175:1:37.15|PROD0208:3:29.11,273.23,Amex,Delivered
ORD100349,CUST00848,2025-11-20,PROD0114:5:67.83|PROD0176:3:106.09|PROD0272:1:27.45,684.87,Store Credit,Delivered
ORD100350,CUST01155,2026-04-05,PROD0148:2:59.66|PROD0134:1:178.43,297.75,Apple Pay,Delivered
ORD100351,CUST01147,2025-08-23,PROD0171:5:115.91,579.55,Visa,Delivered
ORD100352,CUST00896,2026-01-13,PROD0104:2:24.87|PROD0055:3:32.88|PROD0111:5:31.83,307.53,PayPal,Cancelled
ORD100353,CUST00499,2026-04-24,PROD0219:4:122.77,491.08,Visa,Delayed
ORD100354,CUST00364,2026-03-20,PROD0271:1:9.6,9.6,Store Credit,Out for Delivery
ORD100355,CUST00027,2026-04-19,PROD0179:4:22.52,90.08,Mastercard,Delivered
ORD100356,CUST00063,2025-12-29,PROD0071:5:156.65|PROD0253:3:45.08|PROD0173:3:42.3,1045.39,Amex,Shipped
ORD100357,CUST00244,2025-09-10,PROD0220:2:35.61|PROD0171:1:115.91|PROD0014:1:232.45,419.58,Amex,Delivered
ORD100358,CUST00480,2025-09-27,PROD0163:2:76.48|PROD0036:1:51.6,204.56,PayPal,Delivered
ORD100359,CUST00965,2026-04-22,PROD0197:4:10.66,42.64,Apple Pay,Shipped
ORD100360,CUST00955,2025-08-02,PROD0264:2:25.7,51.4,Amex,Cancelled
ORD100361,CUST00728,2026-04-25,PROD0089:5:58.99,294.95,Visa,Processing
ORD100362,CUST00390,2025-08-31,PROD0074:1:30.72,30.72,Store Credit,Shipped
ORD100363,CUST01164,2025-10-19,PROD0284:4:36.34,145.36,Store Credit,Delivered
ORD100364,CUST00090,2026-01-31,PROD0137:2:26.99|PROD0248:4:78.55,368.18,Store Credit,Delivered
ORD100365,CUST00615,2025-10-31,PROD0062:2:20.08|PROD0241:1:95.92,136.08,Mastercard,Delivered
ORD100366,CUST00784,2025-10-17,PROD0291:4:12.15|PROD0110:2:36.36,121.32,Apple Pay,Returned
ORD100367,CUST01147,2026-01-12,PROD0126:5:82.81|PROD0296:2:70.76,555.57,Amex,Delivered
ORD100368,CUST00734,2026-02-16,PROD0011:5:22.2,111.0,Amex,Delivered
ORD100369,CUST00518,2026-05-24,PROD0096:5:50.63,253.15,Visa,Delivered
ORD100370,CUST00439,2026-04-07,PROD0168:5:193.82|PROD0071:5:156.65,1752.35,Store Credit,Returned
ORD100371,CUST00112,2026-05-06,PROD0020:1:33.7,33.7,Store Credit,Delivered
ORD100372,CUST00065,2026-07-25,PROD0264:2:25.7|PROD0183:5:73.54|PROD0095:4:26.42,524.78,Visa,Cancelled
ORD100373,CUST00063,2025-12-31,PROD0199:1:192.45,192.45,Store Credit,Processing
ORD100374,CUST00355,2025-09-02,PROD0084:2:98.15,196.3,Store Credit,Cancelled
ORD100375,CUST00192,2025-08-10,PROD0296:5:70.76|PROD0086:3:41.13,477.19,Visa,Out for Delivery
ORD100376,CUST00011,2026-05-21,PROD0241:1:95.92,95.92,Store Credit,Delivered
ORD100377,CUST00382,2025-10-15,PROD0081:1:27.98,27.98,Apple Pay,Cancelled
ORD100378,CUST00840,2026-03-25,PROD0072:1:70.01|PROD0028:5:89.71,518.56,Apple Pay,Processing
ORD100379,CUST00905,2026-02-10,PROD0067:2:11.15,22.3,Store Credit,Delivered
ORD100380,CUST00406,2026-06-13,PROD0110:3:36.36|PROD0019:5:32.14,269.78,PayPal,Delivered
ORD100381,CUST00213,2025-10-14,PROD0145:1:16.58|PROD0091:1:94.44,111.02,Store Credit,Delivered
ORD100382,CUST00363,2025-10-06,PROD0147:4:129.73,518.92,Store Credit,Delivered
ORD100383,CUST01166,2026-05-31,PROD0299:4:56.12,224.48,Visa,Delayed
ORD100384,CUST01126,2026-01-13,PROD0199:3:192.45,577.35,Mastercard,Processing
ORD100385,CUST00967,2025-12-09,PROD0080:1:101.65|PROD0014:4:232.45|PROD0073:1:197.85|PROD0247:3:72.46,1446.68,PayPal,Shipped
ORD100386,CUST00175,2026-03-07,PROD0012:4:54.17,216.68,Mastercard,Delivered
ORD100387,CUST00585,2025-08-15,PROD0064:1:87.33,87.33,PayPal,Shipped
ORD100388,CUST00463,2026-07-11,PROD0179:3:22.52|PROD0191:4:66.03,331.68,Mastercard,Delayed
ORD100389,CUST00905,2025-08-21,PROD0061:1:25.67|PROD0264:1:25.7,51.37,Apple Pay,Delivered
ORD100390,CUST00303,2026-04-20,PROD0007:5:167.26,836.3,Apple Pay,Delivered
ORD100391,CUST00222,2026-01-21,PROD0238:2:88.09|PROD0044:5:79.04,571.38,PayPal,Delivered
ORD100392,CUST00590,2026-01-30,PROD0142:4:68.42|PROD0252:2:79.63|PROD0154:1:191.73|PROD0103:2:35.6,695.87,Store Credit,Delivered
ORD100393,CUST00514,2026-05-13,PROD0102:2:10.54,21.08,Mastercard,Shipped
ORD100394,CUST00972,2026-04-24,PROD0071:4:156.65,626.6,Visa,Delivered
ORD100395,CUST00239,2025-08-24,PROD0249:4:9.97,39.88,Amex,Delivered
ORD100396,CUST00447,2025-09-01,PROD0089:1:58.99,58.99,Store Credit,Delivered
ORD100397,CUST00076,2025-09-01,PROD0225:1:129.56,129.56,PayPal,Processing
ORD100398,CUST00662,2025-12-26,PROD0196:1:161.82,161.82,PayPal,Delivered
ORD100399,CUST00661,2026-03-10,PROD0264:5:25.7,128.5,Store Credit,Shipped
ORD100400,CUST00541,2025-10-22,PROD0072:4:70.01|PROD0014:1:232.45|PROD0110:5:36.36,694.29,Store Credit,Delivered
ORD100401,CUST01102,2025-08-13,PROD0133:5:32.07|PROD0049:1:79.17,239.52,Apple Pay,Delivered
ORD100402,CUST01032,2026-06-15,PROD0149:1:111.96|PROD0261:1:78.93,190.89,PayPal,Returned
ORD100403,CUST01039,2026-01-28,PROD0120:5:80.47,402.35,Store Credit,Returned
ORD100404,CUST01028,2026-03-29,PROD0048:2:19.97,39.94,PayPal,Delayed
ORD100405,CUST01047,2026-04-11,PROD0139:5:31.77|PROD0085:4:87.79,510.01,Store Credit,Shipped
ORD100406,CUST00128,2025-11-24,PROD0133:5:32.07|PROD0046:4:33.24,293.31,PayPal,Delivered
ORD100407,CUST00734,2026-07-18,PROD0115:4:182.29|PROD0171:3:115.91,1076.89,PayPal,Delivered
ORD100408,CUST00580,2026-06-07,PROD0280:2:218.73,437.46,Store Credit,Processing
ORD100409,CUST00562,2026-03-18,PROD0078:1:167.27,167.27,Mastercard,Delivered
ORD100410,CUST00069,2026-06-17,PROD0278:5:43.45,217.25,Store Credit,Delivered
ORD100411,CUST00282,2025-12-09,PROD0078:5:167.27,836.35,Store Credit,Delivered
ORD100412,CUST00935,2025-09-25,PROD0128:5:112.67|PROD0184:2:76.1,715.55,Mastercard,Returned
ORD100413,CUST00564,2025-08-21,PROD0165:1:38.86|PROD0285:4:33.77|PROD0262:3:174.58,697.68,Apple Pay,Processing
ORD100414,CUST01147,2026-01-30,PROD0143:2:209.56|PROD0155:3:146.86|PROD0254:1:110.83,970.53,PayPal,Shipped
ORD100415,CUST00853,2026-02-20,PROD0241:5:95.92|PROD0248:2:78.55|PROD0034:3:6.64,656.62,Store Credit,Shipped
ORD100416,CUST00650,2026-03-13,PROD0265:1:21.16,21.16,Amex,Processing
ORD100417,CUST00616,2026-02-16,PROD0136:4:75.27|PROD0280:5:218.73,1394.73,Store Credit,Out for Delivery
ORD100418,CUST00090,2026-01-06,PROD0026:5:54.92|PROD0057:2:37.8|PROD0064:5:87.33,786.85,Visa,Out for Delivery
ORD100419,CUST01149,2025-09-08,PROD0032:2:22.58,45.16,Store Credit,Delayed
ORD100420,CUST00258,2025-09-19,PROD0134:3:178.43,535.29,Visa,Delivered
ORD100421,CUST01158,2025-12-05,PROD0151:4:13.08,52.32,Apple Pay,Returned
ORD100422,CUST00537,2025-10-20,PROD0160:3:27.79,83.37,Amex,Delivered
ORD100423,CUST00060,2026-03-04,PROD0190:3:68.53,205.59,PayPal,Processing
ORD100424,CUST00378,2026-03-01,PROD0149:1:111.96,111.96,Apple Pay,Delivered
ORD100425,CUST00022,2025-09-28,PROD0151:2:13.08,26.16,PayPal,Returned
ORD100426,CUST00138,2026-02-14,PROD0041:2:26.94,53.88,Visa,Delivered
ORD100427,CUST00821,2026-04-30,PROD0243:5:47.44,237.2,PayPal,Shipped
ORD100428,CUST00386,2026-01-29,PROD0007:3:167.26,501.78,Apple Pay,Delivered
ORD100429,CUST00338,2025-08-26,PROD0129:2:19.99,39.98,PayPal,Processing
ORD100430,CUST00172,2026-01-23,PROD0198:1:74.76|PROD0273:4:84.74,413.72,Apple Pay,Shipped
ORD100431,CUST01130,2025-11-26,PROD0130:3:30.13,90.39,Amex,Processing
ORD100432,CUST00592,2026-03-06,PROD0189:3:116.79,350.37,Amex,Out for Delivery
ORD100433,CUST00316,2026-07-30,PROD0147:4:129.73|PROD0276:4:75.04|PROD0252:4:79.63|PROD0044:2:79.04,1295.68,Amex,Delivered
ORD100434,CUST01120,2025-09-05,PROD0182:1:235.58|PROD0007:1:167.26|PROD0278:5:43.45,620.09,Mastercard,Processing
ORD100435,CUST00523,2026-01-14,PROD0100:4:81.87|PROD0017:5:145.85,1056.73,Mastercard,Returned
ORD100436,CUST00025,2025-08-17,PROD0054:4:55.49|PROD0264:4:25.7|PROD0036:4:51.6,531.16,Store Credit,Shipped
ORD100437,CUST00737,2025-12-10,PROD0028:5:89.71,448.55,Store Credit,Delivered
ORD100438,CUST00701,2026-06-28,PROD0165:5:38.86|PROD0124:1:57.05,251.35,PayPal,Delivered
ORD100439,CUST00125,2026-01-02,PROD0162:4:142.57|PROD0247:1:72.46|PROD0297:3:171.88|PROD0069:4:29.63,1276.9,Amex,Out for Delivery
ORD100440,CUST00892,2025-11-11,PROD0116:5:9.23|PROD0231:2:10.76|PROD0084:2:98.15,263.97,Visa,Shipped
ORD100441,CUST01161,2025-11-14,PROD0265:5:21.16|PROD0264:2:25.7|PROD0026:2:54.92|PROD0296:2:70.76,408.56,Visa,Delivered
ORD100442,CUST00347,2026-03-23,PROD0059:1:125.94,125.94,Store Credit,Cancelled
ORD100443,CUST01144,2026-07-11,PROD0198:1:74.76,74.76,Visa,Delivered
ORD100444,CUST00482,2026-05-09,PROD0164:2:106.62,213.24,Visa,Shipped
ORD100445,CUST00079,2026-02-24,PROD0162:1:142.57|PROD0051:2:43.91|PROD0018:1:13.24,243.63,PayPal,Delivered
ORD100446,CUST01070,2026-01-15,PROD0024:4:45.08,180.32,Apple Pay,Delivered
ORD100447,CUST00613,2025-09-12,PROD0116:1:9.23|PROD0145:4:16.58,75.55,Visa,Shipped
ORD100448,CUST00399,2026-03-07,PROD0104:3:24.87,74.61,PayPal,Shipped
ORD100449,CUST00943,2026-03-08,PROD0267:1:85.78|PROD0290:4:105.75,508.78,Apple Pay,Shipped
ORD100450,CUST00879,2025-10-30,PROD0040:5:6.69,33.45,PayPal,Delivered
ORD100451,CUST00735,2026-03-19,PROD0268:2:34.77|PROD0296:4:70.76|PROD0287:1:49.41,401.99,Visa,Delivered
ORD100452,CUST00740,2026-01-17,PROD0061:4:25.67,102.68,Amex,Delivered
ORD100453,CUST00326,2025-09-06,PROD0283:2:33.8,67.6,Store Credit,Delivered
ORD100454,CUST00719,2026-01-17,PROD0039:4:35.25,141.0,Apple Pay,Delivered
ORD100455,CUST01180,2025-08-22,PROD0259:2:27.72,55.44,Store Credit,Delivered
ORD100456,CUST00037,2025-08-24,PROD0205:2:97.84,195.68,Amex,Cancelled
ORD100457,CUST00806,2026-03-22,PROD0070:3:207.26,621.78,PayPal,Delayed
ORD100458,CUST00381,2026-06-28,PROD0265:4:21.16|PROD0094:2:136.82|PROD0083:1:12.63|PROD0135:2:13.02,396.95,Visa,Returned
ORD100459,CUST00288,2026-02-05,PROD0092:3:55.86|PROD0238:2:88.09|PROD0056:4:242.05|PROD0045:1:17.66,1329.62,Visa,Processing
ORD100460,CUST00466,2026-03-12,PROD0292:2:56.02,112.04,Visa,Delivered
ORD100461,CUST00242,2025-12-08,PROD0045:3:17.66|PROD0259:5:27.72|PROD0294:3:28.58,277.32,Mastercard,Out for Delivery
ORD100462,CUST00845,2026-01-22,PROD0132:3:14.3,42.9,Visa,Returned
ORD100463,CUST00215,2025-09-04,PROD0171:1:115.91,115.91,Store Credit,Delivered
ORD100464,CUST00738,2026-03-11,PROD0124:3:57.05,171.15,Mastercard,Cancelled
ORD100465,CUST00790,2026-02-22,PROD0280:4:218.73|PROD0223:4:26.93|PROD0020:2:33.7,1050.04,Mastercard,Shipped
ORD100466,CUST00652,2025-11-23,PROD0153:4:32.56,130.24,Store Credit,Cancelled
ORD100467,CUST00170,2025-08-26,PROD0228:3:11.51,34.53,PayPal,Processing
ORD100468,CUST00190,2026-01-17,PROD0187:4:21.11,84.44,Store Credit,Delivered
ORD100469,CUST00715,2026-07-23,PROD0015:5:33.9,169.5,Mastercard,Delivered
ORD100470,CUST00040,2025-10-10,PROD0152:4:34.78,139.12,Visa,Out for Delivery
ORD100471,CUST00549,2026-07-22,PROD0091:2:94.44|PROD0001:4:121.73|PROD0043:3:53.62|PROD0070:5:207.26,1872.96,Visa,Delivered
ORD100472,CUST00636,2025-10-31,PROD0178:5:137.06|PROD0133:3:32.07|PROD0226:1:121.6,903.11,Visa,Delivered
ORD100473,CUST00506,2025-08-24,PROD0188:1:10.76|PROD0015:1:33.9|PROD0119:4:234.85|PROD0034:3:6.64,1003.98,Store Credit,Returned
ORD100474,CUST00909,2025-10-02,PROD0110:5:36.36|PROD0220:3:35.61|PROD0024:1:45.08|PROD0260:1:135.73,469.44,Apple Pay,Shipped
ORD100475,CUST00499,2026-02-06,PROD0175:1:37.15|PROD0076:3:22.51,104.68,Visa,Delivered
ORD100476,CUST00535,2026-03-11,PROD0023:2:18.55,37.1,Store Credit,Returned
ORD100477,CUST00035,2025-11-22,PROD0202:4:14.1,56.4,Mastercard,Delivered
ORD100478,CUST00150,2026-04-08,PROD0195:3:16.36,49.08,PayPal,Delivered
ORD100479,CUST00572,2026-07-24,PROD0113:3:29.87|PROD0114:3:67.83,293.1,Visa,Delayed
ORD100480,CUST00921,2026-05-02,PROD0212:3:40.49|PROD0262:2:174.58,470.63,Visa,Delivered
ORD100481,CUST00107,2025-12-21,PROD0172:5:30.66|PROD0234:5:120.92|PROD0289:4:44.66,936.54,Store Credit,Delivered
ORD100482,CUST00818,2025-11-30,PROD0092:1:55.86,55.86,Mastercard,Cancelled
ORD100483,CUST00128,2026-04-22,PROD0131:4:11.48,45.92,Visa,Returned
ORD100484,CUST01128,2025-08-02,PROD0221:2:21.66,43.32,Store Credit,Delivered
ORD100485,CUST00750,2026-05-15,PROD0055:1:32.88,32.88,Mastercard,Shipped
ORD100486,CUST01032,2025-09-16,PROD0265:1:21.16,21.16,Amex,Processing
ORD100487,CUST00981,2026-04-29,PROD0111:5:31.83|PROD0035:4:186.35,904.55,Mastercard,Shipped
ORD100488,CUST00197,2026-04-19,PROD0245:2:74.39,148.78,Mastercard,Delivered
ORD100489,CUST00709,2025-08-29,PROD0143:3:209.56,628.68,Amex,Delivered
ORD100490,CUST00738,2026-05-21,PROD0101:2:170.06|PROD0006:1:6.78,346.9,Apple Pay,Delivered
ORD100491,CUST00092,2026-04-10,PROD0066:1:117.07,117.07,Apple Pay,Delivered
ORD100492,CUST00834,2025-12-06,PROD0002:1:96.62,96.62,Store Credit,Delivered
ORD100493,CUST00756,2025-10-05,PROD0012:5:54.17|PROD0083:1:12.63,283.48,Apple Pay,Delivered
ORD100494,CUST00042,2025-11-18,PROD0015:3:33.9,101.7,Apple Pay,Delivered
ORD100495,CUST00384,2025-11-10,PROD0215:1:59.37|PROD0250:3:8.48|PROD0008:4:165.66|PROD0257:5:46.24,978.65,PayPal,Cancelled
ORD100496,CUST00806,2026-03-22,PROD0021:2:148.05|PROD0197:1:10.66|PROD0120:5:80.47|PROD0202:5:14.1,779.61,Amex,Processing
ORD100497,CUST01118,2026-05-23,PROD0131:3:11.48,34.44,PayPal,Out for Delivery
ORD100498,CUST00115,2025-08-03,PROD0193:2:29.24,58.48,Mastercard,Delivered
ORD100499,CUST00524,2025-11-17,PROD0071:5:156.65|PROD0176:3:106.09,1101.52,Mastercard,Delivered
ORD100500,CUST00560,2026-01-05,PROD0044:3:79.04|PROD0293:2:26.46|PROD0195:2:16.36,322.76,Mastercard,Shipped
ORD100501,CUST00027,2025-11-22,PROD0104:1:24.87,24.87,Mastercard,Processing
ORD100502,CUST00529,2026-02-02,PROD0271:1:9.6|PROD0256:3:7.79|PROD0208:3:29.11,120.3,PayPal,Delivered
ORD100503,CUST00552,2025-12-14,PROD0172:3:30.66|PROD0103:2:35.6,163.18,Store Credit,Delivered
ORD100504,CUST00063,2025-10-02,PROD0176:3:106.09,318.27,Store Credit,Delivered
ORD100505,CUST00380,2026-02-19,PROD0166:5:36.87|PROD0191:4:66.03,448.47,PayPal,Delivered
ORD100506,CUST00398,2026-05-27,PROD0137:3:26.99|PROD0093:1:119.59|PROD0198:3:74.76|PROD0063:5:122.4,1036.84,Mastercard,Shipped
ORD100507,CUST00438,2025-08-27,PROD0212:2:40.49,80.98,PayPal,Out for Delivery
ORD100508,CUST00730,2025-10-23,PROD0062:1:20.08,20.08,Store Credit,Delivered
ORD100509,CUST01102,2025-12-20,PROD0091:5:94.44|PROD0222:4:52.54,682.36,Apple Pay,Delivered
ORD100510,CUST00052,2026-07-19,PROD0175:2:37.15,74.3,PayPal,Delivered
ORD100511,CUST00906,2026-03-26,PROD0143:1:209.56,209.56,Visa,Shipped
ORD100512,CUST00753,2026-01-12,PROD0024:1:45.08|PROD0019:2:32.14,109.36,Apple Pay,Delivered
ORD100513,CUST00906,2025-09-29,PROD0155:2:146.86,293.72,Apple Pay,Returned
ORD100514,CUST00682,2026-06-13,PROD0079:5:107.7,538.5,Mastercard,Processing
ORD100515,CUST00055,2026-06-02,PROD0295:2:56.15|PROD0249:3:9.97,142.21,Amex,Delivered
ORD100516,CUST01130,2026-03-13,PROD0098:5:87.67,438.35,Mastercard,Shipped
ORD100517,CUST00520,2026-03-03,PROD0260:3:135.73,407.19,PayPal,Returned
ORD100518,CUST00605,2026-04-10,PROD0062:2:20.08|PROD0259:2:27.72,95.6,Visa,Delivered
ORD100519,CUST00045,2026-05-09,PROD0286:5:11.4,57.0,Mastercard,Shipped
ORD100520,CUST00090,2026-02-21,PROD0167:4:13.38,53.52,Mastercard,Processing
ORD100521,CUST00673,2026-07-18,PROD0073:1:197.85|PROD0083:5:12.63|PROD0261:3:78.93|PROD0009:3:31.16,591.27,Amex,Returned
ORD100522,CUST00367,2026-06-11,PROD0173:4:42.3|PROD0109:2:29.51|PROD0191:4:66.03|PROD0026:2:54.92,602.18,Apple Pay,Delivered
ORD100523,CUST00013,2026-04-04,PROD0118:3:5.27|PROD0287:1:49.41,65.22,Amex,Out for Delivery
ORD100524,CUST01165,2025-08-28,PROD0147:4:129.73,518.92,Apple Pay,Delivered
ORD100525,CUST00093,2026-01-31,PROD0292:1:56.02,56.02,Apple Pay,Processing
ORD100526,CUST00398,2025-09-12,PROD0138:1:18.75,18.75,Apple Pay,Delivered
ORD100527,CUST00682,2026-05-29,PROD0165:3:38.86|PROD0231:2:10.76|PROD0281:1:37.35|PROD0255:4:175.96,879.29,Mastercard,Processing
ORD100528,CUST00392,2026-03-09,PROD0008:2:165.66|PROD0037:1:94.05|PROD0255:2:175.96|PROD0050:3:15.03,822.38,Mastercard,Delivered
ORD100529,CUST00381,2026-03-29,PROD0085:4:87.79,351.16,PayPal,Delivered
ORD100530,CUST00860,2026-07-21,PROD0272:5:27.45|PROD0274:4:126.5,643.25,PayPal,Shipped
ORD100531,CUST00715,2026-02-10,PROD0097:1:10.79,10.79,Apple Pay,Returned
ORD100532,CUST00848,2025-09-03,PROD0013:3:24.34,73.02,PayPal,Delivered
ORD100533,CUST00003,2025-10-09,PROD0288:4:79.59,318.36,Amex,Delivered
ORD100534,CUST01074,2026-01-04,PROD0046:4:33.24|PROD0215:3:59.37|PROD0104:4:24.87,410.55,Visa,Out for Delivery
ORD100535,CUST00193,2026-03-27,PROD0198:3:74.76,224.28,Store Credit,Shipped
ORD100536,CUST00649,2025-11-21,PROD0026:3:54.92,164.76,Apple Pay,Shipped
ORD100537,CUST00400,2026-03-05,PROD0041:3:26.94,80.82,Store Credit,Shipped
ORD100538,CUST00354,2025-12-03,PROD0170:3:12.14,36.42,Amex,Cancelled
ORD100539,CUST00630,2026-07-28,PROD0038:3:153.69,461.07,PayPal,Shipped
ORD100540,CUST01039,2025-12-15,PROD0136:5:75.27|PROD0009:2:31.16|PROD0270:2:25.5,489.67,Store Credit,Delivered
ORD100541,CUST00293,2025-08-03,PROD0293:2:26.46|PROD0229:1:30.85|PROD0067:4:11.15|PROD0032:1:22.58,150.95,Amex,Delivered
ORD100542,CUST00647,2025-10-05,PROD0065:1:99.72|PROD0020:1:33.7|PROD0126:3:82.81,381.85,PayPal,Delivered
ORD100543,CUST00729,2025-09-22,PROD0059:2:125.94,251.88,PayPal,Processing
ORD100544,CUST01058,2026-01-28,PROD0201:2:12.0,24.0,Amex,Delivered
ORD100545,CUST00535,2026-07-26,PROD0153:2:32.56,65.12,Amex,Delivered
ORD100546,CUST00608,2025-10-31,PROD0209:2:12.86,25.72,Apple Pay,Returned
ORD100547,CUST00519,2026-02-23,PROD0056:1:242.05,242.05,Apple Pay,Delivered
ORD100548,CUST00643,2026-07-28,PROD0073:3:197.85|PROD0292:4:56.02,817.63,Visa,Processing
ORD100549,CUST00734,2026-06-29,PROD0250:4:8.48,33.92,Visa,Cancelled
ORD100550,CUST00402,2025-08-18,PROD0164:1:106.62,106.62,Store Credit,Delivered
ORD100551,CUST00407,2026-01-18,PROD0082:2:33.12|PROD0102:2:10.54,87.32,Mastercard,Shipped
ORD100552,CUST00896,2025-11-17,PROD0006:2:6.78,13.56,Mastercard,Delivered
ORD100553,CUST00748,2025-08-04,PROD0219:2:122.77,245.54,Store Credit,Processing
ORD100554,CUST00763,2026-01-07,PROD0030:2:27.16,54.32,Amex,Delivered
ORD100555,CUST00673,2025-12-15,PROD0068:2:30.3|PROD0024:5:45.08,286.0,Visa,Delivered
ORD100556,CUST00892,2025-12-26,PROD0192:1:129.12,129.12,Apple Pay,Delivered
ORD100557,CUST00848,2025-09-22,PROD0094:1:136.82|PROD0136:4:75.27,437.9,Store Credit,Delivered
ORD100558,CUST00559,2025-08-19,PROD0300:4:18.47|PROD0176:5:106.09|PROD0198:3:74.76,828.61,Store Credit,Processing
ORD100559,CUST00302,2025-12-03,PROD0097:4:10.79,43.16,Visa,Shipped
ORD100560,CUST00355,2026-04-18,PROD0178:5:137.06,685.3,Apple Pay,Delivered
ORD100561,CUST00993,2025-12-26,PROD0116:3:9.23|PROD0078:1:167.27,194.96,Store Credit,Shipped
ORD100562,CUST00225,2026-04-08,PROD0090:2:15.79,31.58,PayPal,Cancelled
ORD100563,CUST00512,2025-11-19,PROD0094:1:136.82|PROD0084:3:98.15,431.27,Mastercard,Delayed
ORD100564,CUST00090,2026-05-28,PROD0196:1:161.82|PROD0099:5:133.23|PROD0100:2:81.87,991.71,Amex,Delivered
ORD100565,CUST01158,2026-01-15,PROD0238:1:88.09,88.09,Visa,Processing
ORD100566,CUST00774,2026-04-15,PROD0037:2:94.05|PROD0161:4:19.26,265.14,Store Credit,Delivered
ORD100567,CUST00562,2025-11-01,PROD0255:4:175.96,703.84,Mastercard,Delivered
ORD100568,CUST00716,2026-05-03,PROD0069:1:29.63,29.63,Store Credit,Out for Delivery
ORD100569,CUST00841,2025-11-18,PROD0163:3:76.48,229.44,Apple Pay,Processing
ORD100570,CUST01030,2026-03-10,PROD0079:4:107.7,430.8,Store Credit,Delivered
ORD100571,CUST01165,2025-12-09,PROD0014:3:232.45|PROD0283:1:33.8,731.15,Apple Pay,Delivered
ORD100572,CUST00322,2025-08-31,PROD0043:1:53.62|PROD0091:2:94.44|PROD0078:1:167.27,409.77,Amex,Delivered
ORD100573,CUST00768,2026-04-11,PROD0153:1:32.56|PROD0005:5:41.87|PROD0054:3:55.49|PROD0299:3:56.12,576.74,Visa,Shipped
ORD100574,CUST00949,2026-04-10,PROD0269:4:144.62,578.48,Amex,Delivered
ORD100575,CUST00244,2026-05-31,PROD0067:2:11.15,22.3,Mastercard,Delivered
ORD100576,CUST00901,2026-01-02,PROD0024:2:45.08|PROD0146:5:25.49,217.61,Mastercard,Delivered
ORD100577,CUST00915,2025-10-16,PROD0209:5:12.86|PROD0143:1:209.56|PROD0295:2:56.15,386.16,Mastercard,Shipped
ORD100578,CUST01032,2025-10-24,PROD0032:3:22.58|PROD0003:2:159.09,385.92,Store Credit,Processing
ORD100579,CUST00167,2026-02-17,PROD0050:1:15.03,15.03,Visa,Delivered
ORD100580,CUST00351,2026-07-02,PROD0032:4:22.58|PROD0031:4:213.56,944.56,PayPal,Shipped
ORD100581,CUST00272,2025-11-12,PROD0257:2:46.24|PROD0198:4:74.76|PROD0105:4:114.17,848.2,Visa,Cancelled
ORD100582,CUST01072,2025-09-26,PROD0278:4:43.45|PROD0207:4:26.58|PROD0091:1:94.44,374.56,Store Credit,Delivered
ORD100583,CUST00313,2025-09-18,PROD0261:3:78.93|PROD0115:2:182.29,601.37,Store Credit,Delivered
ORD100584,CUST00988,2026-04-08,PROD0023:4:18.55,74.2,Apple Pay,Processing
ORD100585,CUST01158,2025-10-23,PROD0276:5:75.04,375.2,Apple Pay,Delivered
ORD100586,CUST00949,2026-07-20,PROD0215:5:59.37,296.85,Apple Pay,Delayed
ORD100587,CUST00772,2026-02-03,PROD0205:4:97.84|PROD0274:2:126.5,644.36,Amex,Shipped
ORD100588,CUST00463,2026-05-15,PROD0084:2:98.15|PROD0176:5:106.09|PROD0167:3:13.38,766.89,Apple Pay,Out for Delivery
ORD100589,CUST00605,2025-08-10,PROD0244:2:28.97,57.94,PayPal,Processing
ORD100590,CUST01118,2025-08-31,PROD0294:4:28.58|PROD0203:1:248.58,362.9,Store Credit,Shipped
ORD100591,CUST00518,2026-05-18,PROD0142:1:68.42,68.42,Mastercard,Returned
ORD100592,CUST01063,2026-06-17,PROD0205:5:97.84,489.2,Store Credit,Shipped
ORD100593,CUST00409,2025-10-23,PROD0264:1:25.7|PROD0202:3:14.1,68.0,Visa,Returned
ORD100594,CUST00631,2026-06-03,PROD0010:3:98.26|PROD0279:5:19.87|PROD0092:3:55.86,561.71,Visa,Delivered
ORD100595,CUST00334,2026-05-02,PROD0243:1:47.44|PROD0135:5:13.02,112.54,Mastercard,Delivered
ORD100596,CUST00636,2025-08-22,PROD0200:1:39.66|PROD0207:5:26.58,172.56,Store Credit,Cancelled
ORD100597,CUST00400,2025-08-07,PROD0184:1:76.1|PROD0199:5:192.45|PROD0150:3:90.15,1308.8,Mastercard,Processing
ORD100598,CUST01109,2026-07-05,PROD0151:5:13.08|PROD0222:1:52.54|PROD0230:5:7.64,156.14,Apple Pay,Processing
ORD100599,CUST00243,2026-04-27,PROD0213:1:69.08,69.08,Apple Pay,Delivered
ORD100600,CUST00621,2025-12-06,PROD0023:4:18.55,74.2,Apple Pay,Delivered
ORD100601,CUST00774,2025-10-10,PROD0065:3:99.72|PROD0060:3:25.69,376.23,PayPal,Shipped
ORD100602,CUST00281,2026-01-15,PROD0151:4:13.08,52.32,Amex,Processing
ORD100603,CUST00719,2026-02-14,PROD0148:3:59.66,178.98,Mastercard,Delivered
ORD100604,CUST00757,2025-08-02,PROD0042:2:241.7,483.4,Apple Pay,Delivered
ORD100605,CUST01143,2026-07-02,PROD0047:1:58.31,58.31,PayPal,Cancelled
ORD100606,CUST00017,2026-06-22,PROD0238:4:88.09,352.36,Amex,Delivered
ORD100607,CUST00889,2026-01-02,PROD0178:2:137.06,274.12,Amex,Processing
ORD100608,CUST01004,2026-04-13,PROD0189:5:116.79,583.95,Visa,Delivered
ORD100609,CUST00090,2026-03-16,PROD0138:4:18.75,75.0,Amex,Delivered
ORD100610,CUST00686,2026-03-23,PROD0298:3:12.54,37.62,Store Credit,Processing
ORD100611,CUST00090,2025-12-25,PROD0105:2:114.17|PROD0019:4:32.14|PROD0171:5:115.91,936.45,Mastercard,Shipped
ORD100612,CUST00560,2026-06-24,PROD0094:4:136.82,547.28,Store Credit,Returned
ORD100613,CUST01149,2025-11-07,PROD0285:4:33.77,135.08,Apple Pay,Delivered
ORD100614,CUST00935,2026-07-03,PROD0168:2:193.82,387.64,Store Credit,Delivered
ORD100615,CUST00615,2026-02-10,PROD0246:4:61.05,244.2,Mastercard,Processing
ORD100616,CUST00030,2026-05-27,PROD0159:2:20.43|PROD0115:5:182.29|PROD0108:5:128.9|PROD0203:5:248.58,2839.71,PayPal,Delivered
ORD100617,CUST00905,2025-08-23,PROD0284:3:36.34,109.02,Store Credit,Delivered
ORD100618,CUST00386,2026-02-24,PROD0149:2:111.96|PROD0148:3:59.66,402.9,Apple Pay,Delivered
ORD100619,CUST00480,2026-02-04,PROD0252:3:79.63|PROD0169:5:47.11|PROD0293:2:26.46,527.36,Apple Pay,Returned
ORD100620,CUST00152,2025-10-08,PROD0277:2:30.38,60.76,PayPal,Shipped
ORD100621,CUST00774,2025-10-19,PROD0201:5:12.0,60.0,Mastercard,Delivered
ORD100622,CUST01184,2025-12-02,PROD0252:1:79.63|PROD0276:3:75.04,304.75,Amex,Returned
ORD100623,CUST00288,2025-08-23,PROD0076:5:22.51,112.55,PayPal,Cancelled
ORD100624,CUST00193,2026-02-06,PROD0161:5:19.26,96.3,Visa,Shipped
ORD100625,CUST00872,2025-09-30,PROD0124:5:57.05,285.25,Mastercard,Delivered
ORD100626,CUST00069,2026-03-05,PROD0031:5:213.56,1067.8,Store Credit,Delivered
ORD100627,CUST00007,2025-11-12,PROD0176:5:106.09,530.45,PayPal,Delivered
ORD100628,CUST00206,2026-06-11,PROD0004:3:9.47,28.41,PayPal,Shipped
ORD100629,CUST00170,2026-02-12,PROD0123:5:38.34|PROD0300:2:18.47|PROD0250:3:8.48,254.08,Visa,Delivered
ORD100630,CUST00891,2026-04-16,PROD0242:4:23.74|PROD0249:1:9.97|PROD0094:2:136.82,378.57,PayPal,Shipped
ORD100631,CUST00381,2025-09-10,PROD0131:3:11.48,34.44,Apple Pay,Delivered
ORD100632,CUST00663,2026-06-19,PROD0172:4:30.66|PROD0275:3:91.6|PROD0154:1:191.73,589.17,Visa,Returned
ORD100633,CUST00700,2026-03-01,PROD0069:5:29.63,148.15,Amex,Cancelled
ORD100634,CUST00592,2025-12-15,PROD0271:5:9.6,48.0,Amex,Delivered
ORD100635,CUST01130,2026-07-02,PROD0002:2:96.62|PROD0292:5:56.02|PROD0089:5:58.99,768.29,Amex,Processing
ORD100636,CUST01043,2026-03-19,PROD0164:1:106.62|PROD0180:2:13.81,134.24,Amex,Delayed
ORD100637,CUST00044,2026-06-23,PROD0284:4:36.34|PROD0287:3:49.41|PROD0062:1:20.08|PROD0055:2:32.88,379.43,Mastercard,Delivered
ORD100638,CUST00662,2026-01-29,PROD0114:3:67.83|PROD0120:4:80.47|PROD0110:4:36.36|PROD0208:1:29.11,699.92,Visa,Delayed
ORD100639,CUST00921,2026-03-01,PROD0096:2:50.63|PROD0280:3:218.73|PROD0066:3:117.07|PROD0203:2:248.58,1605.82,Amex,Returned
ORD100640,CUST00730,2026-03-17,PROD0004:3:9.47,28.41,Visa,Processing
ORD100641,CUST00447,2026-07-18,PROD0140:1:235.93,235.93,Mastercard,Shipped
ORD100642,CUST00542,2026-01-04,PROD0074:2:30.72,61.44,Store Credit,Processing
ORD100643,CUST00058,2026-05-26,PROD0286:2:11.4|PROD0244:4:28.97,138.68,Store Credit,Returned
ORD100644,CUST00519,2026-07-20,PROD0110:4:36.36|PROD0089:1:58.99,204.43,Store Credit,Delivered
ORD100645,CUST00649,2025-11-17,PROD0007:2:167.26,334.52,PayPal,Shipped
ORD100646,CUST00686,2025-11-28,PROD0213:2:69.08,138.16,Amex,Delivered
ORD100647,CUST00757,2025-08-14,PROD0254:2:110.83,221.66,Store Credit,Delivered
ORD100648,CUST00763,2025-08-16,PROD0088:1:38.76|PROD0083:1:12.63,51.39,PayPal,Delivered
ORD100649,CUST00022,2025-09-29,PROD0130:3:30.13,90.39,Apple Pay,Cancelled
ORD100650,CUST00835,2025-09-25,PROD0057:1:37.8|PROD0292:4:56.02|PROD0086:1:41.13|PROD0281:4:37.35,452.41,Mastercard,Delivered
ORD100651,CUST00052,2025-09-15,PROD0008:3:165.66|PROD0074:2:30.72,558.42,Store Credit,Delivered
ORD100652,CUST00972,2025-10-30,PROD0012:2:54.17,108.34,PayPal,Out for Delivery
ORD100653,CUST00650,2026-06-28,PROD0154:5:191.73,958.65,Apple Pay,Delivered
ORD100654,CUST00896,2025-09-22,PROD0057:5:37.8|PROD0164:5:106.62,722.1,Visa,Cancelled
ORD100655,CUST00172,2026-05-02,PROD0147:3:129.73|PROD0275:4:91.6|PROD0212:5:40.49,958.04,Store Credit,Delivered
ORD100656,CUST00079,2026-03-20,PROD0262:2:174.58,349.16,Apple Pay,Delivered
ORD100657,CUST00588,2025-10-04,PROD0154:1:191.73,191.73,Store Credit,Delivered
ORD100658,CUST00571,2026-05-02,PROD0224:3:131.68,395.04,Visa,Delivered
ORD100659,CUST00749,2026-07-30,PROD0087:2:72.87|PROD0034:4:6.64|PROD0086:2:41.13,254.56,Amex,Cancelled
ORD100660,CUST00004,2025-11-13,PROD0002:1:96.62|PROD0032:1:22.58,119.2,PayPal,Shipped
ORD100661,CUST00572,2026-05-16,PROD0063:1:122.4|PROD0130:1:30.13|PROD0061:5:25.67|PROD0208:1:29.11,309.99,Apple Pay,Delivered
ORD100662,CUST00839,2026-05-23,PROD0296:5:70.76|PROD0236:1:37.87,391.67,Store Credit,Delivered
ORD100663,CUST01148,2025-08-10,PROD0264:4:25.7|PROD0142:1:68.42|PROD0113:1:29.87|PROD0128:2:112.67,426.43,Visa,Returned
ORD100664,CUST00052,2026-05-19,PROD0159:3:20.43|PROD0077:1:34.86|PROD0010:1:98.26|PROD0097:3:10.79,226.78,Mastercard,Delivered
ORD100665,CUST00513,2025-12-22,PROD0140:4:235.93|PROD0208:4:29.11,1060.16,Visa,Delivered
ORD100666,CUST01105,2025-09-14,PROD0078:2:167.27|PROD0071:5:156.65,1117.79,Amex,Delivered
ORD100667,CUST00863,2025-09-03,PROD0167:2:13.38,26.76,Amex,Delivered
ORD100668,CUST00036,2025-08-03,PROD0082:5:33.12,165.6,Store Credit,Delivered
ORD100669,CUST00864,2026-06-18,PROD0178:4:137.06|PROD0290:1:105.75|PROD0010:1:98.26|PROD0147:1:129.73,881.98,Mastercard,Delivered
ORD100670,CUST00110,2025-12-01,PROD0235:1:35.87,35.87,Apple Pay,Delivered
ORD100671,CUST00670,2026-06-30,PROD0273:4:84.74|PROD0192:4:129.12|PROD0006:4:6.78,882.56,Mastercard,Processing
ORD100672,CUST00530,2026-01-05,PROD0024:3:45.08,135.24,Mastercard,Out for Delivery
ORD100673,CUST00170,2025-11-28,PROD0256:2:7.79,15.58,Amex,Returned
ORD100674,CUST00126,2026-04-29,PROD0163:1:76.48,76.48,Mastercard,Processing
ORD100675,CUST00376,2026-02-16,PROD0002:5:96.62,483.1,PayPal,Delivered
ORD100676,CUST00566,2025-09-07,PROD0227:3:148.49|PROD0210:5:78.45|PROD0280:3:218.73|PROD0262:4:174.58,2192.23,Visa,Delivered
ORD100677,CUST00267,2025-09-23,PROD0156:4:41.63|PROD0257:3:46.24|PROD0290:2:105.75,516.74,Amex,Delivered
ORD100678,CUST00775,2026-05-06,PROD0057:2:37.8,75.6,Apple Pay,Delivered
ORD100679,CUST00784,2025-08-07,PROD0142:1:68.42|PROD0145:5:16.58|PROD0046:4:33.24|PROD0064:2:87.33,458.94,Visa,Shipped
ORD100680,CUST00860,2026-07-11,PROD0148:5:59.66|PROD0257:2:46.24,390.78,Store Credit,Processing
ORD100681,CUST00848,2026-03-01,PROD0208:4:29.11,116.44,Visa,Delivered
ORD100682,CUST00480,2026-02-04,PROD0143:1:209.56,209.56,Mastercard,Processing
ORD100683,CUST00670,2025-09-28,PROD0027:5:8.85|PROD0160:5:27.79,183.2,Mastercard,Delivered
ORD100684,CUST00790,2026-07-22,PROD0229:5:30.85,154.25,Store Credit,Delayed
ORD100685,CUST00683,2026-03-30,PROD0124:1:57.05|PROD0055:5:32.88|PROD0255:4:175.96,925.29,Store Credit,Processing
ORD100686,CUST00017,2025-09-21,PROD0199:5:192.45|PROD0080:1:101.65|PROD0182:5:235.58,2241.8,Store Credit,Delivered
ORD100687,CUST00247,2025-09-07,PROD0225:3:129.56,388.68,Store Credit,Delivered
ORD100688,CUST00160,2026-03-28,PROD0240:5:55.35,276.75,Apple Pay,Processing
ORD100689,CUST00905,2026-02-27,PROD0015:5:33.9,169.5,Visa,Out for Delivery
ORD100690,CUST01039,2026-05-27,PROD0197:4:10.66|PROD0129:4:19.99,122.6,Store Credit,Processing
ORD100691,CUST00860,2025-11-23,PROD0215:5:59.37,296.85,Visa,Cancelled
ORD100692,CUST00931,2026-05-06,PROD0282:3:114.39,343.17,PayPal,Processing
ORD100693,CUST01026,2025-08-15,PROD0132:3:14.3,42.9,Mastercard,Delivered
ORD100694,CUST00070,2026-02-10,PROD0234:4:120.92|PROD0133:4:32.07,611.96,PayPal,Delivered
ORD100695,CUST00974,2025-09-27,PROD0153:1:32.56|PROD0075:1:42.82|PROD0199:4:192.45,845.18,Mastercard,Cancelled
ORD100696,CUST00494,2026-06-27,PROD0133:2:32.07,64.14,Mastercard,Delivered
ORD100697,CUST00193,2025-08-11,PROD0055:4:32.88,131.52,Visa,Shipped
ORD100698,CUST00639,2026-02-08,PROD0187:5:21.11,105.55,Apple Pay,Returned
ORD100699,CUST00506,2025-09-14,PROD0167:1:13.38,13.38,Amex,Delayed
ORD100700,CUST00251,2026-01-09,PROD0283:3:33.8,101.4,Visa,Delivered
ORD100701,CUST00035,2026-05-14,PROD0051:3:43.91,131.73,Mastercard,Delivered
ORD100702,CUST00864,2025-12-26,PROD0190:3:68.53,205.59,PayPal,Delivered
ORD100703,CUST00400,2025-08-30,PROD0238:4:88.09|PROD0063:3:122.4|PROD0186:4:24.16,816.2,Apple Pay,Shipped
ORD100704,CUST00520,2026-04-27,PROD0096:4:50.63,202.52,Visa,Delivered
ORD100705,CUST00784,2026-01-16,PROD0202:5:14.1,70.5,Mastercard,Delivered
ORD100706,CUST00714,2025-08-04,PROD0194:2:48.76,97.52,Visa,Delivered
ORD100707,CUST00644,2026-06-04,PROD0271:4:9.6,38.4,PayPal,Processing
ORD100708,CUST00126,2026-07-08,PROD0135:5:13.02|PROD0265:4:21.16,149.74,Mastercard,Shipped
ORD100709,CUST00115,2025-08-12,PROD0075:2:42.82|PROD0243:5:47.44,322.84,Visa,Delivered
ORD100710,CUST00974,2026-01-10,PROD0030:4:27.16,108.64,PayPal,Shipped
ORD100711,CUST00057,2025-11-30,PROD0270:2:25.5|PROD0133:4:32.07|PROD0076:2:22.51,224.3,Apple Pay,Cancelled
ORD100712,CUST00933,2025-11-12,PROD0091:2:94.44,188.88,Mastercard,Returned
ORD100713,CUST01164,2026-03-05,PROD0252:4:79.63|PROD0055:2:32.88,384.28,Amex,Delivered
ORD100714,CUST00784,2025-09-21,PROD0297:5:171.88|PROD0005:2:41.87|PROD0107:2:106.43,1156.0,Mastercard,Delivered
ORD100715,CUST00030,2025-12-14,PROD0040:1:6.69,6.69,Visa,Delivered
ORD100716,CUST00913,2025-08-19,PROD0006:5:6.78|PROD0017:2:145.85|PROD0150:2:90.15,505.9,PayPal,Delivered
ORD100717,CUST00903,2025-10-19,PROD0228:2:11.51|PROD0222:5:52.54,285.72,Mastercard,Delivered
ORD100718,CUST00909,2026-06-10,PROD0282:1:114.39|PROD0167:5:13.38,181.29,Store Credit,Delivered
ORD100719,CUST00572,2025-09-28,PROD0114:3:67.83|PROD0179:5:22.52|PROD0025:4:16.49,382.05,PayPal,Delivered
ORD100720,CUST01147,2026-05-09,PROD0183:5:73.54|PROD0106:4:116.2,832.5,Apple Pay,Delivered
ORD100721,CUST00160,2026-03-01,PROD0187:1:21.11|PROD0212:2:40.49,102.09,Visa,Delivered
ORD100722,CUST00761,2025-12-30,PROD0122:3:113.13|PROD0017:5:145.85|PROD0144:5:37.09,1254.09,Store Credit,Cancelled
ORD100723,CUST01183,2025-10-18,PROD0099:2:133.23,266.46,Visa,Delivered
ORD100724,CUST00122,2025-09-26,PROD0116:3:9.23|PROD0173:3:42.3,154.59,Apple Pay,Processing
ORD100725,CUST00463,2026-02-22,PROD0284:3:36.34|PROD0287:2:49.41,207.84,Mastercard,Shipped
ORD100726,CUST00892,2025-08-02,PROD0014:5:232.45|PROD0178:2:137.06|PROD0289:1:44.66,1481.03,Amex,Delivered
ORD100727,CUST00805,2026-01-06,PROD0069:2:29.63|PROD0029:2:81.59|PROD0061:4:25.67,325.12,Visa,Delivered
ORD100728,CUST00787,2025-10-31,PROD0138:5:18.75|PROD0048:2:19.97,133.69,Amex,Cancelled
ORD100729,CUST00690,2025-09-18,PROD0093:4:119.59|PROD0203:1:248.58,726.94,Visa,Processing
ORD100730,CUST01030,2026-02-20,PROD0217:3:240.36,721.08,Mastercard,Delivered
ORD100731,CUST00628,2025-11-24,PROD0293:5:26.46,132.3,Apple Pay,Delivered
ORD100732,CUST00896,2025-08-31,PROD0118:3:5.27,15.81,Amex,Delivered
ORD100733,CUST00818,2025-08-24,PROD0227:4:148.49,593.96,PayPal,Cancelled
ORD100734,CUST00090,2026-03-25,PROD0065:3:99.72|PROD0192:2:129.12,557.4,Visa,Delivered
ORD100735,CUST00990,2026-04-08,PROD0253:4:45.08,180.32,Mastercard,Delayed
ORD100736,CUST00190,2025-08-28,PROD0240:5:55.35,276.75,PayPal,Out for Delivery
ORD100737,CUST01109,2025-10-25,PROD0165:4:38.86|PROD0224:2:131.68|PROD0245:1:74.39|PROD0070:5:207.26,1529.49,PayPal,Delivered
ORD100738,CUST00803,2025-10-24,PROD0089:3:58.99|PROD0094:1:136.82,313.79,Store Credit,Processing
ORD100739,CUST01059,2026-07-04,PROD0208:2:29.11|PROD0087:5:72.87|PROD0154:4:191.73|PROD0229:2:30.85,1251.19,Amex,Shipped
ORD100740,CUST00572,2025-10-27,PROD0007:4:167.26|PROD0214:2:21.47,711.98,PayPal,Delayed
ORD100741,CUST00740,2026-03-07,PROD0035:4:186.35,745.4,Apple Pay,Delayed
ORD100742,CUST01178,2025-11-19,PROD0103:5:35.6,178.0,Mastercard,Shipped
ORD100743,CUST00107,2026-07-20,PROD0011:5:22.2,111.0,PayPal,Delivered
ORD100744,CUST00857,2025-08-27,PROD0224:2:131.68,263.36,Mastercard,Delivered
ORD100745,CUST00118,2026-03-03,PROD0218:2:151.18,302.36,Apple Pay,Delayed
ORD100746,CUST00686,2026-06-11,PROD0048:4:19.97,79.88,Mastercard,Delivered
ORD100747,CUST00403,2026-03-22,PROD0241:4:95.92,383.68,PayPal,Shipped
ORD100748,CUST00494,2025-12-19,PROD0036:3:51.6|PROD0243:1:47.44|PROD0168:5:193.82,1171.34,Visa,Shipped
ORD100749,CUST00588,2026-05-12,PROD0158:3:22.41,67.23,Visa,Processing
ORD100750,CUST00345,2025-11-19,PROD0220:3:35.61,106.83,Store Credit,Processing
ORD100751,CUST01173,2025-12-07,PROD0006:2:6.78,13.56,Amex,Delivered
ORD100752,CUST00241,2025-12-20,PROD0089:5:58.99|PROD0102:4:10.54,337.11,Amex,Processing
ORD100753,CUST01048,2025-07-31,PROD0117:3:34.38|PROD0257:3:46.24,241.86,Amex,Delivered
ORD100754,CUST00193,2026-03-31,PROD0135:4:13.02,52.08,PayPal,Delivered
ORD100755,CUST00059,2026-04-23,PROD0109:4:29.51,118.04,Apple Pay,Delivered
ORD100756,CUST00396,2026-03-26,PROD0199:2:192.45,384.9,Visa,Delivered
ORD100757,CUST00306,2026-03-18,PROD0086:5:41.13,205.65,Visa,Delayed
ORD100758,CUST00027,2026-02-01,PROD0220:1:35.61,35.61,Visa,Delivered
ORD100759,CUST00242,2026-06-25,PROD0109:1:29.51,29.51,PayPal,Processing
ORD100760,CUST00247,2026-05-06,PROD0094:5:136.82|PROD0216:3:7.93|PROD0211:1:15.2|PROD0244:5:28.97,867.94,Store Credit,Delivered
ORD100761,CUST00400,2026-05-19,PROD0156:2:41.63,83.26,Apple Pay,Out for Delivery
ORD100762,CUST00620,2026-05-18,PROD0061:4:25.67,102.68,Apple Pay,Delivered
ORD100763,CUST00400,2025-11-02,PROD0036:5:51.6|PROD0206:1:37.39|PROD0084:4:98.15,687.99,Store Credit,Delivered
ORD100764,CUST01028,2026-07-24,PROD0105:2:114.17,228.34,PayPal,Delivered
ORD100765,CUST00848,2025-12-26,PROD0106:5:116.2,581.0,Apple Pay,Shipped
ORD100766,CUST00735,2026-05-15,PROD0215:1:59.37|PROD0231:4:10.76,102.41,Visa,Shipped
ORD100767,CUST00605,2026-04-27,PROD0140:2:235.93,471.86,Store Credit,Shipped
ORD100768,CUST00155,2026-03-25,PROD0058:4:90.72|PROD0213:5:69.08,708.28,Visa,Cancelled
ORD100769,CUST00682,2026-06-23,PROD0114:1:67.83,67.83,Apple Pay,Delivered
ORD100770,CUST01078,2026-03-16,PROD0059:1:125.94|PROD0244:5:28.97,270.79,PayPal,Returned
ORD100771,CUST00943,2025-08-15,PROD0034:4:6.64,26.56,Mastercard,Delivered
ORD100772,CUST01079,2026-01-13,PROD0016:4:12.58|PROD0010:2:98.26,246.84,Apple Pay,Shipped
ORD100773,CUST01028,2026-05-02,PROD0058:5:90.72,453.6,PayPal,Cancelled
ORD100774,CUST00352,2026-03-28,PROD0068:1:30.3,30.3,Store Credit,Shipped
ORD100775,CUST00359,2026-03-02,PROD0136:3:75.27,225.81,Amex,Delivered
ORD100776,CUST00974,2025-12-28,PROD0074:3:30.72|PROD0153:2:32.56|PROD0084:4:98.15,549.88,Store Credit,Shipped
ORD100777,CUST00059,2025-12-13,PROD0208:2:29.11|PROD0031:5:213.56,1126.02,PayPal,Delivered
ORD100778,CUST00070,2026-07-18,PROD0181:3:4.29,12.87,PayPal,Delivered
ORD100779,CUST01045,2026-05-05,PROD0181:5:4.29,21.45,PayPal,Delivered
ORD100780,CUST00649,2026-02-21,PROD0271:5:9.6|PROD0209:1:12.86|PROD0146:2:25.49,111.84,Amex,Delivered
ORD100781,CUST00381,2026-06-04,PROD0095:2:26.42,52.84,Store Credit,Returned
ORD100782,CUST01166,2026-05-24,PROD0097:3:10.79,32.37,Store Credit,Delivered
ORD100783,CUST00007,2026-07-28,PROD0096:3:50.63,151.89,PayPal,Cancelled
ORD100784,CUST00247,2025-12-03,PROD0089:1:58.99,58.99,Amex,Shipped
ORD100785,CUST00174,2025-10-17,PROD0207:1:26.58|PROD0006:3:6.78|PROD0016:3:12.58|PROD0003:1:159.09,243.75,Apple Pay,Out for Delivery
ORD100786,CUST00625,2026-06-28,PROD0018:5:13.24|PROD0146:1:25.49,91.69,Visa,Delivered
ORD100787,CUST00463,2026-06-08,PROD0168:4:193.82,775.28,Apple Pay,Delivered
ORD100788,CUST01030,2026-01-18,PROD0016:4:12.58|PROD0292:4:56.02|PROD0249:5:9.97,324.25,Visa,Returned
ORD100789,CUST00758,2026-02-20,PROD0003:1:159.09,159.09,Amex,Delivered
ORD100790,CUST00719,2025-10-16,PROD0149:3:111.96|PROD0004:2:9.47,354.82,Amex,Processing
ORD100791,CUST00514,2026-07-28,PROD0116:1:9.23,9.23,PayPal,Out for Delivery
ORD100792,CUST00177,2025-11-07,PROD0038:3:153.69|PROD0255:1:175.96,637.03,Visa,Delivered
ORD100793,CUST00374,2026-04-03,PROD0236:1:37.87,37.87,Apple Pay,Delivered
ORD100794,CUST00605,2025-07-30,PROD0253:1:45.08|PROD0221:4:21.66,131.72,Store Credit,Processing
ORD100795,CUST01143,2025-11-22,PROD0034:1:6.64,6.64,PayPal,Out for Delivery
ORD100796,CUST01142,2026-01-28,PROD0123:2:38.34,76.68,Store Credit,Cancelled
ORD100797,CUST00562,2026-01-26,PROD0131:1:11.48,11.48,Visa,Shipped
ORD100798,CUST00196,2026-01-10,PROD0232:5:130.11|PROD0134:4:178.43|PROD0139:3:31.77,1459.58,Apple Pay,Delivered
ORD100799,CUST00848,2025-12-02,PROD0007:3:167.26|PROD0160:1:27.79|PROD0164:5:106.62,1062.67,Visa,Delivered
ORD100800,CUST01058,2025-10-20,PROD0021:5:148.05|PROD0123:3:38.34,855.27,Store Credit,Cancelled
ORD100801,CUST00701,2025-12-19,PROD0011:5:22.2|PROD0228:5:11.51,168.55,PayPal,Delivered
ORD100802,CUST00447,2026-06-02,PROD0105:2:114.17,228.34,PayPal,Delivered
ORD100803,CUST01031,2026-04-15,PROD0222:5:52.54|PROD0250:5:8.48|PROD0022:5:55.37,581.95,Visa,Delivered
ORD100804,CUST00425,2025-10-12,PROD0194:3:48.76|PROD0052:5:62.04|PROD0050:3:15.03,501.57,Store Credit,Shipped
ORD100805,CUST00853,2025-08-15,PROD0233:2:82.05,164.1,Amex,Delivered
ORD100806,CUST00607,2026-04-01,PROD0030:2:27.16|PROD0273:2:84.74,223.8,Visa,Delivered
ORD100807,CUST01028,2026-04-04,PROD0209:2:12.86|PROD0068:3:30.3|PROD0093:5:119.59,714.57,Visa,Delivered
ORD100808,CUST00901,2025-10-04,PROD0285:4:33.77,135.08,PayPal,Delivered
ORD100809,CUST00030,2025-11-29,PROD0005:3:41.87,125.61,Apple Pay,Delivered
ORD100810,CUST00848,2025-09-29,PROD0111:5:31.83,159.15,Visa,Delivered
ORD100811,CUST00605,2025-12-11,PROD0103:4:35.6,142.4,Store Credit,Processing
ORD100812,CUST00386,2026-02-02,PROD0058:5:90.72,453.6,Mastercard,Shipped
ORD100813,CUST00334,2026-04-08,PROD0165:1:38.86|PROD0132:3:14.3|PROD0140:3:235.93|PROD0071:5:156.65,1572.8,Amex,Returned
ORD100814,CUST00901,2026-06-17,PROD0281:3:37.35|PROD0200:3:39.66,231.03,Amex,Shipped
ORD100815,CUST00701,2026-02-04,PROD0253:5:45.08,225.4,Amex,Delivered
ORD100816,CUST00286,2026-01-04,PROD0016:4:12.58,50.32,PayPal,Delivered
ORD100817,CUST00206,2025-08-31,PROD0187:1:21.11,21.11,Mastercard,Delivered
ORD100818,CUST00341,2026-01-07,PROD0178:5:137.06,685.3,Visa,Delivered
ORD100819,CUST00363,2026-01-03,PROD0136:1:75.27,75.27,Amex,Processing
ORD100820,CUST00749,2025-11-16,PROD0164:4:106.62,426.48,Amex,Shipped
ORD100821,CUST00547,2026-01-15,PROD0064:5:87.33,436.65,Amex,Delivered
ORD100822,CUST01148,2025-11-02,PROD0245:3:74.39|PROD0243:2:47.44|PROD0046:1:33.24|PROD0278:1:43.45,394.74,Mastercard,Shipped
ORD100823,CUST00295,2026-07-18,PROD0246:2:61.05|PROD0109:2:29.51,181.12,PayPal,Shipped
ORD100824,CUST00809,2026-03-22,PROD0096:3:50.63,151.89,PayPal,Delivered
ORD100825,CUST00367,2025-08-10,PROD0129:1:19.99|PROD0001:4:121.73,506.91,Mastercard,Shipped
ORD100826,CUST00639,2026-06-04,PROD0077:4:34.86|PROD0005:3:41.87,265.05,Visa,Processing
ORD100827,CUST00562,2026-07-18,PROD0200:1:39.66,39.66,PayPal,Cancelled
ORD100828,CUST00588,2026-07-18,PROD0036:5:51.6|PROD0104:2:24.87,307.74,Visa,Delivered
ORD100829,CUST00886,2026-06-15,PROD0078:4:167.27|PROD0066:4:117.07,1137.36,Mastercard,Delivered
ORD100830,CUST00908,2025-07-31,PROD0186:1:24.16,24.16,Visa,Delivered
ORD100831,CUST00045,2025-08-18,PROD0153:2:32.56|PROD0028:4:89.71,423.96,Apple Pay,Delivered
ORD100832,CUST00035,2026-05-17,PROD0221:2:21.66|PROD0082:4:33.12|PROD0008:2:165.66|PROD0021:5:148.05,1247.37,Amex,Out for Delivery
ORD100833,CUST00407,2025-12-13,PROD0249:5:9.97,49.85,Store Credit,Delivered
ORD100834,CUST00287,2026-06-12,PROD0161:5:19.26|PROD0008:2:165.66|PROD0145:2:16.58,460.78,PayPal,Delayed
ORD100835,CUST00869,2026-05-06,PROD0274:1:126.5|PROD0039:3:35.25,232.25,Store Credit,Shipped
ORD100836,CUST01036,2026-03-10,PROD0084:2:98.15|PROD0071:5:156.65,979.55,Apple Pay,Returned
ORD100837,CUST01033,2026-07-21,PROD0263:5:22.13,110.65,Mastercard,Shipped
ORD100838,CUST00381,2025-08-24,PROD0040:2:6.69,13.38,Amex,Out for Delivery
ORD100839,CUST00592,2026-01-12,PROD0228:5:11.51,57.55,PayPal,Delivered
ORD100840,CUST00104,2026-05-04,PROD0073:4:197.85,791.4,PayPal,Delivered
ORD100841,CUST00677,2026-04-11,PROD0268:3:34.77|PROD0205:3:97.84,397.83,Amex,Processing
ORD100842,CUST00722,2025-09-19,PROD0089:3:58.99|PROD0131:1:11.48|PROD0241:1:95.92|PROD0221:1:21.66,306.03,PayPal,Delivered
ORD100843,CUST00396,2026-02-10,PROD0167:1:13.38,13.38,Amex,Delivered
ORD100844,CUST00414,2025-11-10,PROD0274:4:126.5,506.0,Mastercard,Delivered
ORD100845,CUST00837,2025-11-06,PROD0153:3:32.56,97.68,Mastercard,Delivered
ORD100846,CUST00446,2025-11-21,PROD0143:1:209.56,209.56,Apple Pay,Delivered
ORD100847,CUST00690,2025-10-16,PROD0057:3:37.8|PROD0108:4:128.9,629.0,Store Credit,Shipped
ORD100848,CUST00774,2026-07-18,PROD0261:1:78.93,78.93,PayPal,Shipped
ORD100849,CUST00745,2026-05-06,PROD0222:1:52.54,52.54,Store Credit,Delivered
ORD100850,CUST00042,2026-06-02,PROD0072:5:70.01|PROD0171:1:115.91|PROD0267:4:85.78|PROD0144:2:37.09,883.26,Mastercard,Delayed
ORD100851,CUST00355,2026-01-31,PROD0059:1:125.94|PROD0159:5:20.43,228.09,Apple Pay,Cancelled
ORD100852,CUST00059,2026-07-16,PROD0082:2:33.12,66.24,Store Credit,Delivered
ORD100853,CUST00869,2025-12-02,PROD0113:4:29.87|PROD0087:1:72.87,192.35,Amex,Processing
ORD100854,CUST00772,2026-06-13,PROD0085:4:87.79|PROD0236:4:37.87,502.64,Store Credit,Delivered
ORD100855,CUST00367,2026-05-28,PROD0045:3:17.66,52.98,Store Credit,Delivered
ORD100856,CUST00741,2026-01-20,PROD0213:5:69.08|PROD0281:1:37.35,382.75,Mastercard,Returned
ORD100857,CUST01186,2026-04-13,PROD0014:4:232.45|PROD0078:5:167.27|PROD0088:1:38.76|PROD0117:1:34.38,1839.29,PayPal,Processing
ORD100858,CUST00118,2026-07-30,PROD0230:1:7.64,7.64,Store Credit,Out for Delivery
ORD100859,CUST00862,2026-04-10,PROD0104:5:24.87,124.35,Store Credit,Shipped
ORD100860,CUST00314,2026-04-08,PROD0286:3:11.4|PROD0298:3:12.54,71.82,Store Credit,Shipped
ORD100861,CUST00565,2026-02-25,PROD0012:2:54.17,108.34,Apple Pay,Returned
ORD100862,CUST00367,2025-09-26,PROD0015:5:33.9|PROD0171:1:115.91|PROD0046:2:33.24|PROD0281:5:37.35,538.64,Store Credit,Shipped
ORD100863,CUST00015,2026-02-20,PROD0019:1:32.14,32.14,Store Credit,Delivered
ORD100864,CUST00529,2026-04-17,PROD0224:5:131.68|PROD0156:4:41.63,824.92,Mastercard,Cancelled
ORD100865,CUST00091,2026-03-02,PROD0236:5:37.87,189.35,Store Credit,Shipped
ORD100866,CUST00700,2026-03-13,PROD0052:2:62.04,124.08,Apple Pay,Delayed
ORD100867,CUST00661,2026-01-08,PROD0017:3:145.85,437.55,Visa,Delivered
ORD100868,CUST00398,2026-04-16,PROD0054:1:55.49,55.49,Amex,Delivered
ORD100869,CUST00661,2025-08-24,PROD0275:4:91.6,366.4,Apple Pay,Delivered
ORD100870,CUST01118,2026-06-16,PROD0219:5:122.77,613.85,PayPal,Delivered
ORD100871,CUST00714,2026-06-08,PROD0112:4:112.59,450.36,Mastercard,Shipped
ORD100872,CUST00529,2026-07-07,PROD0225:2:129.56,259.12,PayPal,Delivered
ORD100873,CUST00616,2026-07-26,PROD0084:2:98.15|PROD0117:2:34.38,265.06,PayPal,Delivered
ORD100874,CUST00206,2026-02-14,PROD0239:2:87.92,175.84,PayPal,Delivered
ORD100875,CUST00267,2026-06-07,PROD0033:4:50.93,203.72,Visa,Delivered
ORD100876,CUST00588,2025-09-18,PROD0154:3:191.73,575.19,PayPal,Out for Delivery
ORD100877,CUST00590,2025-08-12,PROD0066:5:117.07|PROD0065:4:99.72,984.23,Apple Pay,Delivered
ORD100878,CUST01199,2026-02-11,PROD0096:5:50.63|PROD0060:2:25.69,304.53,PayPal,Delivered
ORD100879,CUST00004,2025-10-09,PROD0202:1:14.1|PROD0124:2:57.05|PROD0143:2:209.56|PROD0090:2:15.79,578.9,Mastercard,Out for Delivery
ORD100880,CUST00873,2026-03-02,PROD0009:1:31.16,31.16,PayPal,Delivered
ORD100881,CUST00967,2026-06-10,PROD0126:3:82.81,248.43,Amex,Delivered
ORD100882,CUST00564,2026-04-06,PROD0195:1:16.36|PROD0112:5:112.59,579.31,Amex,Shipped
ORD100883,CUST00682,2025-12-11,PROD0153:2:32.56|PROD0024:5:45.08|PROD0014:3:232.45,987.87,Mastercard,Delivered
ORD100884,CUST00818,2026-04-02,PROD0274:5:126.5,632.5,Visa,Delivered
ORD100885,CUST00566,2026-02-08,PROD0043:4:53.62|PROD0192:3:129.12,601.84,Mastercard,Shipped
ORD100886,CUST00638,2026-05-27,PROD0110:1:36.36|PROD0033:3:50.93|PROD0069:1:29.63,218.78,Amex,Shipped
ORD100887,CUST00551,2026-04-26,PROD0258:1:29.27|PROD0027:5:8.85|PROD0031:4:213.56,927.76,Visa,Returned
ORD100888,CUST00242,2026-04-29,PROD0054:1:55.49,55.49,Store Credit,Delivered
ORD100889,CUST00270,2026-03-19,PROD0209:2:12.86|PROD0281:4:37.35|PROD0002:5:96.62,658.22,Mastercard,Out for Delivery
ORD100890,CUST00806,2025-11-01,PROD0095:5:26.42,132.1,Amex,Delivered
ORD100891,CUST00341,2025-09-17,PROD0079:1:107.7,107.7,PayPal,Delivered
ORD100892,CUST00989,2026-02-20,PROD0128:2:112.67,225.34,Store Credit,Delayed
ORD100893,CUST00476,2026-05-26,PROD0091:1:94.44,94.44,Mastercard,Delivered
ORD100894,CUST00012,2025-11-21,PROD0099:2:133.23|PROD0117:3:34.38,369.6,PayPal,Delivered
ORD100895,CUST00170,2025-10-02,PROD0096:5:50.63,253.15,Amex,Delivered
ORD100896,CUST00562,2025-10-27,PROD0299:2:56.12|PROD0183:4:73.54,406.4,Apple Pay,Processing
ORD100897,CUST00745,2025-12-01,PROD0294:5:28.58,142.9,Amex,Shipped
ORD100898,CUST00767,2026-02-11,PROD0207:1:26.58|PROD0190:3:68.53|PROD0171:4:115.91|PROD0289:4:44.66,874.45,Amex,Returned
ORD100899,CUST00326,2026-02-04,PROD0208:5:29.11,145.55,Mastercard,Out for Delivery
ORD100900,CUST01158,2026-07-22,PROD0209:5:12.86|PROD0066:5:117.07,649.65,Apple Pay,Cancelled
ORD100901,CUST01005,2025-11-10,PROD0199:3:192.45|PROD0253:1:45.08|PROD0078:3:167.27,1124.24,Mastercard,Delivered
ORD100902,CUST01102,2025-12-23,PROD0169:5:47.11,235.55,Mastercard,Processing
ORD100903,CUST00967,2026-02-26,PROD0202:2:14.1|PROD0276:3:75.04,253.32,Store Credit,Shipped
ORD100904,CUST01025,2025-09-10,PROD0264:2:25.7,51.4,Visa,Out for Delivery
ORD100905,CUST00561,2026-07-18,PROD0003:1:159.09,159.09,Store Credit,Delivered
ORD100906,CUST00247,2025-12-23,PROD0101:5:170.06,850.3,PayPal,Processing
ORD100907,CUST00314,2026-06-23,PROD0074:5:30.72,153.6,Apple Pay,Returned
ORD100908,CUST00334,2025-11-04,PROD0236:5:37.87|PROD0072:5:70.01,539.4,Amex,Shipped
ORD100909,CUST01052,2026-02-11,PROD0291:1:12.15|PROD0236:5:37.87,201.5,Apple Pay,Delivered
ORD100910,CUST00620,2025-09-21,PROD0056:1:242.05|PROD0087:1:72.87|PROD0180:4:13.81|PROD0293:2:26.46,423.08,Amex,Shipped
ORD100911,CUST00118,2025-11-17,PROD0215:4:59.37,237.48,Mastercard,Out for Delivery
ORD100912,CUST00146,2026-03-09,PROD0111:1:31.83,31.83,Amex,Delivered
ORD100913,CUST00447,2026-05-28,PROD0043:1:53.62|PROD0013:3:24.34,126.64,Mastercard,Out for Delivery
ORD100914,CUST00167,2025-08-15,PROD0038:2:153.69|PROD0021:3:148.05,751.53,Mastercard,Delivered
ORD100915,CUST00740,2025-09-06,PROD0245:5:74.39,371.95,Visa,Returned
ORD100916,CUST00203,2026-07-24,PROD0254:2:110.83|PROD0060:1:25.69|PROD0105:5:114.17,818.2,Visa,Out for Delivery
ORD100917,CUST00514,2025-10-05,PROD0236:2:37.87|PROD0154:4:191.73|PROD0163:1:76.48,919.14,Store Credit,Processing
ORD100918,CUST00354,2026-03-30,PROD0189:3:116.79|PROD0252:4:79.63|PROD0195:2:16.36,701.61,Mastercard,Shipped
ORD100919,CUST00288,2025-12-23,PROD0078:1:167.27,167.27,Visa,Delivered
ORD100920,CUST01165,2026-03-08,PROD0095:5:26.42|PROD0199:3:192.45|PROD0035:3:186.35|PROD0209:3:12.86,1307.08,Amex,Delivered
ORD100921,CUST00965,2026-04-05,PROD0034:5:6.64|PROD0239:5:87.92,472.8,Store Credit,Shipped
ORD100922,CUST00063,2026-02-04,PROD0175:4:37.15,148.6,Apple Pay,Delivered
ORD100923,CUST00378,2026-03-16,PROD0045:2:17.66|PROD0234:4:120.92,519.0,Apple Pay,Delivered
ORD100924,CUST00241,2025-09-10,PROD0141:1:98.61,98.61,Visa,Delayed
ORD100925,CUST00008,2026-06-21,PROD0211:3:15.2|PROD0210:1:78.45|PROD0278:4:43.45|PROD0031:2:213.56,724.97,Visa,Shipped
ORD100926,CUST00331,2025-10-09,PROD0283:2:33.8,67.6,Store Credit,Delivered
ORD100927,CUST00609,2025-08-15,PROD0048:1:19.97,19.97,Store Credit,Processing
ORD100928,CUST00409,2025-09-27,PROD0053:1:30.53,30.53,Amex,Returned
ORD100929,CUST01087,2026-05-29,PROD0004:4:9.47,37.88,Apple Pay,Delivered
ORD100930,CUST00286,2026-05-02,PROD0038:1:153.69,153.69,Visa,Cancelled
ORD100931,CUST00059,2026-07-29,PROD0125:2:19.13|PROD0155:5:146.86|PROD0040:1:6.69|PROD0171:3:115.91,1126.98,Store Credit,Delivered
ORD100932,CUST00711,2026-05-10,PROD0115:3:182.29|PROD0012:4:54.17|PROD0198:5:74.76|PROD0114:1:67.83,1205.18,Mastercard,Out for Delivery
ORD100933,CUST01049,2025-11-29,PROD0207:3:26.58|PROD0295:3:56.15|PROD0008:5:165.66,1076.49,Amex,Delivered
ORD100934,CUST00974,2025-07-30,PROD0221:3:21.66|PROD0291:3:12.15|PROD0026:2:54.92,211.27,Store Credit,Shipped
ORD100935,CUST00560,2025-11-26,PROD0140:3:235.93,707.79,Visa,Delivered
ORD100936,CUST00857,2026-07-04,PROD0154:1:191.73|PROD0283:2:33.8,259.33,Apple Pay,Delivered
ORD100937,CUST00355,2026-04-11,PROD0093:5:119.59|PROD0166:3:36.87|PROD0005:2:41.87,792.3,Mastercard,Delivered
ORD100938,CUST00839,2026-07-28,PROD0057:3:37.8,113.4,PayPal,Delivered
ORD100939,CUST01198,2025-08-13,PROD0256:5:7.79,38.95,Visa,Processing
ORD100940,CUST01147,2026-02-03,PROD0123:2:38.34,76.68,Mastercard,Delivered
ORD100941,CUST00616,2025-10-09,PROD0116:1:9.23,9.23,Mastercard,Delivered
ORD100942,CUST00356,2025-10-18,PROD0068:3:30.3|PROD0014:1:232.45,323.35,Store Credit,Delivered
ORD100943,CUST00012,2026-03-30,PROD0003:2:159.09|PROD0203:3:248.58|PROD0114:1:67.83,1131.75,Visa,Returned
ORD100944,CUST00494,2026-03-01,PROD0300:1:18.47,18.47,Mastercard,Delivered
ORD100945,CUST00160,2025-08-28,PROD0095:3:26.42|PROD0298:4:12.54,129.42,Mastercard,Delivered
ORD100946,CUST00725,2026-06-02,PROD0231:5:10.76,53.8,Mastercard,Returned
ORD100947,CUST00960,2026-03-25,PROD0274:3:126.5|PROD0039:4:35.25|PROD0146:3:25.49,596.97,Amex,Delivered
ORD100948,CUST01052,2025-09-21,PROD0232:4:130.11|PROD0256:4:7.79|PROD0220:3:35.61,658.43,Mastercard,Delivered
ORD100949,CUST00328,2026-05-09,PROD0165:4:38.86,155.44,PayPal,Shipped
ORD100950,CUST01004,2026-02-15,PROD0281:4:37.35,149.4,Apple Pay,Delivered
ORD100951,CUST00700,2025-10-01,PROD0300:2:18.47,36.94,Mastercard,Delivered
ORD100952,CUST00499,2025-10-15,PROD0099:1:133.23|PROD0012:1:54.17,187.4,Mastercard,Returned
ORD100953,CUST00150,2025-11-13,PROD0224:3:131.68,395.04,Apple Pay,Shipped
ORD100954,CUST01097,2026-07-30,PROD0252:5:79.63,398.15,Apple Pay,Delivered
ORD100955,CUST00286,2025-08-20,PROD0141:1:98.61,98.61,Amex,Processing
ORD100956,CUST00547,2026-02-16,PROD0221:4:21.66,86.64,Mastercard,Cancelled
ORD100957,CUST00756,2025-08-31,PROD0250:3:8.48|PROD0094:3:136.82|PROD0144:2:37.09,510.08,Mastercard,Returned
ORD100958,CUST00239,2025-12-27,PROD0082:3:33.12|PROD0085:5:87.79,538.31,Amex,Delivered
ORD100959,CUST01185,2025-10-04,PROD0215:3:59.37|PROD0168:1:193.82|PROD0197:2:10.66|PROD0274:1:126.5,519.75,Mastercard,Cancelled
ORD100960,CUST00856,2026-07-29,PROD0119:3:234.85,704.55,Store Credit,Processing
ORD100961,CUST00017,2025-11-17,PROD0138:2:18.75,37.5,Store Credit,Delivered
ORD100962,CUST00600,2026-04-08,PROD0004:3:9.47,28.41,PayPal,Cancelled
ORD100963,CUST00950,2025-10-08,PROD0267:3:85.78,257.34,Visa,Out for Delivery
ORD100964,CUST00425,2025-10-11,PROD0099:2:133.23|PROD0228:1:11.51,277.97,Apple Pay,Cancelled
ORD100965,CUST00649,2025-08-31,PROD0203:4:248.58|PROD0250:4:8.48,1028.24,Mastercard,Delivered
ORD100966,CUST00365,2025-10-15,PROD0026:5:54.92,274.6,Amex,Delivered
ORD100967,CUST01036,2026-07-10,PROD0012:2:54.17|PROD0261:5:78.93,502.99,PayPal,Shipped
ORD100968,CUST00931,2026-03-09,PROD0069:3:29.63|PROD0013:4:24.34|PROD0288:3:79.59,425.02,Visa,Shipped
ORD100969,CUST00319,2025-07-30,PROD0170:3:12.14,36.42,PayPal,Delivered
ORD100970,CUST00921,2025-09-02,PROD0032:3:22.58,67.74,Amex,Delivered
ORD100971,CUST00392,2026-04-23,PROD0053:5:30.53|PROD0141:2:98.61,349.87,PayPal,Delivered
ORD100972,CUST00293,2026-02-21,PROD0163:4:76.48,305.92,Visa,Delivered
ORD100973,CUST00211,2026-02-22,PROD0270:4:25.5|PROD0287:1:49.41|PROD0105:4:114.17,608.09,Amex,Delivered
ORD100974,CUST00900,2026-02-12,PROD0297:5:171.88,859.4,Mastercard,Delivered
ORD100975,CUST00682,2026-04-30,PROD0098:3:87.67,263.01,Store Credit,Delivered
ORD100976,CUST00564,2026-02-01,PROD0127:3:12.52|PROD0297:2:171.88|PROD0261:4:78.93|PROD0084:4:98.15,1089.64,Visa,Out for Delivery
ORD100977,CUST00562,2026-03-04,PROD0249:5:9.97,49.85,Visa,Cancelled
ORD100978,CUST00415,2025-08-02,PROD0264:3:25.7,77.1,PayPal,Delivered
ORD100979,CUST00921,2026-02-04,PROD0032:2:22.58|PROD0085:5:87.79|PROD0164:3:106.62,803.97,PayPal,Returned
ORD100980,CUST00967,2025-10-02,PROD0005:5:41.87|PROD0234:2:120.92|PROD0115:4:182.29,1180.35,PayPal,Processing
ORD100981,CUST00662,2025-09-27,PROD0257:3:46.24,138.72,Mastercard,Delivered
ORD100982,CUST00059,2025-09-10,PROD0025:2:16.49,32.98,Amex,Processing
ORD100983,CUST00356,2026-07-10,PROD0111:1:31.83,31.83,Apple Pay,Delivered
ORD100984,CUST00647,2026-06-18,PROD0193:3:29.24,87.72,PayPal,Processing
ORD100985,CUST00826,2026-02-21,PROD0209:1:12.86|PROD0152:5:34.78,186.76,Apple Pay,Shipped
ORD100986,CUST01115,2025-10-15,PROD0145:2:16.58,33.16,PayPal,Returned
ORD100987,CUST01187,2025-09-06,PROD0125:4:19.13|PROD0007:1:167.26,243.78,Amex,Delivered
ORD100988,CUST00235,2025-09-10,PROD0169:1:47.11|PROD0020:1:33.7|PROD0050:4:15.03,140.93,Mastercard,Processing
ORD100989,CUST00670,2026-04-14,PROD0206:3:37.39,112.17,Apple Pay,Shipped
ORD100990,CUST00417,2025-11-19,PROD0260:5:135.73,678.65,Amex,Processing
ORD100991,CUST00161,2026-06-02,PROD0146:5:25.49,127.45,Store Credit,Delivered
ORD100992,CUST00047,2025-11-13,PROD0254:2:110.83,221.66,PayPal,Processing
ORD100993,CUST00749,2026-04-21,PROD0202:5:14.1,70.5,Store Credit,Delivered
ORD100994,CUST00290,2025-08-09,PROD0026:1:54.92,54.92,Apple Pay,Delivered
ORD100995,CUST00052,2026-04-09,PROD0206:2:37.39|PROD0104:2:24.87|PROD0030:3:27.16,206.0,Apple Pay,Cancelled
ORD100996,CUST00782,2026-06-01,PROD0103:1:35.6|PROD0007:1:167.26,202.86,Visa,Delivered
ORD100997,CUST01059,2025-07-31,PROD0159:2:20.43|PROD0273:5:84.74|PROD0023:2:18.55,501.66,Amex,Delivered
ORD100998,CUST00452,2026-06-19,PROD0218:1:151.18,151.18,PayPal,Delivered
ORD100999,CUST00909,2026-05-18,PROD0235:3:35.87,107.61,Visa,Processing
ORD101000,CUST00452,2025-09-05,PROD0046:2:33.24|PROD0019:2:32.14|PROD0179:1:22.52|PROD0281:5:37.35,340.03,Mastercard,Delivered
ORD101001,CUST00247,2026-01-03,PROD0217:5:240.36,1201.8,PayPal,Delivered
ORD101002,CUST00822,2025-09-18,PROD0246:4:61.05,244.2,Mastercard,Cancelled
ORD101003,CUST00943,2025-11-17,PROD0121:4:31.31,125.24,Apple Pay,Shipped
ORD101004,CUST00353,2026-05-29,PROD0218:4:151.18,604.72,Store Credit,Delivered
ORD101005,CUST00030,2026-01-12,PROD0282:5:114.39,571.95,Apple Pay,Out for Delivery
ORD101006,CUST00896,2025-10-07,PROD0245:4:74.39,297.56,PayPal,Delivered
ORD101007,CUST01090,2025-08-11,PROD0038:3:153.69,461.07,PayPal,Delivered
ORD101008,CUST00285,2026-05-28,PROD0181:5:4.29|PROD0203:5:248.58|PROD0180:4:13.81|PROD0048:1:19.97,1339.56,Amex,Shipped
ORD101009,CUST00409,2025-11-01,PROD0093:5:119.59,597.95,Store Credit,Returned
ORD101010,CUST00735,2025-10-10,PROD0010:1:98.26|PROD0064:2:87.33,272.92,Visa,Delivered
ORD101011,CUST00872,2026-02-20,PROD0177:2:58.87|PROD0077:2:34.86,187.46,Mastercard,Delivered
ORD101012,CUST00028,2026-04-11,PROD0011:3:22.2|PROD0070:2:207.26,481.12,Apple Pay,Cancelled
ORD101013,CUST00285,2025-12-09,PROD0294:3:28.58|PROD0232:2:130.11,345.96,Apple Pay,Delivered
ORD101014,CUST00568,2026-01-02,PROD0189:4:116.79,467.16,PayPal,Out for Delivery
ORD101015,CUST01118,2025-12-06,PROD0113:3:29.87|PROD0131:4:11.48|PROD0170:4:12.14|PROD0034:5:6.64,217.29,Apple Pay,Returned
ORD101016,CUST01151,2025-11-24,PROD0181:4:4.29|PROD0281:2:37.35,91.86,PayPal,Delayed
ORD101017,CUST01165,2026-03-22,PROD0269:4:144.62,578.48,Store Credit,Delivered
ORD101018,CUST01059,2026-03-07,PROD0173:1:42.3|PROD0275:3:91.6|PROD0017:3:145.85|PROD0183:1:73.54,828.19,Apple Pay,Delivered
ORD101019,CUST00017,2025-08-25,PROD0144:2:37.09,74.18,Store Credit,Cancelled
ORD101020,CUST01162,2025-08-22,PROD0229:4:30.85|PROD0117:2:34.38,192.16,Store Credit,Delayed
ORD101021,CUST00365,2026-01-17,PROD0180:3:13.81|PROD0057:1:37.8,79.23,Apple Pay,Out for Delivery
ORD101022,CUST00193,2026-01-05,PROD0117:1:34.38,34.38,PayPal,Delivered
ORD101023,CUST01180,2026-01-15,PROD0052:1:62.04,62.04,Apple Pay,Delivered
ORD101024,CUST00542,2025-10-14,PROD0195:3:16.36|PROD0094:1:136.82,185.9,Store Credit,Out for Delivery
ORD101025,CUST00650,2025-12-09,PROD0221:5:21.66|PROD0021:1:148.05,256.35,Amex,Shipped
ORD101026,CUST00701,2025-11-19,PROD0017:2:145.85|PROD0214:4:21.47,377.58,Visa,Delivered
ORD101027,CUST00818,2025-10-09,PROD0163:4:76.48|PROD0244:2:28.97|PROD0192:4:129.12,880.34,Visa,Delivered
ORD101028,CUST00848,2026-06-13,PROD0218:5:151.18|PROD0293:4:26.46|PROD0120:2:80.47|PROD0043:1:53.62,1076.3,Mastercard,Processing
ORD101029,CUST00689,2025-09-05,PROD0253:1:45.08,45.08,Visa,Delivered
ORD101030,CUST00384,2025-09-19,PROD0111:5:31.83|PROD0144:5:37.09|PROD0118:1:5.27|PROD0272:3:27.45,432.22,Visa,Shipped
ORD101031,CUST00069,2026-02-20,PROD0024:2:45.08,90.16,Apple Pay,Shipped
ORD101032,CUST00905,2026-02-08,PROD0033:1:50.93,50.93,Amex,Processing
ORD101033,CUST00662,2025-12-23,PROD0100:5:81.87|PROD0044:2:79.04,567.43,Mastercard,Shipped
ORD101034,CUST00647,2026-04-03,PROD0055:3:32.88,98.64,Mastercard,Delivered
ORD101035,CUST01043,2025-09-25,PROD0073:5:197.85|PROD0043:4:53.62|PROD0028:2:89.71,1383.15,Mastercard,Delayed
ORD101036,CUST00355,2026-03-09,PROD0059:3:125.94|PROD0014:2:232.45,842.72,Apple Pay,Shipped
ORD101037,CUST00740,2025-08-27,PROD0163:1:76.48,76.48,Mastercard,Delivered
ORD101038,CUST00620,2025-11-16,PROD0159:1:20.43|PROD0178:2:137.06,294.55,Store Credit,Shipped
ORD101039,CUST00409,2025-11-12,PROD0236:3:37.87,113.61,Visa,Delivered
ORD101040,CUST01126,2026-07-05,PROD0089:1:58.99,58.99,Amex,Delivered
ORD101041,CUST00869,2025-10-14,PROD0121:5:31.31,156.55,Mastercard,Out for Delivery
ORD101042,CUST00281,2025-11-28,PROD0045:4:17.66,70.64,Apple Pay,Returned
ORD101043,CUST00241,2025-08-10,PROD0042:3:241.7,725.1,Visa,Out for Delivery
ORD101044,CUST00110,2026-02-01,PROD0015:1:33.9|PROD0273:2:84.74|PROD0165:2:38.86,281.1,Store Credit,Delivered
ORD101045,CUST00623,2026-01-31,PROD0187:4:21.11,84.44,Mastercard,Shipped
ORD101046,CUST00839,2026-03-06,PROD0121:4:31.31,125.24,Apple Pay,Delivered
ORD101047,CUST00287,2026-02-20,PROD0196:5:161.82|PROD0226:2:121.6,1052.3,Amex,Returned
ORD101048,CUST00096,2025-10-22,PROD0112:4:112.59|PROD0148:1:59.66,510.02,PayPal,Delivered
ORD101049,CUST00425,2025-09-24,PROD0235:4:35.87,143.48,Apple Pay,Processing
ORD101050,CUST00745,2026-07-08,PROD0096:3:50.63,151.89,Visa,Shipped
ORD101051,CUST00818,2025-12-05,PROD0194:5:48.76,243.8,PayPal,Returned
ORD101052,CUST00063,2026-05-03,PROD0117:4:34.38,137.52,Apple Pay,Processing
ORD101053,CUST00706,2026-05-21,PROD0075:1:42.82|PROD0059:4:125.94|PROD0086:3:41.13|PROD0248:5:78.55,1062.72,Visa,Delivered
ORD101054,CUST01036,2025-10-25,PROD0081:3:27.98,83.94,Store Credit,Delivered
ORD101055,CUST00518,2026-04-01,PROD0230:5:7.64,38.2,Apple Pay,Shipped
ORD101056,CUST00267,2025-10-07,PROD0064:1:87.33,87.33,PayPal,Delivered
ORD101057,CUST00636,2026-06-18,PROD0161:1:19.26|PROD0209:4:12.86|PROD0125:2:19.13,108.96,Mastercard,Delayed
ORD101058,CUST00849,2025-09-20,PROD0157:5:160.75,803.75,PayPal,Delivered
ORD101059,CUST00027,2026-04-11,PROD0253:3:45.08,135.24,Apple Pay,Delivered
ORD101060,CUST00514,2025-11-30,PROD0270:3:25.5,76.5,Visa,Delivered
ORD101061,CUST00170,2026-04-13,PROD0216:2:7.93,15.86,Store Credit,Out for Delivery
ORD101062,CUST00314,2026-01-21,PROD0140:1:235.93,235.93,Apple Pay,Delayed
ORD101063,CUST00368,2025-09-22,PROD0094:1:136.82|PROD0097:1:10.79|PROD0208:5:29.11,293.16,Store Credit,Delivered
ORD101064,CUST01137,2025-12-05,PROD0049:3:79.17,237.51,Visa,Delivered
ORD101065,CUST00095,2026-06-28,PROD0157:5:160.75|PROD0186:5:24.16,924.55,Apple Pay,Delivered
ORD101066,CUST00873,2025-11-03,PROD0048:4:19.97,79.88,Visa,Delivered
ORD101067,CUST00719,2026-07-19,PROD0246:2:61.05,122.1,Visa,Processing
ORD101068,CUST00370,2026-01-02,PROD0088:2:38.76,77.52,Amex,Processing
ORD101069,CUST00542,2026-04-24,PROD0118:2:5.27|PROD0032:2:22.58|PROD0211:2:15.2,86.1,Amex,Delivered
ORD101070,CUST00774,2026-05-09,PROD0139:2:31.77|PROD0080:3:101.65|PROD0016:2:12.58,393.65,Amex,Processing
ORD101071,CUST00559,2026-01-03,PROD0180:1:13.81,13.81,Apple Pay,Delivered
ORD101072,CUST00288,2025-12-22,PROD0254:3:110.83,332.49,Store Credit,Delivered
ORD101073,CUST01072,2025-10-06,PROD0167:1:13.38,13.38,Store Credit,Out for Delivery
ORD101074,CUST00347,2026-01-09,PROD0093:5:119.59|PROD0296:2:70.76,739.47,Mastercard,Delivered
ORD101075,CUST00347,2025-09-15,PROD0048:5:19.97|PROD0034:2:6.64,113.13,Visa,Shipped
ORD101076,CUST00303,2026-07-09,PROD0097:3:10.79,32.37,Mastercard,Delivered
ORD101077,CUST00974,2026-04-25,PROD0131:1:11.48,11.48,Amex,Shipped
ORD101078,CUST00562,2025-11-11,PROD0012:5:54.17,270.85,Mastercard,Cancelled
ORD101079,CUST01146,2026-06-19,PROD0268:4:34.77|PROD0192:1:129.12|PROD0140:2:235.93,740.06,Store Credit,Shipped
ORD101080,CUST00964,2026-02-22,PROD0133:4:32.07,128.28,Store Credit,Delivered
ORD101081,CUST00839,2025-11-15,PROD0146:4:25.49|PROD0206:4:37.39|PROD0194:4:48.76|PROD0265:5:21.16,552.36,Store Credit,Shipped
ORD101082,CUST00888,2026-05-25,PROD0134:5:178.43,892.15,Visa,Delivered
ORD101083,CUST00719,2026-01-29,PROD0167:1:13.38,13.38,Visa,Out for Delivery
ORD101084,CUST00237,2026-07-14,PROD0146:2:25.49,50.98,Amex,Returned
ORD101085,CUST00035,2026-06-25,PROD0210:4:78.45,313.8,Store Credit,Delayed
ORD101086,CUST01149,2026-03-09,PROD0275:5:91.6,458.0,Amex,Delivered
ORD101087,CUST00493,2026-05-01,PROD0252:4:79.63,318.52,PayPal,Processing
ORD101088,CUST00617,2026-04-19,PROD0037:3:94.05|PROD0211:5:15.2|PROD0128:2:112.67|PROD0265:4:21.16,668.13,Visa,Delayed
ORD101089,CUST00174,2025-08-10,PROD0073:5:197.85|PROD0225:5:129.56,1637.05,Amex,Delivered
ORD101090,CUST00651,2026-02-07,PROD0025:4:16.49|PROD0111:3:31.83,161.45,Visa,Delivered
ORD101091,CUST00386,2025-12-09,PROD0194:2:48.76,97.52,Store Credit,Delivered
ORD101092,CUST00818,2025-08-23,PROD0113:1:29.87,29.87,Amex,Cancelled
ORD101093,CUST00644,2026-03-23,PROD0220:2:35.61,71.22,Mastercard,Out for Delivery
ORD101094,CUST01183,2026-05-09,PROD0251:4:9.74|PROD0254:3:110.83|PROD0136:5:75.27,747.8,Amex,Delivered
ORD101095,CUST00914,2026-03-22,PROD0015:4:33.9|PROD0123:4:38.34,288.96,Store Credit,Delivered
ORD101096,CUST00128,2025-09-09,PROD0228:3:11.51,34.53,Visa,Delivered
ORD101097,CUST00773,2025-08-15,PROD0024:3:45.08|PROD0293:1:26.46,161.7,Amex,Processing
ORD101098,CUST00237,2026-04-15,PROD0149:3:111.96,335.88,Store Credit,Delivered
ORD101099,CUST00267,2026-02-25,PROD0017:1:145.85,145.85,Visa,Cancelled
ORD101100,CUST00670,2026-05-18,PROD0036:2:51.6|PROD0031:3:213.56,743.88,Apple Pay,Shipped
ORD101101,CUST00178,2026-05-06,PROD0163:5:76.48,382.4,PayPal,Delivered
ORD101102,CUST00303,2025-09-15,PROD0210:5:78.45,392.25,Visa,Delivered
ORD101103,CUST00749,2026-07-27,PROD0191:3:66.03|PROD0069:4:29.63,316.61,Store Credit,Delivered
ORD101104,CUST00475,2025-07-31,PROD0295:4:56.15|PROD0096:4:50.63,427.12,Visa,Cancelled
ORD101105,CUST00891,2026-04-02,PROD0274:2:126.5|PROD0217:2:240.36,733.72,Visa,Delivered
ORD101106,CUST00213,2026-03-17,PROD0110:3:36.36|PROD0283:4:33.8|PROD0047:5:58.31,535.83,Amex,Delivered
ORD101107,CUST00519,2025-12-21,PROD0086:2:41.13,82.26,PayPal,Processing
ORD101108,CUST00891,2026-01-28,PROD0276:4:75.04|PROD0209:4:12.86|PROD0212:3:40.49|PROD0159:1:20.43,493.5,Mastercard,Delivered
ORD101109,CUST00740,2025-12-13,PROD0215:1:59.37|PROD0163:3:76.48|PROD0274:2:126.5,541.81,Store Credit,Returned
ORD101110,CUST01186,2026-06-12,PROD0296:5:70.76,353.8,Apple Pay,Delivered
ORD101111,CUST00115,2026-06-12,PROD0276:2:75.04,150.08,Visa,Returned
ORD101112,CUST01092,2025-09-01,PROD0198:2:74.76|PROD0097:5:10.79|PROD0133:2:32.07,267.61,Mastercard,Delivered
ORD101113,CUST00209,2025-10-26,PROD0161:2:19.26,38.52,Mastercard,Delivered
ORD101114,CUST00170,2026-06-23,PROD0101:1:170.06,170.06,Amex,Returned
ORD101115,CUST00446,2025-09-13,PROD0052:5:62.04|PROD0025:4:16.49,376.16,Store Credit,Delivered
ORD101116,CUST00206,2026-01-02,PROD0156:1:41.63,41.63,Apple Pay,Processing
ORD101117,CUST00202,2025-10-10,PROD0137:3:26.99,80.97,PayPal,Delivered
ORD101118,CUST00439,2025-08-07,PROD0270:2:25.5,51.0,Amex,Delivered
ORD101119,CUST01087,2026-06-19,PROD0183:4:73.54|PROD0206:5:37.39|PROD0088:5:38.76,674.91,Mastercard,Processing
ORD101120,CUST00906,2026-06-18,PROD0294:1:28.58,28.58,Visa,Processing
ORD101121,CUST00520,2025-10-09,PROD0181:2:4.29|PROD0253:2:45.08,98.74,PayPal,Shipped
ORD101122,CUST00542,2026-04-08,PROD0131:5:11.48|PROD0098:4:87.67,408.08,Mastercard,Returned
ORD101123,CUST00186,2026-06-23,PROD0076:5:22.51,112.55,PayPal,Delivered
ORD101124,CUST01028,2026-01-29,PROD0245:4:74.39|PROD0135:5:13.02|PROD0231:3:10.76,394.94,Store Credit,Delivered
ORD101125,CUST00532,2025-11-11,PROD0200:3:39.66,118.98,Amex,Shipped
ORD101126,CUST00336,2026-06-09,PROD0122:2:113.13|PROD0038:4:153.69,841.02,Visa,Out for Delivery
ORD101127,CUST00397,2026-05-10,PROD0144:4:37.09,148.36,Amex,Delayed
ORD101128,CUST00774,2025-12-08,PROD0267:5:85.78|PROD0166:2:36.87|PROD0126:5:82.81,916.69,Visa,Delivered
ORD101129,CUST00092,2025-10-03,PROD0184:4:76.1|PROD0048:4:19.97,384.28,Visa,Delivered
ORD101130,CUST00272,2025-12-07,PROD0265:4:21.16|PROD0207:3:26.58|PROD0271:4:9.6,202.78,Mastercard,Out for Delivery
ORD101131,CUST00709,2025-12-02,PROD0022:4:55.37,221.48,Store Credit,Cancelled
ORD101132,CUST00768,2025-12-29,PROD0217:4:240.36|PROD0249:4:9.97,1001.32,Store Credit,Shipped
ORD101133,CUST01177,2026-01-12,PROD0244:1:28.97|PROD0172:2:30.66|PROD0076:3:22.51,157.82,Visa,Shipped
ORD101134,CUST00447,2026-03-21,PROD0045:4:17.66|PROD0033:2:50.93|PROD0150:4:90.15|PROD0270:4:25.5,635.1,Visa,Delivered
ORD101135,CUST00532,2026-02-23,PROD0163:1:76.48,76.48,Apple Pay,Processing
ORD101136,CUST00863,2025-09-25,PROD0226:5:121.6|PROD0272:4:27.45,717.8,Apple Pay,Delivered
ORD101137,CUST00905,2026-02-17,PROD0020:3:33.7|PROD0044:5:79.04,496.3,Apple Pay,Delivered
ORD101138,CUST01165,2026-06-02,PROD0196:4:161.82,647.28,Store Credit,Shipped
ORD101139,CUST00690,2025-11-11,PROD0154:5:191.73,958.65,Amex,Delivered
ORD101140,CUST00662,2026-04-04,PROD0178:3:137.06,411.18,PayPal,Delivered
ORD101141,CUST00993,2025-12-13,PROD0207:1:26.58|PROD0071:3:156.65|PROD0254:2:110.83|PROD0070:4:207.26,1547.23,Amex,Cancelled
ORD101142,CUST00972,2025-09-22,PROD0079:3:107.7|PROD0272:4:27.45,432.9,Apple Pay,Delivered
ORD101143,CUST00245,2026-01-09,PROD0046:2:33.24,66.48,PayPal,Delivered
ORD101144,CUST00030,2025-07-31,PROD0012:4:54.17,216.68,Visa,Delayed
ORD101145,CUST00709,2026-05-19,PROD0142:1:68.42|PROD0154:3:191.73,643.61,Mastercard,Shipped
ORD101146,CUST00767,2026-04-22,PROD0126:3:82.81|PROD0265:5:21.16,354.23,PayPal,Delivered
ORD101147,CUST00363,2026-01-01,PROD0135:3:13.02|PROD0108:2:128.9,296.86,PayPal,Returned
ORD101148,CUST00006,2026-05-24,PROD0028:4:89.71,358.84,Apple Pay,Delivered
ORD101149,CUST00638,2025-10-01,PROD0025:3:16.49|PROD0057:4:37.8|PROD0064:4:87.33|PROD0171:2:115.91,781.81,Store Credit,Processing
ORD101150,CUST00493,2026-07-04,PROD0135:5:13.02,65.1,Mastercard,Delivered
ORD101151,CUST00118,2026-06-26,PROD0250:5:8.48|PROD0159:3:20.43|PROD0049:3:79.17|PROD0202:4:14.1,397.6,Apple Pay,Delivered
ORD101152,CUST00901,2026-07-10,PROD0177:5:58.87|PROD0249:3:9.97,324.26,Amex,Delayed
ORD101153,CUST01088,2025-12-11,PROD0061:4:25.67|PROD0100:2:81.87,266.42,Apple Pay,Delivered
ORD101154,CUST00826,2026-05-29,PROD0228:5:11.51|PROD0050:4:15.03|PROD0131:2:11.48|PROD0253:3:45.08,275.87,Amex,Delivered
ORD101155,CUST00764,2026-07-30,PROD0019:4:32.14|PROD0063:1:122.4,250.96,PayPal,Delivered
ORD101156,CUST00215,2026-03-11,PROD0197:5:10.66|PROD0236:3:37.87,166.91,PayPal,Shipped
ORD101157,CUST00320,2025-09-24,PROD0187:2:21.11|PROD0297:5:171.88,901.62,Store Credit,Processing
ORD101158,CUST00826,2026-07-11,PROD0102:4:10.54,42.16,Mastercard,Delivered
ORD101159,CUST00714,2026-04-29,PROD0139:1:31.77,31.77,Mastercard,Returned
ORD101160,CUST00409,2026-03-26,PROD0159:3:20.43|PROD0085:5:87.79|PROD0253:2:45.08,590.4,Apple Pay,Delivered
ORD101161,CUST00549,2026-04-22,PROD0101:2:170.06|PROD0006:3:6.78|PROD0027:4:8.85|PROD0234:3:120.92,758.62,Mastercard,Shipped
ORD101162,CUST00965,2026-05-28,PROD0035:4:186.35|PROD0073:4:197.85|PROD0260:5:135.73|PROD0268:1:34.77,2250.22,Mastercard,Delivered
ORD101163,CUST00869,2026-02-08,PROD0056:5:242.05,1210.25,Apple Pay,Delivered
ORD101164,CUST00559,2026-02-08,PROD0110:3:36.36|PROD0093:3:119.59|PROD0192:3:129.12,855.21,Visa,Cancelled
ORD101165,CUST00206,2026-07-17,PROD0176:1:106.09,106.09,PayPal,Delivered
ORD101166,CUST00076,2026-06-24,PROD0111:4:31.83,127.32,Apple Pay,Delayed
ORD101167,CUST00533,2026-02-10,PROD0085:1:87.79|PROD0015:3:33.9,189.49,Mastercard,Out for Delivery
ORD101168,CUST00565,2025-10-24,PROD0200:1:39.66,39.66,Store Credit,Delivered
ORD101169,CUST00572,2025-08-04,PROD0248:2:78.55|PROD0223:4:26.93|PROD0056:4:242.05|PROD0279:2:19.87,1272.76,Amex,Processing
ORD101170,CUST01028,2026-06-29,PROD0034:4:6.64,26.56,Visa,Delivered
ORD101171,CUST00293,2026-04-12,PROD0295:2:56.15,112.3,Apple Pay,Delivered
ORD101172,CUST00547,2026-03-26,PROD0043:4:53.62,214.48,Apple Pay,Delivered
ORD101173,CUST00860,2026-07-03,PROD0231:1:10.76|PROD0028:3:89.71|PROD0064:5:87.33|PROD0283:5:33.8,885.54,PayPal,Delivered
ORD101174,CUST00784,2025-09-28,PROD0127:2:12.52|PROD0035:3:186.35|PROD0128:2:112.67|PROD0204:4:171.38,1494.95,Mastercard,Processing
ORD101175,CUST00303,2026-05-18,PROD0013:5:24.34|PROD0282:4:114.39,579.26,Amex,Delivered
ORD101176,CUST01186,2026-06-22,PROD0210:3:78.45,235.35,Amex,Delivered
ORD101177,CUST00438,2025-09-09,PROD0046:2:33.24,66.48,Mastercard,Cancelled
ORD101178,CUST00572,2026-01-15,PROD0299:4:56.12,224.48,Visa,Shipped
ORD101179,CUST00055,2025-11-05,PROD0211:5:15.2,76.0,Visa,Delivered
ORD101180,CUST00439,2026-02-15,PROD0119:5:234.85,1174.25,Mastercard,Shipped
ORD101181,CUST00822,2026-07-06,PROD0032:1:22.58,22.58,Mastercard,Delivered
ORD101182,CUST00561,2025-11-28,PROD0116:2:9.23,18.46,PayPal,Delivered
ORD101183,CUST00619,2026-05-03,PROD0274:1:126.5,126.5,Apple Pay,Shipped
ORD101184,CUST00692,2026-01-20,PROD0084:4:98.15|PROD0248:5:78.55|PROD0027:5:8.85,829.6,Amex,Cancelled
ORD101185,CUST00613,2026-03-31,PROD0061:1:25.67,25.67,PayPal,Delivered
ORD101186,CUST00909,2026-03-01,PROD0077:5:34.86,174.3,PayPal,Shipped
ORD101187,CUST00425,2025-08-11,PROD0297:5:171.88|PROD0006:5:6.78,893.3,Apple Pay,Delivered
ORD101188,CUST00463,2026-05-31,PROD0209:1:12.86,12.86,Mastercard,Delivered
ORD101189,CUST00035,2026-03-26,PROD0106:5:116.2,581.0,PayPal,Shipped
ORD101190,CUST00910,2025-09-03,PROD0044:4:79.04|PROD0029:2:81.59,479.34,Visa,Returned
ORD101191,CUST01030,2025-11-05,PROD0124:2:57.05|PROD0027:2:8.85,131.8,Mastercard,Shipped
ORD101192,CUST00774,2026-05-15,PROD0133:5:32.07|PROD0117:3:34.38|PROD0002:2:96.62|PROD0205:2:97.84,652.41,Store Credit,Delivered
ORD101193,CUST00069,2026-04-02,PROD0025:4:16.49|PROD0017:3:145.85,503.51,Store Credit,Delivered
ORD101194,CUST01158,2026-06-18,PROD0267:3:85.78|PROD0006:2:6.78,270.9,Amex,Delivered
ORD101195,CUST00748,2026-01-16,PROD0246:5:61.05|PROD0286:5:11.4|PROD0218:4:151.18,966.97,Visa,Shipped
ORD101196,CUST01070,2026-04-02,PROD0048:5:19.97,99.85,Amex,Returned
ORD101197,CUST01064,2026-04-10,PROD0040:3:6.69,20.07,Amex,Processing
ORD101198,CUST00206,2026-02-24,PROD0058:4:90.72,362.88,Store Credit,Cancelled
ORD101199,CUST00970,2025-09-26,PROD0121:2:31.31,62.62,Store Credit,Processing
ORD101200,CUST00107,2026-03-28,PROD0166:1:36.87,36.87,Mastercard,Processing
ORD101201,CUST00079,2026-01-19,PROD0077:2:34.86|PROD0011:2:22.2,114.12,Apple Pay,Processing
ORD101202,CUST00169,2026-04-06,PROD0188:3:10.76,32.28,Amex,Delivered
ORD101203,CUST00892,2026-03-25,PROD0010:1:98.26,98.26,PayPal,Delivered
ORD101204,CUST00065,2026-02-18,PROD0274:3:126.5,379.5,Store Credit,Delivered
ORD101205,CUST00447,2026-06-24,PROD0026:1:54.92,54.92,Amex,Cancelled
ORD101206,CUST00386,2025-10-16,PROD0206:4:37.39,149.56,Apple Pay,Delivered
ORD101207,CUST00065,2025-09-22,PROD0255:2:175.96|PROD0248:1:78.55,430.47,Amex,Shipped
ORD101208,CUST00520,2026-07-25,PROD0290:4:105.75,423.0,Amex,Delayed
ORD101209,CUST00293,2026-01-21,PROD0191:3:66.03,198.09,Visa,Processing
ORD101210,CUST00636,2026-06-04,PROD0043:5:53.62|PROD0145:2:16.58,301.26,PayPal,Returned
ORD101211,CUST00628,2026-03-26,PROD0299:4:56.12|PROD0211:2:15.2|PROD0082:3:33.12,354.24,Store Credit,Shipped
ORD101212,CUST00890,2026-07-27,PROD0246:3:61.05|PROD0088:3:38.76,299.43,Amex,Delivered
ORD101213,CUST00822,2026-02-07,PROD0057:3:37.8,113.4,Apple Pay,Cancelled
ORD101214,CUST00457,2026-04-21,PROD0023:1:18.55|PROD0081:2:27.98|PROD0293:3:26.46,153.89,Apple Pay,Cancelled
ORD101215,CUST00356,2025-10-02,PROD0298:4:12.54,50.16,Apple Pay,Returned
ORD101216,CUST00128,2026-04-03,PROD0213:2:69.08,138.16,Mastercard,Delivered
ORD101217,CUST01074,2025-08-15,PROD0119:1:234.85,234.85,Visa,Shipped
ORD101218,CUST00560,2025-09-23,PROD0059:4:125.94|PROD0236:3:37.87|PROD0095:1:26.42|PROD0094:3:136.82,1054.25,Amex,Delivered
ORD101219,CUST00532,2025-11-21,PROD0169:5:47.11,235.55,Apple Pay,Shipped
ORD101220,CUST00701,2026-02-27,PROD0247:3:72.46|PROD0245:2:74.39|PROD0043:5:53.62,634.26,Mastercard,Delivered
ORD101221,CUST00281,2025-08-20,PROD0074:1:30.72|PROD0289:5:44.66,254.02,Apple Pay,Delivered
ORD101222,CUST00949,2026-04-06,PROD0167:3:13.38,40.14,Visa,Delivered
ORD101223,CUST01115,2025-12-14,PROD0116:5:9.23|PROD0101:4:170.06|PROD0157:5:160.75|PROD0119:1:234.85,1764.99,Mastercard,Delivered
ORD101224,CUST00193,2026-01-17,PROD0128:5:112.67,563.35,Mastercard,Delivered
ORD101225,CUST00552,2026-07-12,PROD0093:2:119.59,239.18,Visa,Delivered
ORD101226,CUST00035,2025-11-04,PROD0235:1:35.87|PROD0081:2:27.98,91.83,Visa,Delivered
ORD101227,CUST00670,2026-04-05,PROD0188:3:10.76|PROD0183:5:73.54,399.98,Visa,Delayed
ORD101228,CUST00613,2026-01-20,PROD0037:1:94.05,94.05,Mastercard,Shipped
ORD101229,CUST00334,2025-08-17,PROD0265:3:21.16|PROD0039:1:35.25|PROD0047:3:58.31|PROD0128:2:112.67,499.0,Amex,Processing
ORD101230,CUST00816,2025-09-03,PROD0241:3:95.92|PROD0057:4:37.8,438.96,Amex,Delayed
ORD101231,CUST00186,2026-06-18,PROD0143:2:209.56|PROD0210:1:78.45,497.57,PayPal,Delayed
ORD101232,CUST00892,2025-08-03,PROD0001:1:121.73|PROD0235:3:35.87|PROD0224:1:131.68,361.02,Visa,Delivered
ORD101233,CUST01070,2026-01-02,PROD0111:4:31.83,127.32,Store Credit,Delivered
ORD101234,CUST00856,2025-09-17,PROD0111:5:31.83|PROD0077:5:34.86|PROD0249:5:9.97,383.3,Store Credit,Shipped
ORD101235,CUST00069,2026-05-10,PROD0209:5:12.86,64.3,Store Credit,Delivered
ORD101236,CUST00170,2026-02-19,PROD0275:4:91.6|PROD0083:4:12.63,416.92,Visa,Delivered
ORD101237,CUST01135,2025-09-25,PROD0149:2:111.96|PROD0230:2:7.64,239.2,Amex,Delivered
ORD101238,CUST00826,2026-06-04,PROD0267:5:85.78,428.9,Store Credit,Shipped
ORD101239,CUST00400,2026-02-25,PROD0041:3:26.94,80.82,Amex,Delivered
ORD101240,CUST00110,2026-01-18,PROD0052:4:62.04|PROD0044:3:79.04,485.28,Visa,Delivered
ORD101241,CUST00763,2025-09-13,PROD0225:2:129.56,259.12,Mastercard,Shipped
ORD101242,CUST00439,2025-11-29,PROD0245:2:74.39|PROD0247:1:72.46,221.24,Visa,Out for Delivery
ORD101243,CUST00506,2026-04-02,PROD0007:2:167.26|PROD0053:3:30.53,426.11,Mastercard,Out for Delivery
ORD101244,CUST00606,2026-05-28,PROD0260:2:135.73|PROD0019:5:32.14|PROD0289:4:44.66|PROD0282:4:114.39,1068.36,Mastercard,Shipped
ORD101245,CUST01078,2025-12-21,PROD0113:1:29.87,29.87,Store Credit,Delivered
ORD101246,CUST00756,2025-08-08,PROD0143:1:209.56,209.56,Store Credit,Delivered
ORD101247,CUST00190,2026-04-10,PROD0184:5:76.1|PROD0052:5:62.04,690.7,Mastercard,Processing
ORD101248,CUST00709,2026-03-18,PROD0207:1:26.58|PROD0029:2:81.59,189.76,Visa,Delivered
ORD101249,CUST00925,2025-09-20,PROD0041:3:26.94,80.82,Apple Pay,Shipped
ORD101250,CUST00172,2025-08-21,PROD0059:2:125.94|PROD0093:5:119.59,849.83,Store Credit,Delivered
ORD101251,CUST00206,2025-11-06,PROD0168:2:193.82,387.64,Store Credit,Delivered
ORD101252,CUST00090,2026-07-20,PROD0129:5:19.99|PROD0275:4:91.6,466.35,Visa,Delivered
ORD101253,CUST00639,2025-09-24,PROD0017:4:145.85|PROD0079:5:107.7|PROD0195:1:16.36,1138.26,Visa,Cancelled
ORD101254,CUST00564,2026-07-07,PROD0004:1:9.47|PROD0197:1:10.66,20.13,Visa,Delivered
ORD101255,CUST00775,2026-07-01,PROD0074:4:30.72|PROD0156:4:41.63,289.4,Apple Pay,Shipped
ORD101256,CUST00740,2025-09-03,PROD0057:5:37.8,189.0,Amex,Shipped
ORD101257,CUST00565,2026-05-26,PROD0159:4:20.43|PROD0160:1:27.79,109.51,PayPal,Shipped
ORD101258,CUST01120,2026-04-13,PROD0109:1:29.51,29.51,Visa,Delivered
ORD101259,CUST00070,2025-10-16,PROD0242:5:23.74,118.7,Visa,Delivered
ORD101260,CUST00190,2026-06-16,PROD0269:1:144.62|PROD0231:5:10.76,198.42,Mastercard,Returned
ORD101261,CUST00715,2026-02-22,PROD0037:2:94.05|PROD0003:2:159.09|PROD0198:4:74.76|PROD0009:4:31.16,929.96,Visa,Delivered
ORD101262,CUST01025,2025-09-09,PROD0274:5:126.5,632.5,Amex,Delivered
ORD101263,CUST00751,2025-12-24,PROD0144:4:37.09,148.36,Store Credit,Delivered
ORD101264,CUST00374,2025-09-03,PROD0127:4:12.52,50.08,Visa,Processing
ORD101265,CUST00934,2026-03-26,PROD0037:4:94.05,376.2,Mastercard,Delivered
ORD101266,CUST00076,2026-03-14,PROD0057:1:37.8,37.8,Store Credit,Delivered
ORD101267,CUST00549,2025-12-23,PROD0183:3:73.54,220.62,PayPal,Delayed
ORD101268,CUST01059,2026-02-23,PROD0176:5:106.09|PROD0192:1:129.12|PROD0083:4:12.63|PROD0118:1:5.27,715.36,Apple Pay,Processing
ORD101269,CUST00069,2025-07-30,PROD0029:5:81.59|PROD0160:2:27.79|PROD0300:4:18.47,537.41,Amex,Shipped
ORD101270,CUST00839,2025-11-17,PROD0156:5:41.63|PROD0219:4:122.77|PROD0080:2:101.65|PROD0140:2:235.93,1374.39,Store Credit,Processing
ORD101271,CUST01078,2026-02-07,PROD0125:4:19.13|PROD0079:5:107.7|PROD0246:4:61.05,859.22,Amex,Out for Delivery
ORD101272,CUST00987,2026-06-06,PROD0018:4:13.24,52.96,Amex,Delivered
ORD101273,CUST00249,2026-02-13,PROD0013:4:24.34,97.36,Store Credit,Out for Delivery
ORD101274,CUST01120,2026-05-29,PROD0230:1:7.64,7.64,Amex,Delivered
ORD101275,CUST00892,2026-03-30,PROD0051:4:43.91|PROD0277:4:30.38,297.16,Store Credit,Returned
ORD101276,CUST00784,2026-02-14,PROD0004:1:9.47|PROD0025:1:16.49|PROD0042:3:241.7|PROD0057:4:37.8,902.26,Visa,Delivered
ORD101277,CUST00474,2025-07-30,PROD0285:5:33.77,168.85,Mastercard,Delivered
ORD101278,CUST00711,2025-11-18,PROD0136:3:75.27,225.81,PayPal,Shipped
ORD101279,CUST00859,2025-09-03,PROD0065:5:99.72|PROD0037:5:94.05,968.85,Mastercard,Delivered
ORD101280,CUST00347,2025-08-31,PROD0115:2:182.29|PROD0015:2:33.9,432.38,Visa,Delivered
ORD101281,CUST00745,2026-06-07,PROD0212:4:40.49|PROD0237:3:10.39,193.13,Mastercard,Delivered
ORD101282,CUST00287,2026-04-29,PROD0206:4:37.39,149.56,Mastercard,Cancelled
ORD101283,CUST00409,2025-11-30,PROD0134:5:178.43,892.15,Store Credit,Delayed
ORD101284,CUST00529,2025-12-31,PROD0143:4:209.56|PROD0128:5:112.67,1401.59,Visa,Delivered
ORD101285,CUST00409,2026-07-27,PROD0165:5:38.86,194.3,Visa,Delivered
ORD101286,CUST01147,2026-04-02,PROD0027:2:8.85,17.7,Store Credit,Cancelled
ORD101287,CUST00955,2025-08-07,PROD0137:2:26.99|PROD0200:4:39.66,212.62,PayPal,Delivered
ORD101288,CUST00970,2025-09-05,PROD0004:2:9.47,18.94,Amex,Shipped
ORD101289,CUST01186,2026-01-07,PROD0035:2:186.35|PROD0289:3:44.66,506.68,Amex,Processing
ORD101290,CUST00639,2025-08-31,PROD0111:4:31.83,127.32,PayPal,Returned
ORD101291,CUST00319,2026-03-24,PROD0054:3:55.49|PROD0053:5:30.53|PROD0083:3:12.63,357.01,Mastercard,Processing
ORD101292,CUST00670,2025-08-06,PROD0186:4:24.16,96.64,Visa,Returned
ORD101293,CUST00756,2025-10-25,PROD0021:5:148.05|PROD0242:5:23.74,858.95,Mastercard,Delivered
ORD101294,CUST00561,2025-10-06,PROD0230:1:7.64,7.64,Mastercard,Shipped
ORD101295,CUST00172,2025-11-14,PROD0168:2:193.82|PROD0034:5:6.64,420.84,Amex,Processing
ORD101296,CUST00439,2026-07-15,PROD0010:1:98.26|PROD0187:1:21.11,119.37,Store Credit,Shipped
ORD101297,CUST01048,2025-11-14,PROD0232:2:130.11,260.22,Amex,Delivered
ORD101298,CUST00678,2025-11-11,PROD0223:2:26.93|PROD0294:5:28.58,196.76,Store Credit,Delivered
ORD101299,CUST00874,2026-06-08,PROD0286:4:11.4,45.6,Amex,Processing
ORD101300,CUST00400,2025-07-30,PROD0143:3:209.56,628.68,Visa,Delivered
ORD101301,CUST00701,2026-05-05,PROD0170:5:12.14,60.7,Amex,Delivered
ORD101302,CUST00349,2026-04-20,PROD0067:3:11.15,33.45,Amex,Delivered
ORD101303,CUST00400,2025-09-30,PROD0084:3:98.15,294.45,Apple Pay,Delivered
ORD101304,CUST00912,2026-06-20,PROD0180:3:13.81,41.43,Apple Pay,Processing
ORD101305,CUST00627,2026-04-10,PROD0090:1:15.79|PROD0175:1:37.15|PROD0102:1:10.54|PROD0187:1:21.11,84.59,Mastercard,Cancelled
ORD101306,CUST00655,2026-04-15,PROD0093:4:119.59|PROD0238:5:88.09,918.81,Mastercard,Shipped
ORD101307,CUST00041,2025-12-07,PROD0184:1:76.1|PROD0274:5:126.5|PROD0260:4:135.73,1251.52,Store Credit,Delivered
ORD101308,CUST00673,2026-07-19,PROD0187:1:21.11|PROD0093:3:119.59,379.88,Amex,Processing
ORD101309,CUST00565,2026-01-10,PROD0046:1:33.24,33.24,PayPal,Out for Delivery
ORD101310,CUST00906,2025-12-05,PROD0054:1:55.49,55.49,Visa,Returned
ORD101311,CUST00400,2025-11-10,PROD0268:5:34.77,173.85,Visa,Processing
ORD101312,CUST00186,2025-11-07,PROD0222:1:52.54,52.54,Store Credit,Delivered
ORD101313,CUST00989,2026-05-30,PROD0054:3:55.49,166.47,Visa,Out for Delivery
ORD101314,CUST00293,2026-05-05,PROD0133:5:32.07|PROD0121:4:31.31,285.59,Mastercard,Delivered
ORD101315,CUST00542,2026-05-24,PROD0153:3:32.56|PROD0142:3:68.42|PROD0161:3:19.26|PROD0237:1:10.39,371.11,Visa,Delayed
ORD101316,CUST00286,2026-01-21,PROD0119:3:234.85,704.55,Amex,Processing
ORD101317,CUST00224,2026-07-17,PROD0133:2:32.07,64.14,Apple Pay,Delivered
ORD101318,CUST00765,2026-01-06,PROD0115:4:182.29,729.16,Apple Pay,Delivered
ORD101319,CUST00432,2025-08-28,PROD0051:2:43.91|PROD0239:3:87.92|PROD0199:1:192.45|PROD0049:1:79.17,623.2,Store Credit,Delivered
ORD101320,CUST01027,2026-01-10,PROD0121:2:31.31,62.62,Store Credit,Delivered
ORD101321,CUST00070,2025-10-08,PROD0202:4:14.1|PROD0162:2:142.57|PROD0101:3:170.06|PROD0082:3:33.12,951.08,Amex,Processing
ORD101322,CUST00709,2025-12-11,PROD0028:2:89.71|PROD0097:2:10.79,201.0,PayPal,Delivered
ORD101323,CUST00447,2026-01-28,PROD0177:4:58.87,235.48,Visa,Returned
ORD101324,CUST01028,2026-01-04,PROD0185:5:34.57,172.85,PayPal,Delivered
ORD101325,CUST00382,2025-08-06,PROD0167:4:13.38|PROD0016:1:12.58|PROD0225:2:129.56,325.22,Mastercard,Delivered
ORD101326,CUST00272,2026-07-20,PROD0003:3:159.09,477.27,Amex,Delivered
ORD101327,CUST01160,2026-04-05,PROD0160:2:27.79|PROD0111:2:31.83,119.24,Mastercard,Delivered
ORD101328,CUST00287,2025-12-02,PROD0194:2:48.76,97.52,PayPal,Returned
ORD101329,CUST00860,2026-07-11,PROD0054:4:55.49,221.96,Visa,Processing
ORD101330,CUST01049,2026-03-23,PROD0035:3:186.35,559.05,Mastercard,Out for Delivery
ORD101331,CUST01149,2025-10-21,PROD0196:5:161.82|PROD0094:2:136.82|PROD0038:2:153.69,1390.12,Mastercard,Processing
ORD101332,CUST01072,2025-09-05,PROD0081:4:27.98|PROD0296:5:70.76,465.72,Visa,Delivered
ORD101333,CUST00087,2025-08-27,PROD0065:2:99.72|PROD0075:4:42.82|PROD0262:4:174.58,1069.04,Mastercard,Processing
ORD101334,CUST00806,2026-01-07,PROD0287:3:49.41,148.23,Store Credit,Delivered
ORD101335,CUST00869,2026-07-19,PROD0014:2:232.45|PROD0041:4:26.94,572.66,Store Credit,Returned
ORD101336,CUST01039,2025-12-15,PROD0007:5:167.26,836.3,Apple Pay,Delivered
ORD101337,CUST00702,2025-10-28,PROD0112:4:112.59,450.36,Apple Pay,Shipped
ORD101338,CUST00559,2026-02-28,PROD0240:4:55.35,221.4,Visa,Processing
ORD101339,CUST00177,2025-10-10,PROD0264:2:25.7|PROD0257:5:46.24|PROD0233:3:82.05,528.75,Store Credit,Delivered
ORD101340,CUST00682,2025-12-08,PROD0014:1:232.45,232.45,PayPal,Delivered
ORD101341,CUST00153,2026-07-18,PROD0206:4:37.39|PROD0194:5:48.76|PROD0157:3:160.75,875.61,Mastercard,Shipped
ORD101342,CUST00701,2026-01-30,PROD0192:3:129.12,387.36,PayPal,Delivered
ORD101343,CUST00160,2026-07-24,PROD0001:5:121.73,608.65,Apple Pay,Processing
ORD101344,CUST00083,2025-09-20,PROD0021:4:148.05,592.2,Visa,Delivered
ORD101345,CUST00506,2026-05-22,PROD0227:5:148.49,742.45,Apple Pay,Delivered
ORD101346,CUST00935,2026-05-18,PROD0027:5:8.85|PROD0241:3:95.92|PROD0055:1:32.88|PROD0255:2:175.96,716.81,Visa,Delivered
ORD101347,CUST00360,2025-08-15,PROD0089:5:58.99,294.95,PayPal,Cancelled
ORD101348,CUST01186,2026-06-03,PROD0236:3:37.87,113.61,Store Credit,Shipped
ORD101349,CUST00347,2026-07-04,PROD0133:1:32.07|PROD0085:3:87.79,295.44,Amex,Delivered
ORD101350,CUST00751,2025-09-15,PROD0097:5:10.79|PROD0123:2:38.34|PROD0235:4:35.87,274.11,PayPal,Processing
ORD101351,CUST00917,2026-02-09,PROD0193:1:29.24,29.24,Amex,Delayed
ORD101352,CUST01067,2025-12-29,PROD0201:5:12.0|PROD0265:1:21.16,81.16,Store Credit,Delivered
ORD101353,CUST00392,2025-12-22,PROD0183:3:73.54|PROD0228:3:11.51,255.15,Store Credit,Delivered
ORD101354,CUST00092,2026-05-28,PROD0060:1:25.69,25.69,Visa,Out for Delivery
ORD101355,CUST00900,2026-05-21,PROD0257:2:46.24,92.48,Apple Pay,Delivered
ORD101356,CUST01028,2025-12-12,PROD0254:2:110.83,221.66,Amex,Delivered
ORD101357,CUST00524,2026-06-06,PROD0144:3:37.09|PROD0229:4:30.85,234.67,Mastercard,Delivered
ORD101358,CUST00650,2026-03-21,PROD0173:5:42.3,211.5,Amex,Delivered
ORD101359,CUST00943,2026-04-24,PROD0241:3:95.92,287.76,Amex,Delivered
ORD101360,CUST00107,2025-09-27,PROD0070:4:207.26|PROD0298:1:12.54|PROD0110:3:36.36,950.66,PayPal,Returned
ORD101361,CUST01057,2026-06-03,PROD0079:3:107.7,323.1,Store Credit,Delayed
ORD101362,CUST00616,2025-09-03,PROD0210:2:78.45|PROD0284:2:36.34|PROD0206:1:37.39|PROD0070:4:207.26,1096.01,PayPal,Delivered
ORD101363,CUST00620,2025-10-05,PROD0231:2:10.76|PROD0154:2:191.73,404.98,PayPal,Delivered
ORD101364,CUST00438,2025-12-22,PROD0181:4:4.29,17.16,Visa,Delivered
ORD101365,CUST00022,2026-05-11,PROD0277:4:30.38|PROD0025:1:16.49|PROD0203:3:248.58,883.75,Amex,Out for Delivery
ORD101366,CUST00447,2025-12-28,PROD0015:2:33.9,67.8,Store Credit,Shipped
ORD101367,CUST01072,2026-07-25,PROD0222:5:52.54,262.7,Amex,Delivered
ORD101368,CUST01091,2025-12-23,PROD0019:3:32.14,96.42,Mastercard,Delivered
ORD101369,CUST00869,2025-08-07,PROD0222:4:52.54,210.16,Amex,Shipped
ORD101370,CUST00693,2025-11-02,PROD0271:4:9.6,38.4,Visa,Processing
ORD101371,CUST00307,2025-08-02,PROD0248:4:78.55,314.2,Amex,Shipped
ORD101372,CUST00545,2026-06-21,PROD0189:2:116.79|PROD0246:3:61.05,416.73,Mastercard,Cancelled
ORD101373,CUST01199,2025-10-04,PROD0232:1:130.11|PROD0256:3:7.79|PROD0019:3:32.14,249.9,Store Credit,Delivered
ORD101374,CUST01072,2026-07-07,PROD0088:4:38.76|PROD0282:1:114.39|PROD0177:3:58.87,446.04,Amex,Processing
ORD101375,CUST01059,2025-10-16,PROD0173:3:42.3,126.9,Store Credit,Cancelled
ORD101376,CUST00686,2026-07-23,PROD0297:4:171.88|PROD0231:1:10.76,698.28,Visa,Delivered
ORD101377,CUST00943,2025-11-26,PROD0176:4:106.09,424.36,Amex,Shipped
ORD101378,CUST00958,2025-10-29,PROD0037:3:94.05|PROD0084:5:98.15,772.9,Amex,Shipped
ORD101379,CUST00332,2025-11-29,PROD0135:5:13.02|PROD0161:5:19.26,161.4,Amex,Out for Delivery
ORD101380,CUST00386,2026-01-11,PROD0044:2:79.04,158.08,Visa,Returned
ORD101381,CUST00770,2025-10-11,PROD0127:3:12.52,37.56,Store Credit,Delivered
ORD101382,CUST00424,2026-03-21,PROD0102:3:10.54,31.62,Visa,Delivered
ORD101383,CUST01102,2026-06-12,PROD0298:3:12.54,37.62,PayPal,Delivered
ORD101384,CUST00492,2026-07-17,PROD0069:1:29.63|PROD0289:4:44.66,208.27,Store Credit,Delivered
ORD101385,CUST00641,2025-10-05,PROD0188:1:10.76|PROD0074:4:30.72,133.64,Store Credit,Cancelled
ORD101386,CUST00949,2025-10-21,PROD0039:3:35.25|PROD0202:1:14.1,119.85,Store Credit,Cancelled
ORD101387,CUST00022,2025-09-15,PROD0192:4:129.12,516.48,Amex,Delivered
ORD101388,CUST00347,2026-06-13,PROD0238:5:88.09|PROD0104:5:24.87|PROD0014:2:232.45,1029.7,Visa,Delivered
ORD101389,CUST00586,2025-08-03,PROD0089:2:58.99|PROD0299:4:56.12,342.46,Apple Pay,Delivered
ORD101390,CUST00935,2026-07-02,PROD0245:5:74.39,371.95,Store Credit,Delivered
ORD101391,CUST00485,2025-10-16,PROD0209:1:12.86,12.86,Store Credit,Delivered
ORD101392,CUST00636,2026-06-02,PROD0222:4:52.54|PROD0091:4:94.44,587.92,Visa,Shipped
ORD101393,CUST01147,2026-06-12,PROD0105:5:114.17,570.85,Mastercard,Delivered
ORD101394,CUST00076,2026-04-26,PROD0297:4:171.88|PROD0195:3:16.36,736.6,Mastercard,Processing
ORD101395,CUST00900,2026-05-19,PROD0295:5:56.15,280.75,Mastercard,Delivered
ORD101396,CUST00955,2025-11-26,PROD0205:1:97.84|PROD0251:3:9.74,127.06,Apple Pay,Returned
ORD101397,CUST01183,2026-05-14,PROD0059:5:125.94,629.7,PayPal,Processing
ORD101398,CUST00314,2025-08-14,PROD0106:2:116.2,232.4,Mastercard,Delivered
ORD101399,CUST00374,2026-03-30,PROD0177:4:58.87|PROD0030:4:27.16,344.12,Apple Pay,Delivered
ORD101400,CUST00428,2025-09-28,PROD0101:4:170.06,680.24,Store Credit,Returned
ORD101401,CUST00422,2025-08-29,PROD0237:1:10.39,10.39,Store Credit,Delivered
ORD101402,CUST00508,2025-11-18,PROD0031:4:213.56|PROD0015:1:33.9,888.14,Amex,Processing
ORD101403,CUST00281,2025-08-12,PROD0034:1:6.64|PROD0141:5:98.61,499.69,Mastercard,Delivered
ORD101404,CUST01006,2025-12-27,PROD0278:5:43.45,217.25,Store Credit,Shipped
ORD101405,CUST00651,2026-01-12,PROD0073:3:197.85|PROD0192:3:129.12|PROD0282:3:114.39,1324.08,Visa,Delivered
ORD101406,CUST01064,2025-10-22,PROD0121:4:31.31|PROD0220:5:35.61,303.29,Mastercard,Shipped
ORD101407,CUST00027,2026-02-25,PROD0187:5:21.11,105.55,PayPal,Delivered
ORD101408,CUST00661,2025-09-13,PROD0205:2:97.84,195.68,Amex,Delivered
ORD101409,CUST00644,2026-04-18,PROD0263:1:22.13,22.13,Amex,Delivered
ORD101410,CUST00439,2026-07-24,PROD0036:1:51.6,51.6,PayPal,Delivered
ORD101411,CUST00156,2025-09-13,PROD0086:4:41.13,164.52,Visa,Processing
ORD101412,CUST00700,2026-01-19,PROD0139:3:31.77|PROD0195:3:16.36,144.39,PayPal,Delivered
ORD101413,CUST00562,2025-08-12,PROD0140:3:235.93,707.79,Amex,Delivered
ORD101414,CUST00107,2025-09-12,PROD0212:2:40.49,80.98,Mastercard,Delivered
ORD101415,CUST01199,2026-03-14,PROD0107:5:106.43|PROD0200:2:39.66,611.47,Apple Pay,Shipped
ORD101416,CUST00017,2026-06-04,PROD0209:1:12.86|PROD0185:5:34.57,185.71,Mastercard,Delivered
ORD101417,CUST00971,2026-03-24,PROD0216:2:7.93,15.86,Store Credit,Processing
ORD101418,CUST01165,2026-05-21,PROD0064:3:87.33,261.99,Store Credit,Processing
ORD101419,CUST00523,2025-12-22,PROD0199:5:192.45|PROD0220:3:35.61,1069.08,Visa,Delivered
ORD101420,CUST00949,2025-08-02,PROD0058:2:90.72|PROD0213:3:69.08|PROD0035:3:186.35|PROD0229:4:30.85,1071.13,Amex,Shipped
ORD101421,CUST00382,2026-04-19,PROD0047:1:58.31|PROD0024:1:45.08,103.39,PayPal,Delivered
ORD101422,CUST00491,2025-08-19,PROD0290:3:105.75|PROD0155:1:146.86|PROD0287:3:49.41,612.34,Apple Pay,Delivered
ORD101423,CUST00446,2026-03-28,PROD0208:5:29.11|PROD0252:5:79.63,543.7,Mastercard,Delivered
ORD101424,CUST01087,2026-01-20,PROD0067:1:11.15,11.15,PayPal,Delayed
ORD101425,CUST00245,2025-09-06,PROD0206:3:37.39,112.17,Apple Pay,Delivered
ORD101426,CUST00354,2025-12-31,PROD0251:5:9.74|PROD0109:3:29.51|PROD0265:2:21.16,179.55,Apple Pay,Delivered
ORD101427,CUST00110,2025-09-29,PROD0175:2:37.15|PROD0125:3:19.13,131.69,Mastercard,Returned
ORD101428,CUST00647,2025-08-29,PROD0208:1:29.11|PROD0211:2:15.2,59.51,Amex,Shipped
ORD101429,CUST00853,2026-07-07,PROD0056:1:242.05,242.05,Mastercard,Delayed
ORD101430,CUST00790,2026-04-26,PROD0214:5:21.47|PROD0223:2:26.93,161.21,PayPal,Delivered
ORD101431,CUST00711,2026-07-20,PROD0252:5:79.63|PROD0156:4:41.63,564.67,Apple Pay,Cancelled
ORD101432,CUST00126,2026-01-23,PROD0244:3:28.97,86.91,Amex,Out for Delivery
ORD101433,CUST00592,2025-12-18,PROD0262:2:174.58,349.16,PayPal,Shipped
ORD101434,CUST00070,2025-10-05,PROD0032:4:22.58|PROD0096:2:50.63,191.58,Mastercard,Delivered
ORD101435,CUST00761,2026-03-13,PROD0006:5:6.78,33.9,Visa,Cancelled
ORD101436,CUST00946,2025-12-09,PROD0021:2:148.05|PROD0196:3:161.82,781.56,Store Credit,Delivered
ORD101437,CUST00754,2025-09-30,PROD0286:2:11.4,22.8,Apple Pay,Delivered
ORD101438,CUST00177,2026-03-09,PROD0133:2:32.07,64.14,Amex,Delivered
ORD101439,CUST00022,2026-01-18,PROD0107:1:106.43|PROD0053:2:30.53,167.49,Apple Pay,Processing
ORD101440,CUST00661,2026-07-22,PROD0028:5:89.71|PROD0004:5:9.47,495.9,Apple Pay,Delivered
ORD101441,CUST00740,2025-11-04,PROD0101:1:170.06,170.06,Store Credit,Shipped
ORD101442,CUST00700,2026-05-06,PROD0007:4:167.26|PROD0138:2:18.75,706.54,Store Credit,Delivered
ORD101443,CUST00347,2026-05-02,PROD0198:3:74.76,224.28,Apple Pay,Delivered
ORD101444,CUST00943,2025-11-20,PROD0081:4:27.98,111.92,Amex,Delivered
ORD101445,CUST00200,2026-06-10,PROD0068:5:30.3,151.5,Mastercard,Returned
ORD101446,CUST00872,2025-11-28,PROD0262:3:174.58,523.74,Apple Pay,Processing
ORD101447,CUST00115,2026-01-31,PROD0016:3:12.58|PROD0066:1:117.07,154.81,PayPal,Delivered
ORD101448,CUST00970,2026-04-09,PROD0048:3:19.97,59.91,Store Credit,Delayed
ORD101449,CUST00170,2025-11-01,PROD0241:4:95.92,383.68,Visa,Delivered
ORD101450,CUST00592,2026-02-27,PROD0132:5:14.3,71.5,Store Credit,Delivered
ORD101451,CUST00017,2026-07-04,PROD0102:4:10.54|PROD0039:1:35.25,77.41,Mastercard,Shipped
ORD101452,CUST00958,2025-11-11,PROD0193:2:29.24,58.48,Mastercard,Out for Delivery
ORD101453,CUST01059,2025-11-11,PROD0259:4:27.72,110.88,Mastercard,Delivered
ORD101454,CUST00620,2026-06-03,PROD0281:5:37.35,186.75,Apple Pay,Delivered
ORD101455,CUST01118,2026-03-16,PROD0286:2:11.4|PROD0293:4:26.46,128.64,Store Credit,Shipped
ORD101456,CUST00048,2026-06-01,PROD0050:4:15.03,60.12,Apple Pay,Delivered
ORD101457,CUST00506,2025-12-16,PROD0295:3:56.15,168.45,PayPal,Delivered
ORD101458,CUST00572,2025-08-14,PROD0200:3:39.66|PROD0224:1:131.68,250.66,PayPal,Shipped
ORD101459,CUST00763,2026-05-02,PROD0228:3:11.51,34.53,Amex,Delivered
ORD101460,CUST00030,2025-10-18,PROD0030:2:27.16|PROD0077:1:34.86,89.18,Store Credit,Shipped
ORD101461,CUST00476,2026-01-29,PROD0208:5:29.11,145.55,Visa,Delivered
ORD101462,CUST00167,2025-08-22,PROD0159:4:20.43,81.72,PayPal,Shipped
ORD101463,CUST00092,2025-12-18,PROD0299:1:56.12,56.12,Visa,Out for Delivery
ORD101464,CUST01155,2025-11-28,PROD0208:3:29.11|PROD0161:5:19.26,183.63,Apple Pay,Processing
ORD101465,CUST00286,2026-07-24,PROD0289:1:44.66,44.66,Amex,Delivered
ORD101466,CUST00167,2026-02-27,PROD0206:1:37.39|PROD0001:2:121.73,280.85,Amex,Shipped
ORD101467,CUST00987,2025-11-05,PROD0006:1:6.78|PROD0055:1:32.88,39.66,Amex,Delivered
ORD101468,CUST01049,2026-06-29,PROD0152:1:34.78|PROD0291:2:12.15|PROD0297:4:171.88,746.6,Apple Pay,Shipped
ORD101469,CUST00456,2026-05-21,PROD0225:1:129.56,129.56,Apple Pay,Shipped
ORD101470,CUST00749,2026-05-31,PROD0084:1:98.15|PROD0286:4:11.4|PROD0188:1:10.76,154.51,Visa,Shipped
ORD101471,CUST00128,2025-10-21,PROD0022:2:55.37|PROD0289:4:44.66|PROD0136:1:75.27|PROD0027:4:8.85,400.05,Store Credit,Delivered
ORD101472,CUST00728,2026-07-18,PROD0093:1:119.59|PROD0213:2:69.08|PROD0068:1:30.3,288.05,Store Credit,Returned
ORD101473,CUST00514,2026-05-09,PROD0033:5:50.93,254.65,Visa,Delivered
ORD101474,CUST00644,2026-05-24,PROD0261:2:78.93|PROD0254:1:110.83|PROD0298:4:12.54,318.85,Mastercard,Processing
ORD101475,CUST00965,2026-07-04,PROD0221:5:21.66,108.3,Store Credit,Out for Delivery
ORD101476,CUST00853,2026-05-06,PROD0148:3:59.66,178.98,Mastercard,Delivered
ORD101477,CUST00247,2026-02-22,PROD0053:1:30.53|PROD0286:3:11.4,64.73,PayPal,Delivered
ORD101478,CUST01131,2025-11-27,PROD0289:3:44.66,133.98,Store Credit,Delivered
ORD101479,CUST01028,2025-08-16,PROD0068:4:30.3,121.2,PayPal,Delivered
ORD101480,CUST01172,2025-09-08,PROD0009:3:31.16,93.48,PayPal,Shipped
ORD101481,CUST00763,2026-02-14,PROD0177:1:58.87|PROD0100:1:81.87,140.74,Amex,Delivered
ORD101482,CUST00656,2026-05-24,PROD0069:5:29.63|PROD0199:4:192.45|PROD0067:4:11.15,962.55,PayPal,Delivered
ORD101483,CUST01143,2025-12-15,PROD0205:4:97.84|PROD0281:1:37.35|PROD0212:1:40.49,469.2,PayPal,Delivered
ORD101484,CUST01115,2026-04-10,PROD0106:2:116.2|PROD0045:3:17.66|PROD0076:2:22.51|PROD0166:2:36.87,404.14,Amex,Delivered
ORD101485,CUST01071,2026-06-12,PROD0200:1:39.66,39.66,Visa,Delivered
ORD101486,CUST00467,2026-01-15,PROD0045:2:17.66,35.32,Store Credit,Processing
ORD101487,CUST00616,2026-02-26,PROD0118:3:5.27,15.81,Mastercard,Out for Delivery
ORD101488,CUST01186,2025-12-15,PROD0116:1:9.23|PROD0056:3:242.05|PROD0142:1:68.42,803.8,Store Credit,Processing
ORD101489,CUST00995,2026-04-18,PROD0101:4:170.06,680.24,PayPal,Cancelled
ORD101490,CUST00167,2025-10-15,PROD0156:2:41.63|PROD0024:1:45.08,128.34,PayPal,Cancelled
ORD101491,CUST00302,2025-11-23,PROD0252:5:79.63,398.15,Apple Pay,Returned
ORD101492,CUST01161,2026-02-11,PROD0160:2:27.79,55.58,Amex,Returned
ORD101493,CUST00711,2025-10-03,PROD0154:5:191.73,958.65,Store Credit,Shipped
ORD101494,CUST00022,2025-10-03,PROD0104:1:24.87|PROD0168:1:193.82,218.69,Store Credit,Cancelled
ORD101495,CUST01155,2025-11-02,PROD0170:2:12.14|PROD0024:3:45.08,159.52,Mastercard,Delivered
ORD101496,CUST00354,2026-02-09,PROD0023:5:18.55|PROD0273:5:84.74|PROD0066:4:117.07,984.73,Apple Pay,Delivered
ORD101497,CUST00639,2026-07-15,PROD0111:3:31.83|PROD0200:5:39.66|PROD0285:2:33.77,361.33,Apple Pay,Delivered
ORD101498,CUST00540,2025-11-19,PROD0063:1:122.4,122.4,Visa,Processing
ORD101499,CUST00931,2026-01-28,PROD0196:3:161.82,485.46,PayPal,Delivered
ORD101500,CUST00981,2025-09-17,PROD0186:3:24.16|PROD0117:5:34.38|PROD0125:4:19.13,320.9,PayPal,Delivered
ORD101501,CUST00620,2025-11-22,PROD0255:3:175.96,527.88,Store Credit,Processing
ORD101502,CUST01130,2026-02-26,PROD0272:5:27.45|PROD0269:1:144.62,281.87,PayPal,Delayed
ORD101503,CUST00816,2025-11-18,PROD0113:5:29.87,149.35,Amex,Delivered
ORD101504,CUST00520,2026-06-03,PROD0286:1:11.4,11.4,PayPal,Cancelled
ORD101505,CUST01036,2025-11-12,PROD0160:2:27.79|PROD0269:4:144.62,634.06,Amex,Shipped
ORD101506,CUST00853,2026-02-12,PROD0181:4:4.29,17.16,Apple Pay,Delivered
ORD101507,CUST00371,2026-07-16,PROD0066:5:117.07|PROD0062:2:20.08,625.51,Store Credit,Delayed
ORD101508,CUST00686,2025-11-17,PROD0102:3:10.54|PROD0006:3:6.78,51.96,PayPal,Shipped
ORD101509,CUST00118,2026-05-04,PROD0119:1:234.85,234.85,Amex,Delivered
ORD101510,CUST00634,2026-03-08,PROD0079:3:107.7,323.1,Visa,Delivered
ORD101511,CUST00237,2025-11-22,PROD0130:1:30.13|PROD0271:1:9.6,39.73,Apple Pay,Out for Delivery
ORD101512,CUST00564,2026-04-11,PROD0102:2:10.54|PROD0054:4:55.49,243.04,Apple Pay,Delivered
ORD101513,CUST00381,2026-04-08,PROD0188:5:10.76,53.8,Store Credit,Delivered
ORD101514,CUST00150,2026-05-25,PROD0285:1:33.77,33.77,Apple Pay,Returned
ORD101515,CUST00605,2026-06-05,PROD0251:4:9.74,38.96,Visa,Delivered
ORD101516,CUST00651,2025-07-30,PROD0094:2:136.82,273.64,Amex,Delivered
ORD101517,CUST00822,2026-04-24,PROD0050:5:15.03|PROD0197:1:10.66|PROD0129:3:19.99|PROD0236:5:37.87,335.13,Visa,Shipped
ORD101518,CUST00751,2026-03-18,PROD0019:5:32.14,160.7,Visa,Out for Delivery
ORD101519,CUST00711,2025-10-26,PROD0261:4:78.93,315.72,PayPal,Shipped
ORD101520,CUST00425,2026-03-14,PROD0081:4:27.98|PROD0251:1:9.74,121.66,Apple Pay,Delivered
ORD101521,CUST00734,2025-10-31,PROD0212:5:40.49|PROD0003:4:159.09,838.81,PayPal,Shipped
ORD101522,CUST01149,2025-11-09,PROD0257:2:46.24|PROD0194:2:48.76|PROD0246:4:61.05|PROD0151:3:13.08,473.44,PayPal,Delivered
ORD101523,CUST00869,2026-01-25,PROD0136:5:75.27|PROD0172:4:30.66,498.99,PayPal,Out for Delivery
ORD101524,CUST00818,2026-06-16,PROD0123:3:38.34|PROD0141:3:98.61|PROD0227:1:148.49,559.34,Mastercard,Processing
ORD101525,CUST00735,2026-02-01,PROD0254:2:110.83,221.66,Visa,Shipped
ORD101526,CUST00090,2026-01-16,PROD0122:3:113.13|PROD0226:5:121.6|PROD0179:1:22.52,969.91,PayPal,Processing
ORD101527,CUST00035,2025-11-24,PROD0102:5:10.54,52.7,PayPal,Delivered
ORD101528,CUST01075,2025-08-20,PROD0142:4:68.42|PROD0015:2:33.9,341.48,Visa,Delivered
ORD101529,CUST00528,2025-08-14,PROD0024:2:45.08,90.16,Store Credit,Delivered
ORD101530,CUST00547,2025-12-13,PROD0202:1:14.1|PROD0222:2:52.54,119.18,Mastercard,Delivered
ORD101531,CUST00326,2025-08-26,PROD0295:1:56.15|PROD0146:1:25.49,81.64,Visa,Cancelled
ORD101532,CUST01164,2026-03-10,PROD0274:1:126.5,126.5,Store Credit,Out for Delivery
ORD101533,CUST00561,2025-11-10,PROD0121:1:31.31,31.31,Amex,Delivered
ORD101534,CUST00969,2026-04-26,PROD0175:3:37.15|PROD0012:2:54.17,219.79,Mastercard,Delivered
ORD101535,CUST00124,2026-04-02,PROD0278:1:43.45,43.45,Store Credit,Returned
ORD101536,CUST01143,2025-11-03,PROD0130:3:30.13,90.39,Store Credit,Shipped
ORD101537,CUST00949,2026-03-15,PROD0259:1:27.72,27.72,Visa,Delivered
ORD101538,CUST00548,2025-08-19,PROD0233:5:82.05,410.25,Store Credit,Delivered
ORD101539,CUST00374,2026-01-25,PROD0222:3:52.54,157.62,Apple Pay,Out for Delivery
ORD101540,CUST00186,2025-08-28,PROD0097:4:10.79|PROD0061:5:25.67,171.51,Store Credit,Cancelled
ORD101541,CUST01165,2026-02-14,PROD0132:4:14.3|PROD0126:4:82.81|PROD0043:5:53.62,656.54,Store Credit,Delivered
ORD101542,CUST00442,2025-08-11,PROD0096:1:50.63,50.63,Amex,Delivered
ORD101543,CUST00326,2025-11-12,PROD0020:4:33.7|PROD0067:2:11.15|PROD0206:2:37.39,231.88,Store Credit,Delivered
ORD101544,CUST00350,2026-05-29,PROD0181:3:4.29,12.87,Visa,Processing
ORD101545,CUST00949,2025-11-13,PROD0014:2:232.45|PROD0061:1:25.67|PROD0075:5:42.82|PROD0183:3:73.54,925.29,Amex,Delivered
ORD101546,CUST00114,2025-12-31,PROD0064:1:87.33,87.33,Visa,Shipped
ORD101547,CUST00900,2026-04-04,PROD0105:2:114.17|PROD0270:3:25.5,304.84,Amex,Delayed
ORD101548,CUST00700,2025-10-12,PROD0097:4:10.79|PROD0264:3:25.7|PROD0071:2:156.65,433.56,Visa,Shipped
ORD101549,CUST00735,2026-04-26,PROD0041:3:26.94|PROD0173:5:42.3,292.32,Visa,Delivered
ORD101550,CUST00949,2026-03-19,PROD0174:1:22.41,22.41,Amex,Delayed
ORD101551,CUST00714,2026-06-30,PROD0209:3:12.86,38.58,Amex,Delivered
ORD101552,CUST01042,2026-04-17,PROD0032:5:22.58,112.9,Mastercard,Processing
ORD101553,CUST00407,2026-03-11,PROD0154:4:191.73|PROD0229:4:30.85,890.32,Amex,Returned
ORD101554,CUST00749,2025-12-24,PROD0128:5:112.67|PROD0248:4:78.55,877.55,Visa,Shipped
ORD101555,CUST00965,2026-05-06,PROD0292:3:56.02|PROD0214:1:21.47|PROD0237:4:10.39,231.09,Mastercard,Delivered
ORD101556,CUST00848,2025-11-20,PROD0016:2:12.58,25.16,PayPal,Processing
ORD101557,CUST01186,2025-08-09,PROD0064:2:87.33,174.66,Mastercard,Cancelled
ORD101558,CUST00592,2026-04-03,PROD0102:1:10.54,10.54,Amex,Returned
ORD101559,CUST01115,2026-01-18,PROD0149:3:111.96|PROD0181:5:4.29,357.33,Amex,Returned
ORD101560,CUST00991,2026-07-23,PROD0213:5:69.08|PROD0261:3:78.93|PROD0028:1:89.71|PROD0287:3:49.41,820.13,Apple Pay,Returned
ORD101561,CUST00161,2026-02-04,PROD0242:2:23.74|PROD0287:1:49.41|PROD0165:5:38.86,291.19,Mastercard,Delivered
ORD101562,CUST00861,2025-08-17,PROD0266:5:101.77,508.85,Apple Pay,Shipped
ORD101563,CUST00818,2025-11-11,PROD0083:4:12.63,50.52,Visa,Delivered
ORD101564,CUST00241,2025-11-01,PROD0121:4:31.31|PROD0279:5:19.87|PROD0287:2:49.41,323.41,Visa,Returned
ORD101565,CUST00886,2026-02-21,PROD0140:2:235.93,471.86,Store Credit,Processing
ORD101566,CUST00186,2026-07-23,PROD0151:2:13.08,26.16,PayPal,Processing
ORD101567,CUST00242,2025-12-19,PROD0212:3:40.49,121.47,Visa,Delivered
ORD101568,CUST00354,2026-02-23,PROD0168:5:193.82,969.1,Apple Pay,Delivered
ORD101569,CUST00407,2026-07-04,PROD0132:4:14.3,57.2,Mastercard,Processing
ORD101570,CUST01166,2026-06-10,PROD0128:3:112.67|PROD0048:3:19.97,397.92,PayPal,Processing
ORD101571,CUST00052,2025-11-07,PROD0006:4:6.78|PROD0079:5:107.7,565.62,Store Credit,Processing
ORD101572,CUST00769,2025-12-14,PROD0199:4:192.45|PROD0200:5:39.66,968.1,Visa,Delivered
ORD101573,CUST01164,2025-10-08,PROD0027:2:8.85,17.7,Mastercard,Delivered
ORD101574,CUST01067,2026-01-13,PROD0126:1:82.81,82.81,Amex,Cancelled
ORD101575,CUST00347,2026-07-16,PROD0167:3:13.38|PROD0231:4:10.76|PROD0205:5:97.84,572.38,Apple Pay,Delivered
ORD101576,CUST00981,2026-06-28,PROD0131:5:11.48,57.4,PayPal,Delivered
ORD101577,CUST00354,2026-01-27,PROD0129:3:19.99,59.97,Visa,Delivered
ORD101578,CUST00756,2025-10-08,PROD0167:1:13.38,13.38,Visa,Shipped
ORD101579,CUST00027,2025-11-21,PROD0281:3:37.35,112.05,Visa,Delivered
ORD101580,CUST00842,2026-07-28,PROD0096:2:50.63|PROD0251:2:9.74|PROD0025:2:16.49|PROD0143:5:209.56,1201.52,PayPal,Delivered
ORD101581,CUST00409,2025-09-09,PROD0179:4:22.52,90.08,Apple Pay,Cancelled
ORD101582,CUST00606,2026-05-23,PROD0209:3:12.86|PROD0186:2:24.16|PROD0011:4:22.2,175.7,Mastercard,Delivered
ORD101583,CUST01032,2025-11-06,PROD0004:4:9.47,37.88,Apple Pay,Delivered
ORD101584,CUST00763,2025-10-16,PROD0072:5:70.01|PROD0056:5:242.05|PROD0206:4:37.39,1709.86,Mastercard,Delivered
ORD101585,CUST01087,2026-06-07,PROD0145:2:16.58,33.16,Mastercard,Processing
ORD101586,CUST00134,2026-01-25,PROD0023:2:18.55,37.1,PayPal,Delivered
ORD101587,CUST00270,2026-01-19,PROD0234:2:120.92,241.84,Apple Pay,Cancelled
ORD101588,CUST00715,2026-03-29,PROD0074:3:30.72|PROD0233:1:82.05,174.21,Amex,Delivered
ORD101589,CUST01070,2025-09-04,PROD0043:4:53.62|PROD0268:5:34.77|PROD0047:2:58.31|PROD0197:2:10.66,526.27,Amex,Returned
ORD101590,CUST00382,2026-05-24,PROD0042:3:241.7|PROD0215:4:59.37,962.58,PayPal,Processing
ORD101591,CUST00402,2025-10-12,PROD0271:2:9.6|PROD0117:3:34.38|PROD0017:2:145.85,414.04,Amex,Delivered
ORD101592,CUST00620,2026-01-01,PROD0034:3:6.64,19.92,Store Credit,Processing
ORD101593,CUST00017,2026-01-07,PROD0114:2:67.83,135.66,Amex,Delivered
ORD101594,CUST00242,2026-07-27,PROD0155:4:146.86|PROD0100:1:81.87,669.31,Store Credit,Delivered
ORD101595,CUST00749,2025-09-17,PROD0006:4:6.78|PROD0139:1:31.77,58.89,Mastercard,Delivered
ORD101596,CUST00818,2026-05-02,PROD0271:1:9.6,9.6,Store Credit,Delivered
ORD101597,CUST01153,2025-11-29,PROD0036:1:51.6,51.6,Apple Pay,Out for Delivery
ORD101598,CUST00636,2026-02-07,PROD0256:1:7.79,7.79,Apple Pay,Shipped
ORD101599,CUST00267,2026-02-03,PROD0255:4:175.96,703.84,Visa,Cancelled
ORD101600,CUST01058,2025-10-30,PROD0241:4:95.92|PROD0276:2:75.04|PROD0165:2:38.86,611.48,Store Credit,Delivered
ORD101601,CUST00133,2025-09-30,PROD0263:1:22.13|PROD0011:1:22.2,44.33,Mastercard,Returned
ORD101602,CUST01148,2025-08-24,PROD0070:2:207.26|PROD0256:5:7.79|PROD0208:1:29.11,482.58,Apple Pay,Delivered
ORD101603,CUST00889,2026-05-27,PROD0198:5:74.76,373.8,Visa,Delivered
ORD101604,CUST00921,2025-11-10,PROD0186:5:24.16|PROD0200:1:39.66,160.46,Mastercard,Returned
ORD101605,CUST00286,2026-05-17,PROD0236:3:37.87|PROD0145:1:16.58|PROD0272:1:27.45|PROD0090:4:15.79,220.8,PayPal,Delivered
ORD101606,CUST00631,2025-10-04,PROD0251:3:9.74|PROD0255:5:175.96,909.02,Amex,Delivered
ORD101607,CUST00027,2026-02-05,PROD0297:5:171.88,859.4,Visa,Delivered
ORD101608,CUST00649,2025-12-07,PROD0296:1:70.76,70.76,PayPal,Delivered
ORD101609,CUST01025,2025-11-15,PROD0126:4:82.81|PROD0285:5:33.77,500.09,Amex,Delivered
ORD101610,CUST00818,2026-01-15,PROD0088:1:38.76,38.76,Apple Pay,Delivered
ORD101611,CUST00853,2026-05-28,PROD0101:1:170.06|PROD0149:4:111.96|PROD0189:2:116.79,851.48,Mastercard,Shipped
ORD101612,CUST00017,2025-12-02,PROD0142:3:68.42|PROD0225:1:129.56,334.82,PayPal,Delivered
ORD101613,CUST01049,2025-10-02,PROD0109:3:29.51|PROD0155:2:146.86,382.25,Store Credit,Delivered
ORD101614,CUST00289,2026-03-22,PROD0140:5:235.93,1179.65,Mastercard,Delivered
ORD101615,CUST00288,2025-09-19,PROD0194:4:48.76,195.04,Store Credit,Returned
ORD101616,CUST01187,2026-06-24,PROD0137:1:26.99|PROD0055:1:32.88|PROD0031:3:213.56,700.55,PayPal,Delivered
ORD101617,CUST00160,2025-09-22,PROD0037:5:94.05|PROD0259:4:27.72|PROD0280:5:218.73,1674.78,Store Credit,Cancelled
ORD101618,CUST00636,2025-10-17,PROD0126:4:82.81|PROD0190:3:68.53,536.83,Amex,Delivered
ORD101619,CUST00402,2025-12-30,PROD0203:1:248.58,248.58,PayPal,Shipped
ORD101620,CUST00438,2025-07-31,PROD0064:3:87.33|PROD0119:4:234.85|PROD0175:5:37.15,1387.14,Mastercard,Processing
ORD101621,CUST00564,2026-05-17,PROD0251:1:9.74,9.74,Mastercard,Processing
ORD101622,CUST00520,2025-12-18,PROD0032:5:22.58,112.9,Amex,Cancelled
ORD101623,CUST01148,2026-07-03,PROD0026:2:54.92,109.84,Store Credit,Cancelled
ORD101624,CUST00158,2025-08-25,PROD0184:1:76.1,76.1,Amex,Delivered
ORD101625,CUST00896,2026-04-05,PROD0035:4:186.35,745.4,Store Credit,Shipped
ORD101626,CUST00711,2025-11-07,PROD0185:1:34.57,34.57,Amex,Delivered
ORD101627,CUST00532,2025-09-18,PROD0243:2:47.44|PROD0281:5:37.35,281.63,Amex,Delivered
ORD101628,CUST00869,2026-05-18,PROD0139:1:31.77|PROD0258:3:29.27,119.58,Visa,Delivered
ORD101629,CUST00965,2025-10-24,PROD0079:1:107.7,107.7,Mastercard,Cancelled
ORD101630,CUST00063,2025-09-23,PROD0022:2:55.37,110.74,Store Credit,Delivered
ORD101631,CUST00970,2026-05-04,PROD0278:2:43.45,86.9,Store Credit,Delivered
ORD101632,CUST01182,2025-10-01,PROD0161:5:19.26|PROD0098:1:87.67|PROD0077:1:34.86|PROD0059:1:125.94,344.77,Store Credit,Delivered
ORD101633,CUST00483,2025-12-25,PROD0129:1:19.99,19.99,Mastercard,Processing
ORD101634,CUST00516,2026-02-17,PROD0202:4:14.1,56.4,Apple Pay,Delayed
ORD101635,CUST00303,2026-03-12,PROD0230:4:7.64|PROD0243:1:47.44,78.0,Mastercard,Delivered
ORD101636,CUST00620,2025-08-25,PROD0256:1:7.79|PROD0250:4:8.48|PROD0069:3:29.63|PROD0039:2:35.25,201.1,Apple Pay,Processing
ORD101637,CUST00560,2025-11-18,PROD0190:1:68.53|PROD0038:5:153.69,836.98,PayPal,Processing
ORD101638,CUST00297,2025-12-22,PROD0071:3:156.65|PROD0177:2:58.87,587.69,Amex,Delivered
ORD101639,CUST00480,2026-05-23,PROD0095:5:26.42|PROD0113:1:29.87,161.97,Mastercard,Processing
ORD101640,CUST01048,2026-05-21,PROD0196:2:161.82,323.64,Apple Pay,Returned
ORD101641,CUST01199,2025-11-25,PROD0234:2:120.92,241.84,Store Credit,Delivered
ORD101642,CUST01185,2026-05-29,PROD0042:2:241.7,483.4,Amex,Delivered
ORD101643,CUST00035,2025-08-02,PROD0283:5:33.8|PROD0153:3:32.56,266.68,Store Credit,Out for Delivery
ORD101644,CUST00639,2025-11-28,PROD0006:3:6.78,20.34,Amex,Cancelled
ORD101645,CUST00017,2025-12-08,PROD0184:2:76.1|PROD0143:2:209.56,571.32,Store Credit,Cancelled
ORD101646,CUST00569,2025-11-07,PROD0097:5:10.79|PROD0018:1:13.24|PROD0168:3:193.82,648.65,Store Credit,Delivered
ORD101647,CUST00134,2026-04-10,PROD0055:2:32.88,65.76,PayPal,Returned
ORD101648,CUST00027,2026-04-10,PROD0073:2:197.85|PROD0122:4:113.13|PROD0134:4:178.43,1561.94,PayPal,Delayed
ORD101649,CUST00650,2026-03-12,PROD0270:5:25.5,127.5,Store Credit,Out for Delivery
ORD101650,CUST00438,2026-03-12,PROD0298:2:12.54|PROD0217:4:240.36,986.52,Mastercard,Cancelled
ORD101651,CUST00213,2026-06-05,PROD0106:1:116.2|PROD0123:5:38.34|PROD0054:5:55.49,585.35,Mastercard,Delivered
ORD101652,CUST00286,2026-04-28,PROD0010:2:98.26,196.52,Amex,Processing
ORD101653,CUST00035,2025-09-15,PROD0023:1:18.55|PROD0067:5:11.15,74.3,Visa,Delivered
ORD101654,CUST00303,2025-08-31,PROD0282:4:114.39,457.56,Apple Pay,Shipped
ORD101655,CUST00023,2025-11-14,PROD0011:2:22.2|PROD0144:3:37.09,155.67,Amex,Out for Delivery
ORD101656,CUST00972,2025-08-22,PROD0151:1:13.08|PROD0203:1:248.58|PROD0001:3:121.73,626.85,Visa,Delivered
ORD101657,CUST00065,2026-03-28,PROD0076:2:22.51|PROD0066:5:117.07,630.37,PayPal,Returned
ORD101658,CUST01146,2026-05-24,PROD0284:4:36.34|PROD0233:4:82.05,473.56,PayPal,Delivered
ORD101659,CUST00636,2026-06-05,PROD0273:5:84.74,423.7,PayPal,Delivered
ORD101660,CUST01004,2026-05-26,PROD0175:5:37.15,185.75,Store Credit,Delivered
ORD101661,CUST01158,2026-07-01,PROD0160:1:27.79,27.79,Apple Pay,Delivered
ORD101662,CUST00059,2026-05-17,PROD0277:3:30.38,91.14,PayPal,Delivered
ORD101663,CUST00661,2025-11-27,PROD0230:5:7.64|PROD0042:3:241.7,763.3,PayPal,Delivered
ORD101664,CUST00959,2026-06-20,PROD0182:2:235.58,471.16,Apple Pay,Delivered
ORD101665,CUST00774,2025-08-17,PROD0265:5:21.16,105.8,PayPal,Out for Delivery
ORD101666,CUST00017,2025-10-09,PROD0005:1:41.87|PROD0142:5:68.42,383.97,Visa,Delivered
ORD101667,CUST01164,2026-05-01,PROD0144:1:37.09|PROD0049:3:79.17,274.6,PayPal,Shipped
ORD101668,CUST00172,2025-10-02,PROD0154:1:191.73|PROD0255:3:175.96,719.61,PayPal,Shipped
ORD101669,CUST01048,2025-11-25,PROD0168:4:193.82,775.28,Apple Pay,Processing
ORD101670,CUST00356,2025-11-21,PROD0015:2:33.9|PROD0238:2:88.09,243.98,PayPal,Delivered
ORD101671,CUST00520,2026-04-18,PROD0238:2:88.09|PROD0227:3:148.49|PROD0257:4:46.24|PROD0294:5:28.58,949.51,PayPal,Delivered
ORD101672,CUST00239,2026-03-05,PROD0148:2:59.66|PROD0126:2:82.81,284.94,Amex,Delivered
ORD101673,CUST00386,2025-09-09,PROD0244:2:28.97|PROD0030:3:27.16|PROD0012:2:54.17,247.76,PayPal,Cancelled
ORD101674,CUST01059,2025-10-17,PROD0196:4:161.82,647.28,Apple Pay,Delivered
ORD101675,CUST00045,2026-01-18,PROD0035:1:186.35,186.35,Visa,Shipped
ORD101676,CUST00826,2026-06-27,PROD0028:3:89.71|PROD0017:2:145.85,560.83,Apple Pay,Delivered
ORD101677,CUST00749,2025-11-09,PROD0070:4:207.26|PROD0162:1:142.57,971.61,PayPal,Delivered
ORD101678,CUST01052,2025-09-11,PROD0169:3:47.11,141.33,Amex,Delivered
ORD101679,CUST00518,2026-06-08,PROD0160:2:27.79|PROD0017:2:145.85,347.28,Amex,Delivered
ORD101680,CUST00889,2026-06-16,PROD0088:5:38.76,193.8,Amex,Shipped
ORD101681,CUST01039,2026-06-17,PROD0109:3:29.51|PROD0185:2:34.57|PROD0133:3:32.07,253.88,Apple Pay,Delivered
ORD101682,CUST00561,2026-05-15,PROD0126:1:82.81,82.81,Amex,Delivered
ORD101683,CUST00167,2026-03-09,PROD0235:3:35.87,107.61,Mastercard,Processing
ORD101684,CUST00463,2025-11-23,PROD0288:3:79.59|PROD0181:4:4.29,255.93,Visa,Delivered
ORD101685,CUST00519,2026-01-27,PROD0223:1:26.93|PROD0023:4:18.55,101.13,Store Credit,Delivered
ORD101686,CUST00030,2025-10-07,PROD0054:4:55.49,221.96,Visa,Delivered
ORD101687,CUST00900,2025-11-25,PROD0300:2:18.47|PROD0153:5:32.56,199.74,Store Credit,Shipped
ORD101688,CUST00864,2026-04-11,PROD0136:4:75.27|PROD0292:3:56.02,469.14,Amex,Delivered
ORD101689,CUST00237,2025-11-05,PROD0253:2:45.08|PROD0148:4:59.66,328.8,Store Credit,Processing
ORD101690,CUST00518,2025-10-12,PROD0144:5:37.09|PROD0013:2:24.34|PROD0083:4:12.63|PROD0110:2:36.36,357.37,Visa,Delivered
ORD101691,CUST00798,2026-01-18,PROD0051:2:43.91|PROD0042:5:241.7,1296.32,Store Credit,Delivered
ORD101692,CUST00269,2026-04-28,PROD0083:4:12.63|PROD0020:3:33.7,151.62,Amex,Out for Delivery
ORD101693,CUST00690,2025-12-16,PROD0108:3:128.9,386.7,Mastercard,Out for Delivery
ORD101694,CUST00706,2025-09-29,PROD0071:4:156.65,626.6,PayPal,Delivered
ORD101695,CUST01160,2025-09-02,PROD0183:4:73.54,294.16,Visa,Delivered
ORD101696,CUST00432,2026-05-16,PROD0027:4:8.85|PROD0244:4:28.97|PROD0108:2:128.9|PROD0120:1:80.47,489.55,Store Credit,Returned
ORD101697,CUST00806,2025-10-19,PROD0233:5:82.05|PROD0192:1:129.12,539.37,PayPal,Shipped
ORD101698,CUST00319,2026-06-16,PROD0081:1:27.98,27.98,Amex,Shipped
ORD101699,CUST00012,2025-09-06,PROD0265:1:21.16|PROD0238:4:88.09|PROD0180:3:13.81,414.95,Store Credit,Delivered
ORD101700,CUST00007,2026-06-04,PROD0035:4:186.35,745.4,Mastercard,Delivered
ORD101701,CUST00167,2026-03-03,PROD0179:5:22.52,112.6,PayPal,Processing
ORD101702,CUST00425,2026-05-03,PROD0003:5:159.09,795.45,Visa,Delivered
ORD101703,CUST01005,2026-07-11,PROD0229:2:30.85,61.7,Amex,Shipped
ORD101704,CUST00664,2025-08-22,PROD0133:2:32.07|PROD0206:1:37.39,101.53,PayPal,Delivered
ORD101705,CUST00326,2026-02-08,PROD0018:4:13.24,52.96,Apple Pay,Shipped
ORD101706,CUST00763,2025-09-12,PROD0224:4:131.68,526.72,PayPal,Shipped
ORD101707,CUST00806,2025-09-05,PROD0143:4:209.56|PROD0295:3:56.15|PROD0109:3:29.51|PROD0057:5:37.8,1284.22,Mastercard,Shipped
ORD101708,CUST00241,2026-04-03,PROD0103:3:35.6|PROD0200:1:39.66,146.46,PayPal,Processing
ORD101709,CUST00864,2026-05-22,PROD0222:5:52.54,262.7,Visa,Delivered
ORD101710,CUST01115,2026-02-14,PROD0095:2:26.42|PROD0038:1:153.69|PROD0080:1:101.65,308.18,Amex,Shipped
ORD101711,CUST00372,2026-01-20,PROD0195:1:16.36|PROD0011:5:22.2,127.36,Apple Pay,Shipped
ORD101712,CUST00400,2025-08-14,PROD0138:1:18.75,18.75,Mastercard,Delayed
ORD101713,CUST01098,2025-12-13,PROD0228:1:11.51|PROD0226:4:121.6,497.91,PayPal,Processing
ORD101714,CUST01160,2025-12-16,PROD0051:4:43.91|PROD0143:1:209.56|PROD0123:1:38.34|PROD0127:3:12.52,461.1,Visa,Processing
ORD101715,CUST01000,2026-01-04,PROD0146:5:25.49|PROD0101:4:170.06|PROD0199:1:192.45,1000.14,Apple Pay,Out for Delivery
ORD101716,CUST00035,2026-04-12,PROD0063:5:122.4,612.0,Store Credit,Delivered
ORD101717,CUST01039,2025-11-26,PROD0129:5:19.99|PROD0056:5:242.05,1310.2,Mastercard,Shipped
ORD101718,CUST00400,2026-07-30,PROD0300:5:18.47,92.35,Mastercard,Cancelled
ORD101719,CUST00777,2025-08-11,PROD0063:2:122.4,244.8,Mastercard,Cancelled
ORD101720,CUST00107,2025-12-25,PROD0262:3:174.58|PROD0133:4:32.07,652.02,PayPal,Delivered
ORD101721,CUST00356,2026-01-07,PROD0119:5:234.85,1174.25,Visa,Delivered
ORD101722,CUST00971,2026-03-08,PROD0129:4:19.99,79.96,Visa,Returned
ORD101723,CUST00314,2025-11-01,PROD0187:1:21.11,21.11,Store Credit,Delivered
ORD101724,CUST00970,2025-12-18,PROD0003:4:159.09,636.36,Apple Pay,Delivered
ORD101725,CUST00172,2026-07-16,PROD0032:4:22.58,90.32,Mastercard,Processing
ORD101726,CUST00989,2026-03-08,PROD0020:2:33.7,67.4,Visa,Delivered
ORD101727,CUST00872,2025-09-08,PROD0058:5:90.72,453.6,Visa,Delivered
ORD101728,CUST00714,2026-07-21,PROD0079:5:107.7,538.5,Amex,Delivered
ORD101729,CUST00447,2026-04-23,PROD0038:4:153.69,614.76,Store Credit,Returned
ORD101730,CUST00869,2026-06-11,PROD0127:2:12.52,25.04,Store Credit,Processing
ORD101731,CUST01178,2026-01-27,PROD0276:3:75.04|PROD0224:1:131.68,356.8,Store Credit,Delivered
ORD101732,CUST00662,2026-05-24,PROD0222:5:52.54|PROD0067:3:11.15|PROD0136:4:75.27|PROD0218:4:151.18,1201.95,Mastercard,Processing
ORD101733,CUST01058,2026-07-15,PROD0146:3:25.49|PROD0071:1:156.65|PROD0221:4:21.66|PROD0269:5:144.62,1042.86,PayPal,Delivered
ORD101734,CUST00120,2026-07-12,PROD0161:1:19.26|PROD0066:2:117.07,253.4,Apple Pay,Shipped
ORD101735,CUST00572,2025-08-20,PROD0181:2:4.29|PROD0196:3:161.82,494.04,Apple Pay,Processing
ORD101736,CUST01032,2025-10-31,PROD0049:4:79.17,316.68,PayPal,Delivered
ORD101737,CUST00402,2025-10-05,PROD0166:2:36.87,73.74,Visa,Out for Delivery
ORD101738,CUST01080,2025-12-22,PROD0141:2:98.61,197.22,Amex,Delivered
ORD101739,CUST00774,2026-06-02,PROD0127:2:12.52,25.04,Store Credit,Shipped
ORD101740,CUST00864,2025-11-10,PROD0007:4:167.26,669.04,Apple Pay,Delivered
ORD101741,CUST00350,2025-11-19,PROD0182:3:235.58,706.74,PayPal,Delivered
ORD101742,CUST00272,2025-09-22,PROD0050:2:15.03,30.06,PayPal,Cancelled
ORD101743,CUST00860,2026-07-14,PROD0112:5:112.59,562.95,Mastercard,Processing
ORD101744,CUST00767,2026-03-23,PROD0072:3:70.01|PROD0036:1:51.6,261.63,Visa,Returned
ORD101745,CUST00561,2026-06-11,PROD0277:2:30.38|PROD0170:3:12.14|PROD0259:4:27.72,208.06,Mastercard,Delivered
ORD101746,CUST00225,2025-10-13,PROD0178:3:137.06|PROD0125:4:19.13|PROD0291:1:12.15|PROD0186:3:24.16,572.33,Visa,Processing
ORD101747,CUST00184,2026-03-02,PROD0096:3:50.63|PROD0091:5:94.44|PROD0018:1:13.24|PROD0201:1:12.0,649.33,Amex,Delivered
ORD101748,CUST00012,2025-10-20,PROD0289:5:44.66|PROD0215:1:59.37,282.67,Mastercard,Delivered
ORD101749,CUST00863,2026-03-13,PROD0257:2:46.24,92.48,PayPal,Delivered
ORD101750,CUST00409,2025-11-18,PROD0191:2:66.03,132.06,Visa,Delivered
ORD101751,CUST00382,2026-03-04,PROD0244:3:28.97|PROD0229:3:30.85,179.46,Store Credit,Delivered
ORD101752,CUST00560,2025-12-25,PROD0216:2:7.93,15.86,Apple Pay,Delivered
ORD101753,CUST00662,2026-02-25,PROD0171:4:115.91|PROD0062:3:20.08,523.88,Amex,Delivered
ORD101754,CUST01160,2026-01-30,PROD0210:1:78.45|PROD0168:1:193.82|PROD0211:2:15.2,302.67,PayPal,Processing
ORD101755,CUST00315,2025-10-31,PROD0203:5:248.58|PROD0140:3:235.93,1950.69,Visa,Shipped
ORD101756,CUST00128,2026-04-01,PROD0189:2:116.79|PROD0102:2:10.54|PROD0233:4:82.05,582.86,Visa,Delivered
ORD101757,CUST00190,2026-03-28,PROD0040:2:6.69,13.38,Mastercard,Processing
ORD101758,CUST00110,2025-10-11,PROD0103:3:35.6,106.8,Mastercard,Shipped
ORD101759,CUST00711,2026-07-06,PROD0157:5:160.75|PROD0291:3:12.15|PROD0202:1:14.1|PROD0069:4:29.63,972.82,Apple Pay,Processing
ORD101760,CUST00463,2026-01-14,PROD0028:5:89.71,448.55,Mastercard,Delivered
ORD101761,CUST00092,2026-04-14,PROD0156:4:41.63,166.52,PayPal,Delivered
ORD101762,CUST00777,2026-06-19,PROD0266:4:101.77,407.08,Apple Pay,Shipped
ORD101763,CUST00875,2025-10-22,PROD0095:4:26.42|PROD0194:5:48.76,349.48,Mastercard,Processing
ORD101764,CUST00336,2025-10-11,PROD0082:4:33.12,132.48,Amex,Delivered
ORD101765,CUST00554,2026-03-26,PROD0124:3:57.05,171.15,PayPal,Shipped
ORD101766,CUST00957,2026-02-12,PROD0025:4:16.49,65.96,PayPal,Cancelled
ORD101767,CUST00334,2026-05-07,PROD0267:5:85.78,428.9,Store Credit,Returned
ORD101768,CUST00690,2026-06-27,PROD0185:5:34.57|PROD0043:4:53.62,387.33,Amex,Shipped
ORD101769,CUST00027,2025-09-19,PROD0279:1:19.87,19.87,Store Credit,Delivered
ORD101770,CUST00417,2026-04-08,PROD0127:2:12.52|PROD0283:2:33.8|PROD0002:1:96.62|PROD0047:1:58.31,247.57,Visa,Delivered
ORD101771,CUST00569,2026-02-01,PROD0038:2:153.69,307.38,PayPal,Delivered
ORD101772,CUST00767,2025-09-08,PROD0024:2:45.08,90.16,Store Credit,Delivered
ORD101773,CUST00909,2026-06-04,PROD0126:1:82.81,82.81,PayPal,Out for Delivery
ORD101774,CUST00319,2026-05-23,PROD0041:4:26.94|PROD0238:3:88.09,372.03,Mastercard,Delayed
ORD101775,CUST00639,2026-01-06,PROD0253:3:45.08,135.24,Visa,Delivered
ORD101776,CUST00446,2025-11-02,PROD0131:5:11.48|PROD0028:2:89.71|PROD0024:5:45.08,462.22,Store Credit,Delivered
ORD101777,CUST00649,2026-07-06,PROD0013:5:24.34|PROD0192:2:129.12,379.94,Apple Pay,Delivered
ORD101778,CUST00200,2025-10-13,PROD0022:1:55.37|PROD0084:2:98.15,251.67,PayPal,Delivered
ORD101779,CUST01012,2026-07-12,PROD0043:4:53.62,214.48,Visa,Delivered
ORD101780,CUST00015,2025-10-29,PROD0171:2:115.91,231.82,Amex,Shipped
ORD101781,CUST00572,2025-12-30,PROD0174:2:22.41,44.82,Visa,Shipped
ORD101782,CUST00670,2026-03-16,PROD0164:1:106.62,106.62,Store Credit,Shipped
ORD101783,CUST01030,2026-04-10,PROD0224:4:131.68,526.72,Visa,Shipped
ORD101784,CUST01102,2025-12-27,PROD0174:3:22.41|PROD0262:3:174.58|PROD0119:1:234.85,825.82,Mastercard,Delivered
ORD101785,CUST01121,2025-11-27,PROD0185:1:34.57,34.57,Mastercard,Delivered
ORD101786,CUST01094,2025-08-14,PROD0021:3:148.05,444.15,Amex,Delivered
ORD101787,CUST00935,2025-12-16,PROD0244:4:28.97|PROD0040:1:6.69|PROD0046:4:33.24,255.53,Amex,Delivered
ORD101788,CUST00522,2025-08-27,PROD0013:3:24.34,73.02,Store Credit,Shipped
ORD101789,CUST00763,2025-12-17,PROD0172:4:30.66|PROD0209:4:12.86|PROD0256:4:7.79,205.24,Visa,Delivered
ORD101790,CUST01025,2026-05-16,PROD0049:4:79.17,316.68,Amex,Delivered
ORD101791,CUST00717,2025-11-24,PROD0259:2:27.72,55.44,Apple Pay,Delivered
ORD101792,CUST00374,2026-04-28,PROD0289:5:44.66,223.3,Mastercard,Delivered
ORD101793,CUST00860,2026-07-23,PROD0009:2:31.16,62.32,Amex,Processing
ORD101794,CUST00334,2026-06-08,PROD0258:4:29.27,117.08,Mastercard,Out for Delivery
ORD101795,CUST00592,2026-03-19,PROD0286:2:11.4,22.8,PayPal,Delivered
ORD101796,CUST00853,2025-10-23,PROD0080:2:101.65|PROD0243:3:47.44,345.62,Mastercard,Returned
ORD101797,CUST00293,2026-02-25,PROD0126:3:82.81,248.43,Visa,Processing
ORD101798,CUST00480,2025-10-06,PROD0204:2:171.38,342.76,Apple Pay,Delivered
ORD101799,CUST01082,2026-05-10,PROD0112:2:112.59,225.18,Visa,Delivered
ORD101800,CUST01005,2025-10-13,PROD0054:4:55.49,221.96,Store Credit,Delivered
ORD101801,CUST00334,2025-09-09,PROD0273:2:84.74|PROD0154:3:191.73,744.67,Store Credit,Delivered
ORD101802,CUST01164,2026-06-23,PROD0129:3:19.99|PROD0199:2:192.45,444.87,Store Credit,Shipped
ORD101803,CUST01186,2026-06-11,PROD0254:3:110.83,332.49,Store Credit,Processing
ORD101804,CUST00738,2025-11-29,PROD0032:1:22.58|PROD0238:3:88.09|PROD0162:3:142.57,714.56,Apple Pay,Returned
ORD101805,CUST00638,2026-05-11,PROD0167:2:13.38,26.76,Visa,Returned
ORD101806,CUST00489,2026-03-31,PROD0197:2:10.66,21.32,Apple Pay,Delivered
ORD101807,CUST00957,2026-05-28,PROD0014:4:232.45,929.8,Store Credit,Processing
ORD101808,CUST00069,2026-03-15,PROD0053:5:30.53|PROD0076:4:22.51|PROD0033:5:50.93,497.34,Apple Pay,Returned
ORD101809,CUST00909,2026-05-23,PROD0056:2:242.05,484.1,Mastercard,Delivered
ORD101810,CUST00985,2025-10-22,PROD0278:5:43.45|PROD0213:2:69.08,355.41,Visa,Shipped
ORD101811,CUST01025,2026-03-23,PROD0195:5:16.36|PROD0232:3:130.11,472.13,Visa,Delivered
ORD101812,CUST01058,2025-08-06,PROD0115:2:182.29|PROD0251:2:9.74,384.06,Store Credit,Processing
ORD101813,CUST00139,2026-01-27,PROD0087:3:72.87|PROD0266:5:101.77,727.46,Store Credit,Processing
ORD101814,CUST00314,2026-07-02,PROD0224:2:131.68,263.36,PayPal,Cancelled
ORD101815,CUST01032,2025-10-25,PROD0015:3:33.9|PROD0175:4:37.15,250.3,PayPal,Delivered
ORD101816,CUST00745,2025-09-19,PROD0112:5:112.59,562.95,Apple Pay,Delivered
ORD101817,CUST00889,2025-08-12,PROD0272:4:27.45|PROD0183:5:73.54|PROD0283:4:33.8,612.7,Visa,Delivered
ORD101818,CUST00805,2025-08-07,PROD0168:1:193.82|PROD0042:1:241.7|PROD0088:1:38.76,474.28,Mastercard,Shipped
ORD101819,CUST01079,2025-08-10,PROD0067:5:11.15|PROD0143:3:209.56|PROD0177:1:58.87,743.3,Store Credit,Shipped
ORD101820,CUST01172,2026-06-23,PROD0233:5:82.05,410.25,PayPal,Delivered
ORD101821,CUST00517,2026-05-12,PROD0181:1:4.29|PROD0080:2:101.65|PROD0170:2:12.14,231.87,Apple Pay,Returned
ORD101822,CUST00363,2025-10-24,PROD0246:5:61.05|PROD0090:4:15.79|PROD0141:3:98.61,664.24,Mastercard,Cancelled
ORD101823,CUST00814,2026-04-10,PROD0300:5:18.47,92.35,Mastercard,Shipped
ORD101824,CUST00110,2025-12-11,PROD0176:1:106.09|PROD0293:2:26.46,159.01,PayPal,Delivered
ORD101825,CUST01078,2026-07-10,PROD0247:2:72.46|PROD0193:5:29.24|PROD0127:3:12.52|PROD0171:4:115.91,792.32,Mastercard,Delivered
ORD101826,CUST00052,2025-08-10,PROD0126:2:82.81,165.62,PayPal,Delivered
ORD101827,CUST00767,2026-06-28,PROD0179:5:22.52,112.6,Mastercard,Cancelled
ORD101828,CUST01130,2026-04-15,PROD0053:5:30.53,152.65,Visa,Delivered
ORD101829,CUST00598,2025-12-21,PROD0155:2:146.86,293.72,PayPal,Delivered
ORD101830,CUST00631,2026-05-02,PROD0082:1:33.12,33.12,Mastercard,Delivered
ORD101831,CUST00932,2025-11-29,PROD0176:3:106.09|PROD0234:3:120.92|PROD0194:3:48.76,827.31,Store Credit,Delivered
ORD101832,CUST00215,2025-09-24,PROD0026:2:54.92,109.84,Mastercard,Delivered
ORD101833,CUST00382,2025-10-07,PROD0128:2:112.67,225.34,Visa,Out for Delivery
ORD101834,CUST00864,2025-08-13,PROD0074:4:30.72,122.88,PayPal,Delivered
ORD101835,CUST00247,2025-12-29,PROD0260:4:135.73,542.92,Visa,Delivered
ORD101836,CUST00480,2026-05-22,PROD0028:2:89.71,179.42,Visa,Shipped
ORD101837,CUST00869,2025-11-24,PROD0185:5:34.57|PROD0260:2:135.73,444.31,Visa,Delivered
ORD101838,CUST00900,2026-05-27,PROD0154:3:191.73|PROD0184:5:76.1|PROD0043:5:53.62|PROD0197:1:10.66,1234.45,Apple Pay,Processing
ORD101839,CUST00757,2026-02-16,PROD0151:4:13.08|PROD0153:3:32.56,150.0,Mastercard,Processing
ORD101840,CUST00647,2025-08-02,PROD0038:3:153.69,461.07,Mastercard,Delivered
ORD101841,CUST00142,2026-04-13,PROD0250:1:8.48|PROD0178:1:137.06,145.54,Amex,Cancelled
ORD101842,CUST00494,2026-06-10,PROD0117:4:34.38|PROD0217:2:240.36,618.24,Amex,Processing
ORD101843,CUST00263,2026-04-13,PROD0030:1:27.16|PROD0159:4:20.43,108.88,Apple Pay,Delivered
ORD101844,CUST00134,2025-09-18,PROD0153:1:32.56,32.56,Store Credit,Processing
ORD101845,CUST00384,2026-07-15,PROD0198:3:74.76|PROD0138:4:18.75,299.28,Mastercard,Delivered
ORD101846,CUST00819,2026-04-06,PROD0258:1:29.27|PROD0174:3:22.41,96.5,PayPal,Out for Delivery
ORD101847,CUST00853,2025-09-09,PROD0213:3:69.08|PROD0287:1:49.41|PROD0299:5:56.12,537.25,Apple Pay,Delivered
ORD101848,CUST00551,2026-02-26,PROD0037:2:94.05,188.1,Amex,Delivered
ORD101849,CUST01047,2025-10-14,PROD0207:1:26.58,26.58,Visa,Shipped
ORD101850,CUST00631,2026-01-01,PROD0293:5:26.46,132.3,PayPal,Shipped
ORD101851,CUST00745,2025-08-25,PROD0105:4:114.17,456.68,Mastercard,Shipped
ORD101852,CUST00514,2025-10-06,PROD0208:5:29.11,145.55,Visa,Cancelled
ORD101853,CUST00751,2025-11-11,PROD0047:2:58.31|PROD0293:4:26.46|PROD0258:1:29.27|PROD0218:5:151.18,1007.63,Amex,Delivered
ORD101854,CUST00402,2026-01-24,PROD0106:3:116.2,348.6,Amex,Delivered
ORD101855,CUST00327,2026-03-27,PROD0112:2:112.59,225.18,Store Credit,Delivered
ORD101856,CUST00520,2026-01-20,PROD0042:5:241.7|PROD0060:2:25.69|PROD0286:1:11.4,1271.28,Store Credit,Returned
ORD101857,CUST00110,2026-01-17,PROD0033:1:50.93,50.93,Mastercard,Delivered
ORD101858,CUST00520,2026-02-15,PROD0156:2:41.63|PROD0246:5:61.05,388.51,Mastercard,Delivered
ORD101859,CUST00701,2026-04-07,PROD0089:1:58.99|PROD0143:2:209.56,478.11,Mastercard,Delivered
ORD101860,CUST00918,2026-07-17,PROD0232:1:130.11,130.11,Amex,Shipped
ORD101861,CUST00839,2025-09-02,PROD0204:3:171.38,514.14,Store Credit,Delivered
ORD101862,CUST01183,2025-10-24,PROD0038:3:153.69|PROD0168:5:193.82|PROD0062:4:20.08,1510.49,PayPal,Delivered
ORD101863,CUST00115,2025-10-08,PROD0086:2:41.13,82.26,PayPal,Processing
ORD101864,CUST00588,2026-06-30,PROD0138:5:18.75,93.75,Visa,Out for Delivery
ORD101865,CUST00656,2026-03-21,PROD0210:4:78.45,313.8,Mastercard,Delivered
ORD101866,CUST01194,2025-09-14,PROD0178:4:137.06|PROD0205:5:97.84,1037.44,Mastercard,Delivered
ORD101867,CUST01187,2025-12-22,PROD0236:1:37.87,37.87,Visa,Delivered
ORD101868,CUST00446,2025-08-20,PROD0225:1:129.56|PROD0070:2:207.26|PROD0001:2:121.73|PROD0072:5:70.01,1137.59,Visa,Returned
ORD101869,CUST00193,2026-03-13,PROD0009:2:31.16,62.32,Mastercard,Shipped
ORD101870,CUST00355,2026-06-22,PROD0002:3:96.62,289.86,Amex,Delivered
ORD101871,CUST00090,2026-02-15,PROD0104:4:24.87|PROD0125:3:19.13|PROD0039:5:35.25,333.12,Apple Pay,Delivered
ORD101872,CUST00677,2025-11-15,PROD0070:2:207.26|PROD0091:3:94.44|PROD0217:3:240.36|PROD0215:4:59.37,1656.4,Visa,Processing
ORD101873,CUST00777,2026-01-13,PROD0157:1:160.75,160.75,Amex,Delayed
ORD101874,CUST01049,2026-05-22,PROD0018:2:13.24|PROD0231:5:10.76,80.28,Amex,Shipped
ORD101875,CUST00499,2026-02-20,PROD0119:1:234.85|PROD0294:5:28.58,377.75,Visa,Shipped
ORD101876,CUST00052,2025-09-23,PROD0007:3:167.26,501.78,Apple Pay,Delivered
ORD101877,CUST00821,2026-05-24,PROD0101:5:170.06|PROD0181:3:4.29,863.17,Visa,Delayed
ORD101878,CUST00407,2026-06-13,PROD0019:2:32.14|PROD0117:2:34.38,133.04,Apple Pay,Shipped
ORD101879,CUST01073,2026-05-21,PROD0037:2:94.05|PROD0104:5:24.87|PROD0159:5:20.43|PROD0009:4:31.16,539.24,Store Credit,Shipped
ORD101880,CUST00126,2025-11-29,PROD0292:2:56.02,112.04,Apple Pay,Shipped
ORD101881,CUST00267,2026-01-04,PROD0283:1:33.8|PROD0167:2:13.38,60.56,Visa,Delivered
ORD101882,CUST00832,2026-03-18,PROD0070:5:207.26,1036.3,Mastercard,Shipped
ORD101883,CUST00949,2026-06-14,PROD0096:1:50.63|PROD0122:2:113.13,276.89,PayPal,Delivered
ORD101884,CUST00386,2026-03-28,PROD0090:3:15.79|PROD0194:3:48.76,193.65,PayPal,Processing
ORD101885,CUST01074,2026-02-22,PROD0213:4:69.08,276.32,Apple Pay,Returned
ORD101886,CUST00767,2026-01-27,PROD0154:3:191.73,575.19,Store Credit,Out for Delivery
ORD101887,CUST00409,2026-05-19,PROD0058:1:90.72|PROD0267:1:85.78|PROD0188:3:10.76|PROD0054:4:55.49,430.74,Mastercard,Delivered
ORD101888,CUST01013,2025-08-17,PROD0031:5:213.56|PROD0212:1:40.49,1108.29,Store Credit,Returned
ORD101889,CUST00364,2026-04-04,PROD0220:1:35.61,35.61,Apple Pay,Delivered
ORD101890,CUST01184,2025-10-15,PROD0185:2:34.57,69.14,Amex,Delivered
ORD101891,CUST01087,2026-06-21,PROD0099:5:133.23,666.15,Apple Pay,Shipped
ORD101892,CUST00651,2026-07-08,PROD0083:5:12.63,63.15,PayPal,Cancelled
ORD101893,CUST00007,2025-12-05,PROD0093:2:119.59,239.18,Visa,Shipped
ORD101894,CUST00572,2025-11-03,PROD0080:3:101.65|PROD0092:1:55.86|PROD0293:2:26.46,413.73,Apple Pay,Returned
ORD101895,CUST01158,2025-12-05,PROD0049:3:79.17|PROD0257:3:46.24|PROD0185:3:34.57,479.94,Store Credit,Delivered
ORD101896,CUST00711,2026-02-20,PROD0104:2:24.87,49.74,PayPal,Shipped
ORD101897,CUST00547,2026-04-13,PROD0224:1:131.68|PROD0072:2:70.01,271.7,Apple Pay,Delivered
ORD101898,CUST00745,2025-11-14,PROD0198:1:74.76,74.76,Store Credit,Out for Delivery
ORD101899,CUST00767,2026-04-22,PROD0149:4:111.96|PROD0203:2:248.58,945.0,Visa,Delivered
ORD101900,CUST00869,2026-02-16,PROD0078:2:167.27|PROD0264:4:25.7|PROD0008:3:165.66|PROD0121:5:31.31,1090.87,Amex,Delivered
ORD101901,CUST01199,2026-07-27,PROD0018:2:13.24,26.48,Visa,Returned
ORD101902,CUST00763,2025-10-11,PROD0186:3:24.16,72.48,Amex,Delivered
ORD101903,CUST00891,2025-09-21,PROD0262:5:174.58|PROD0160:4:27.79,984.06,PayPal,Delivered
ORD101904,CUST00901,2026-06-21,PROD0135:5:13.02,65.1,Mastercard,Out for Delivery
ORD101905,CUST00967,2026-02-28,PROD0252:5:79.63,398.15,Amex,Shipped
ORD101906,CUST00767,2026-07-14,PROD0109:5:29.51,147.55,Amex,Shipped
ORD101907,CUST00951,2025-10-25,PROD0192:2:129.12|PROD0013:2:24.34,306.92,Visa,Out for Delivery
ORD101908,CUST00860,2025-11-26,PROD0102:3:10.54|PROD0063:4:122.4|PROD0256:5:7.79|PROD0042:3:241.7,1285.27,Apple Pay,Delivered
ORD101909,CUST00045,2025-10-30,PROD0282:1:114.39,114.39,Apple Pay,Delivered
ORD101910,CUST00324,2026-02-28,PROD0086:1:41.13|PROD0172:3:30.66,133.11,PayPal,Processing
ORD101911,CUST00279,2025-12-19,PROD0033:5:50.93|PROD0119:3:234.85,959.2,Mastercard,Delivered
ORD101912,CUST00334,2025-10-15,PROD0123:2:38.34|PROD0288:5:79.59,474.63,Amex,Returned
ORD101913,CUST00463,2025-12-13,PROD0288:3:79.59,238.77,Visa,Processing
ORD101914,CUST00967,2026-04-23,PROD0131:1:11.48,11.48,PayPal,Delivered
ORD101915,CUST00682,2025-08-28,PROD0140:4:235.93|PROD0262:1:174.58,1118.3,Visa,Delivered
ORD101916,CUST00790,2026-06-09,PROD0130:3:30.13,90.39,Store Credit,Delivered
ORD101917,CUST00981,2026-07-30,PROD0103:3:35.6,106.8,Store Credit,Delivered
ORD101918,CUST00063,2026-06-01,PROD0194:1:48.76,48.76,Mastercard,Delivered
ORD101919,CUST00749,2025-08-02,PROD0279:2:19.87|PROD0001:4:121.73,526.66,Mastercard,Shipped
ORD101920,CUST00564,2026-02-01,PROD0010:2:98.26,196.52,Apple Pay,Delivered
ORD101921,CUST00110,2025-08-25,PROD0051:4:43.91,175.64,PayPal,Delivered
ORD101922,CUST00700,2026-02-12,PROD0081:5:27.98|PROD0264:2:25.7|PROD0118:1:5.27,196.57,Store Credit,Delivered
ORD101923,CUST00768,2026-01-23,PROD0287:4:49.41,197.64,Amex,Cancelled
ORD101924,CUST00062,2025-09-15,PROD0251:3:9.74,29.22,Amex,Delivered
ORD101925,CUST00082,2026-05-20,PROD0235:3:35.87|PROD0274:4:126.5|PROD0035:3:186.35|PROD0159:5:20.43,1274.81,PayPal,Delivered
ORD101926,CUST00400,2026-02-20,PROD0298:1:12.54,12.54,Store Credit,Cancelled
ORD101927,CUST00042,2025-12-27,PROD0255:5:175.96|PROD0161:3:19.26|PROD0220:2:35.61,1008.8,Apple Pay,Delivered
ORD101928,CUST00303,2026-05-21,PROD0199:5:192.45|PROD0164:4:106.62,1388.73,PayPal,Delivered
ORD101929,CUST00270,2026-03-12,PROD0215:4:59.37|PROD0231:3:10.76|PROD0057:4:37.8|PROD0075:2:42.82,506.6,Visa,Shipped
ORD101930,CUST01094,2026-04-16,PROD0085:3:87.79,263.37,Apple Pay,Shipped
ORD101931,CUST00713,2026-07-11,PROD0172:2:30.66|PROD0189:1:116.79|PROD0099:3:133.23|PROD0239:2:87.92,753.64,PayPal,Delivered
ORD101932,CUST00045,2026-04-08,PROD0223:1:26.93|PROD0131:3:11.48|PROD0281:3:37.35,173.42,Visa,Delivered
ORD101933,CUST00735,2025-09-30,PROD0217:3:240.36,721.08,Visa,Returned
ORD101934,CUST01074,2025-11-12,PROD0133:5:32.07|PROD0249:5:9.97,210.2,Amex,Delivered
ORD101935,CUST00751,2026-04-16,PROD0237:4:10.39|PROD0287:1:49.41|PROD0125:1:19.13,110.1,Amex,Delayed
ORD101936,CUST00314,2025-11-06,PROD0002:4:96.62|PROD0055:3:32.88,485.12,Apple Pay,Cancelled
ORD101937,CUST00790,2025-10-18,PROD0031:1:213.56,213.56,Mastercard,Delivered
ORD101938,CUST00735,2025-07-30,PROD0080:4:101.65,406.6,Apple Pay,Shipped
ORD101939,CUST00083,2025-12-28,PROD0235:2:35.87,71.74,Store Credit,Shipped
ORD101940,CUST00267,2025-10-23,PROD0225:3:129.56|PROD0018:3:13.24|PROD0074:2:30.72,489.84,PayPal,Returned
ORD101941,CUST00559,2026-04-03,PROD0215:1:59.37,59.37,PayPal,Delayed
ORD101942,CUST00896,2026-01-09,PROD0180:2:13.81|PROD0017:4:145.85,611.02,Mastercard,Cancelled
ORD101943,CUST01052,2026-06-14,PROD0242:2:23.74|PROD0116:2:9.23|PROD0048:1:19.97,85.91,Apple Pay,Processing
ORD101944,CUST00092,2026-03-09,PROD0166:3:36.87,110.61,Amex,Out for Delivery
ORD101945,CUST00756,2026-07-24,PROD0257:4:46.24,184.96,PayPal,Cancelled
ORD101946,CUST01048,2026-02-02,PROD0035:5:186.35|PROD0123:1:38.34,970.09,PayPal,Returned
ORD101947,CUST01180,2026-02-05,PROD0057:3:37.8,113.4,PayPal,Delivered
ORD101948,CUST00321,2026-06-13,PROD0019:4:32.14|PROD0288:3:79.59|PROD0205:3:97.84|PROD0273:1:84.74,745.59,Mastercard,Delivered
ORD101949,CUST00083,2026-02-19,PROD0221:1:21.66,21.66,Apple Pay,Delivered
ORD101950,CUST00774,2026-05-26,PROD0229:5:30.85|PROD0186:2:24.16|PROD0039:4:35.25,343.57,Amex,Cancelled
ORD101951,CUST00673,2025-09-02,PROD0089:3:58.99|PROD0233:3:82.05|PROD0102:3:10.54,454.74,Visa,Shipped
ORD101952,CUST00562,2026-02-28,PROD0204:4:171.38|PROD0142:1:68.42,753.94,Apple Pay,Delivered
ORD101953,CUST01045,2025-09-16,PROD0002:1:96.62|PROD0055:2:32.88|PROD0139:5:31.77|PROD0271:4:9.6,359.63,Store Credit,Delivered
ORD101954,CUST00823,2026-04-19,PROD0128:1:112.67,112.67,Store Credit,Processing
ORD101955,CUST00663,2026-04-19,PROD0007:3:167.26,501.78,Store Credit,Delayed
ORD101956,CUST00052,2026-01-20,PROD0284:4:36.34|PROD0058:2:90.72|PROD0025:3:16.49|PROD0174:5:22.41,488.32,Apple Pay,Processing
ORD101957,CUST00384,2026-05-28,PROD0095:2:26.42|PROD0055:1:32.88,85.72,Apple Pay,Delivered
ORD101958,CUST00596,2026-03-07,PROD0217:1:240.36|PROD0133:2:32.07|PROD0074:3:30.72|PROD0259:5:27.72,535.26,Mastercard,Shipped
ORD101959,CUST00499,2025-10-26,PROD0297:2:171.88,343.76,Mastercard,Delivered
ORD101960,CUST01183,2025-09-29,PROD0201:4:12.0|PROD0182:5:235.58,1225.9,Mastercard,Shipped
ORD101961,CUST01167,2026-07-10,PROD0149:4:111.96|PROD0052:3:62.04,633.96,Store Credit,Delivered
ORD101962,CUST00749,2025-12-15,PROD0283:3:33.8|PROD0251:1:9.74|PROD0198:2:74.76,260.66,Mastercard,Delivered
ORD101963,CUST00514,2026-04-14,PROD0166:2:36.87|PROD0259:5:27.72,212.34,Visa,Delivered
ORD101964,CUST01149,2026-04-19,PROD0290:5:105.75,528.75,Visa,Cancelled
ORD101965,CUST01048,2026-03-08,PROD0191:5:66.03|PROD0196:2:161.82,653.79,Apple Pay,Delivered
ORD101966,CUST00768,2025-11-27,PROD0090:4:15.79,63.16,Amex,Delivered
ORD101967,CUST00326,2025-10-06,PROD0010:4:98.26|PROD0046:1:33.24|PROD0233:1:82.05,508.33,Store Credit,Delivered
ORD101968,CUST00572,2025-12-23,PROD0115:3:182.29,546.87,Amex,Out for Delivery
ORD101969,CUST00560,2026-07-23,PROD0271:4:9.6,38.4,Apple Pay,Delayed
ORD101970,CUST00076,2026-06-19,PROD0027:1:8.85,8.85,Visa,Delivered
ORD101971,CUST00686,2025-09-11,PROD0229:4:30.85|PROD0241:5:95.92,603.0,Apple Pay,Processing
ORD101972,CUST00822,2025-12-21,PROD0167:2:13.38,26.76,Store Credit,Shipped
ORD101973,CUST00367,2026-03-20,PROD0186:4:24.16,96.64,Visa,Out for Delivery
ORD101974,CUST00578,2026-04-25,PROD0018:2:13.24,26.48,Mastercard,Processing
ORD101975,CUST00647,2026-02-17,PROD0274:5:126.5|PROD0251:5:9.74,681.2,Mastercard,Cancelled
ORD101976,CUST00033,2026-07-06,PROD0170:5:12.14,60.7,Mastercard,Processing
ORD101977,CUST00949,2026-05-30,PROD0244:1:28.97,28.97,Store Credit,Cancelled
ORD101978,CUST00501,2026-07-14,PROD0270:2:25.5|PROD0175:2:37.15,125.3,Visa,Shipped
ORD101979,CUST00972,2026-05-29,PROD0211:1:15.2|PROD0228:5:11.51|PROD0232:5:130.11|PROD0269:5:144.62,1446.4,Mastercard,Processing
ORD101980,CUST00161,2025-11-22,PROD0167:5:13.38|PROD0149:2:111.96|PROD0168:1:193.82,484.64,Store Credit,Delivered
ORD101981,CUST00355,2025-11-16,PROD0293:4:26.46,105.84,Apple Pay,Delivered
ORD101982,CUST00745,2026-06-18,PROD0070:1:207.26,207.26,Apple Pay,Delivered
ORD101983,CUST01120,2026-02-23,PROD0030:2:27.16|PROD0203:3:248.58,800.06,PayPal,Delivered
ORD101984,CUST00551,2026-07-08,PROD0008:3:165.66|PROD0262:3:174.58|PROD0005:5:41.87|PROD0001:4:121.73,1716.99,Amex,Cancelled
ORD101985,CUST00784,2026-04-03,PROD0151:3:13.08|PROD0202:2:14.1|PROD0217:5:240.36,1269.24,Store Credit,Delivered
ORD101986,CUST00131,2025-10-30,PROD0132:2:14.3|PROD0106:3:116.2,377.2,PayPal,Delivered
ORD101987,CUST00821,2025-10-04,PROD0172:5:30.66,153.3,Amex,Delayed
ORD101988,CUST00336,2026-03-31,PROD0094:5:136.82,684.1,PayPal,Delivered
ORD101989,CUST00560,2026-03-29,PROD0047:4:58.31,233.24,Mastercard,Delivered
ORD101990,CUST00104,2025-11-18,PROD0101:4:170.06,680.24,Store Credit,Returned
ORD101991,CUST00778,2026-04-06,PROD0006:4:6.78,27.12,Visa,Returned
ORD101992,CUST00791,2025-12-14,PROD0213:1:69.08|PROD0037:3:94.05|PROD0094:5:136.82|PROD0194:5:48.76,1279.13,PayPal,Delivered
ORD101993,CUST00551,2025-12-29,PROD0298:1:12.54,12.54,Visa,Shipped
ORD101994,CUST01058,2025-11-09,PROD0061:1:25.67,25.67,Visa,Delivered
ORD101995,CUST00319,2026-02-01,PROD0101:2:170.06|PROD0244:5:28.97,484.97,Mastercard,Delivered
ORD101996,CUST00790,2026-01-17,PROD0265:5:21.16,105.8,Visa,Shipped
ORD101997,CUST00375,2026-03-31,PROD0066:5:117.07,585.35,Apple Pay,Delivered
ORD101998,CUST00972,2025-12-04,PROD0280:5:218.73,1093.65,Amex,Delivered
ORD101999,CUST00745,2026-06-25,PROD0181:4:4.29,17.16,PayPal,Processing
ORD102000,CUST00059,2026-02-01,PROD0081:2:27.98,55.96,Amex,Delivered
ORD102001,CUST00896,2025-11-06,PROD0078:2:167.27,334.54,Apple Pay,Shipped
ORD102002,CUST00092,2026-04-25,PROD0054:2:55.49|PROD0192:3:129.12,498.34,Store Credit,Processing
ORD102003,CUST00970,2026-04-04,PROD0211:3:15.2|PROD0270:4:25.5|PROD0159:3:20.43|PROD0256:3:7.79,232.26,PayPal,Delivered
ORD102004,CUST00252,2026-05-07,PROD0026:4:54.92|PROD0270:3:25.5|PROD0280:4:218.73|PROD0277:3:30.38,1262.24,Amex,Processing
ORD102005,CUST00694,2026-05-03,PROD0007:3:167.26,501.78,Visa,Shipped
ORD102006,CUST00848,2025-11-15,PROD0281:4:37.35,149.4,PayPal,Delivered
ORD102007,CUST01120,2026-03-14,PROD0294:4:28.58,114.32,Mastercard,Returned
ORD102008,CUST01070,2026-01-22,PROD0112:4:112.59,450.36,Store Credit,Delivered
ORD102009,CUST00237,2026-06-02,PROD0164:1:106.62,106.62,Mastercard,Delivered
ORD102010,CUST00848,2026-04-05,PROD0210:4:78.45,313.8,Store Credit,Delivered
ORD102011,CUST00475,2026-02-14,PROD0105:5:114.17,570.85,Store Credit,Delivered
ORD102012,CUST00742,2026-03-18,PROD0058:5:90.72,453.6,Amex,Shipped
ORD102013,CUST00981,2026-03-31,PROD0143:2:209.56,419.12,Mastercard,Delivered
ORD102014,CUST00334,2025-09-05,PROD0042:5:241.7|PROD0281:5:37.35,1395.25,Amex,Delivered
ORD102015,CUST00060,2025-12-23,PROD0059:4:125.94,503.76,Amex,Delivered
ORD102016,CUST01118,2025-11-01,PROD0065:4:99.72,398.88,Mastercard,Delivered
ORD102017,CUST00480,2025-11-06,PROD0189:5:116.79|PROD0242:5:23.74|PROD0161:1:19.26,721.91,Mastercard,Shipped
ORD102018,CUST00110,2026-04-06,PROD0167:5:13.38|PROD0241:5:95.92,546.5,Apple Pay,Delivered
ORD102019,CUST00934,2025-11-19,PROD0264:4:25.7|PROD0127:4:12.52,152.88,Store Credit,Delivered
ORD102020,CUST00114,2026-07-16,PROD0143:1:209.56|PROD0187:4:21.11,294.0,Store Credit,Processing
ORD102021,CUST00532,2025-08-12,PROD0009:5:31.16|PROD0227:2:148.49,452.78,Apple Pay,Processing
ORD102022,CUST00829,2026-01-28,PROD0265:2:21.16,42.32,PayPal,Delivered
ORD102023,CUST00514,2025-09-02,PROD0164:2:106.62,213.24,Apple Pay,Shipped
ORD102024,CUST00181,2026-07-08,PROD0004:4:9.47,37.88,Amex,Delivered
ORD102025,CUST00381,2025-11-18,PROD0190:1:68.53|PROD0018:3:13.24|PROD0233:1:82.05,190.3,Visa,Processing
ORD102026,CUST00396,2026-03-16,PROD0066:5:117.07,585.35,PayPal,Delivered
ORD102027,CUST01067,2026-01-16,PROD0292:5:56.02,280.1,Visa,Processing
ORD102028,CUST00237,2026-05-19,PROD0044:2:79.04,158.08,PayPal,Delivered
ORD102029,CUST01084,2026-02-05,PROD0018:4:13.24,52.96,Apple Pay,Shipped
ORD102030,CUST00768,2026-02-17,PROD0212:1:40.49,40.49,PayPal,Returned
ORD102031,CUST00628,2025-07-31,PROD0227:4:148.49,593.96,Mastercard,Cancelled
ORD102032,CUST01048,2025-12-27,PROD0169:5:47.11,235.55,Apple Pay,Out for Delivery
ORD102033,CUST00245,2026-04-04,PROD0185:4:34.57,138.28,Visa,Shipped
ORD102034,CUST00686,2026-03-26,PROD0156:2:41.63|PROD0297:1:171.88,255.14,Visa,Delivered
ORD102035,CUST00965,2025-08-07,PROD0226:1:121.6|PROD0183:1:73.54,195.14,Amex,Delivered
ORD102036,CUST00083,2026-05-18,PROD0020:3:33.7|PROD0197:5:10.66,154.4,Store Credit,Processing
ORD102037,CUST00354,2026-06-27,PROD0260:1:135.73,135.73,Mastercard,Cancelled
ORD102038,CUST00807,2025-11-15,PROD0207:4:26.58|PROD0150:2:90.15,286.62,Amex,Cancelled
ORD102039,CUST00215,2026-04-17,PROD0050:5:15.03|PROD0249:2:9.97|PROD0020:2:33.7,162.49,Amex,Delivered
ORD102040,CUST00072,2025-12-10,PROD0281:1:37.35,37.35,Apple Pay,Delivered
ORD102041,CUST00288,2026-02-07,PROD0225:1:129.56,129.56,Store Credit,Shipped
ORD102042,CUST00901,2025-11-24,PROD0280:5:218.73|PROD0151:1:13.08|PROD0195:2:16.36,1139.45,Amex,Shipped
ORD102043,CUST00758,2026-03-11,PROD0080:3:101.65,304.95,Visa,Delivered
ORD102044,CUST01197,2026-01-27,PROD0300:3:18.47|PROD0159:1:20.43|PROD0251:5:9.74|PROD0144:1:37.09,161.63,Apple Pay,Shipped
ORD102045,CUST00860,2026-04-09,PROD0218:1:151.18,151.18,Mastercard,Cancelled
ORD102046,CUST00900,2025-09-10,PROD0130:4:30.13,120.52,PayPal,Delivered
ORD102047,CUST00172,2025-12-10,PROD0177:5:58.87,294.35,Mastercard,Processing
ORD102048,CUST00686,2026-02-27,PROD0147:3:129.73|PROD0189:1:116.79,505.98,Store Credit,Out for Delivery
ORD102049,CUST00277,2025-08-09,PROD0281:4:37.35|PROD0099:2:133.23,415.86,Amex,Shipped
ORD102050,CUST00384,2026-04-04,PROD0062:3:20.08,60.24,Amex,Delivered
ORD102051,CUST00363,2026-01-26,PROD0045:5:17.66,88.3,PayPal,Delivered
ORD102052,CUST00738,2026-01-22,PROD0005:5:41.87,209.35,Amex,Out for Delivery
ORD102053,CUST00821,2026-05-03,PROD0032:5:22.58,112.9,Apple Pay,Cancelled
ORD102054,CUST00353,2026-07-21,PROD0081:4:27.98,111.92,PayPal,Delivered
ORD102055,CUST00293,2025-12-04,PROD0241:2:95.92,191.84,Mastercard,Delivered
ORD102056,CUST01039,2026-06-09,PROD0260:5:135.73,678.65,Store Credit,Delayed
ORD102057,CUST00593,2025-12-14,PROD0100:2:81.87|PROD0038:4:153.69,778.5,Apple Pay,Delivered
ORD102058,CUST00010,2026-07-16,PROD0208:4:29.11,116.44,Apple Pay,Cancelled
ORD102059,CUST00070,2025-11-02,PROD0039:4:35.25,141.0,Apple Pay,Delivered
ORD102060,CUST00241,2025-11-13,PROD0274:2:126.5|PROD0114:2:67.83,388.66,Amex,Delivered
ORD102061,CUST01120,2025-08-04,PROD0217:2:240.36,480.72,Visa,Shipped
ORD102062,CUST00735,2026-07-07,PROD0289:1:44.66|PROD0248:3:78.55|PROD0279:4:19.87,359.79,Visa,Delivered
ORD102063,CUST00367,2025-11-27,PROD0181:3:4.29|PROD0031:4:213.56,867.11,Mastercard,Delivered
ORD102064,CUST00690,2025-09-21,PROD0282:4:114.39|PROD0075:1:42.82,500.38,Mastercard,Returned
ORD102065,CUST01070,2026-01-11,PROD0298:4:12.54|PROD0255:2:175.96|PROD0010:5:98.26,893.38,Visa,Cancelled
ORD102066,CUST00532,2026-03-31,PROD0095:5:26.42|PROD0217:4:240.36,1093.54,Amex,Delivered
ORD102067,CUST00241,2026-03-13,PROD0242:4:23.74|PROD0101:1:170.06|PROD0028:3:89.71|PROD0270:2:25.5,585.15,Mastercard,Shipped
ORD102068,CUST00686,2026-07-05,PROD0204:1:171.38,171.38,Apple Pay,Delivered
ORD102069,CUST00007,2025-11-23,PROD0170:2:12.14,24.28,Mastercard,Delivered
ORD102070,CUST00356,2026-05-29,PROD0128:3:112.67|PROD0282:4:114.39,795.57,Amex,Processing
ORD102071,CUST00350,2025-09-11,PROD0206:3:37.39,112.17,Amex,Delivered
ORD102072,CUST00559,2026-04-23,PROD0180:3:13.81,41.43,Apple Pay,Returned
ORD102073,CUST01048,2026-04-11,PROD0017:1:145.85|PROD0298:2:12.54,170.93,Mastercard,Delivered
ORD102074,CUST00027,2025-09-24,PROD0192:4:129.12|PROD0216:3:7.93|PROD0298:1:12.54,552.81,Visa,Delivered
ORD102075,CUST00107,2026-03-09,PROD0090:4:15.79,63.16,Store Credit,Delivered
ORD102076,CUST00683,2025-11-23,PROD0195:1:16.36,16.36,Store Credit,Delivered
ORD102077,CUST00514,2026-06-03,PROD0152:4:34.78|PROD0163:3:76.48,368.56,Visa,Delivered
ORD102078,CUST00092,2025-11-26,PROD0081:2:27.98|PROD0214:3:21.47,120.37,Visa,Shipped
ORD102079,CUST00670,2025-10-14,PROD0270:4:25.5|PROD0193:1:29.24,131.24,PayPal,Delivered
ORD102080,CUST00751,2026-03-15,PROD0148:1:59.66,59.66,Store Credit,Out for Delivery
ORD102081,CUST00958,2026-04-09,PROD0253:4:45.08|PROD0179:1:22.52|PROD0084:3:98.15,497.29,Store Credit,Shipped
ORD102082,CUST00233,2025-09-15,PROD0084:3:98.15,294.45,Amex,Delivered
ORD102083,CUST00711,2025-11-11,PROD0241:3:95.92,287.76,Visa,Delivered
ORD102084,CUST00287,2025-08-01,PROD0004:1:9.47,9.47,Visa,Shipped
ORD102085,CUST01199,2025-08-17,PROD0065:4:99.72,398.88,Mastercard,Delivered
ORD102086,CUST00963,2026-05-26,PROD0217:3:240.36,721.08,Visa,Delivered
ORD102087,CUST00118,2026-07-28,PROD0225:3:129.56|PROD0284:1:36.34|PROD0077:1:34.86,459.88,Amex,Delivered
ORD102088,CUST00520,2026-03-29,PROD0150:4:90.15,360.6,Mastercard,Returned
ORD102089,CUST00602,2025-10-02,PROD0041:5:26.94|PROD0217:3:240.36,855.78,Mastercard,Delivered
ORD102090,CUST00866,2026-02-15,PROD0034:4:6.64,26.56,Amex,Delivered
ORD102091,CUST00554,2026-05-23,PROD0005:1:41.87|PROD0221:3:21.66,106.85,Amex,Shipped
ORD102092,CUST00957,2025-11-30,PROD0007:5:167.26|PROD0255:5:175.96,1716.1,Visa,Delayed
ORD102093,CUST00206,2026-04-25,PROD0008:3:165.66,496.98,Apple Pay,Delivered
ORD102094,CUST01052,2025-11-21,PROD0241:2:95.92,191.84,Store Credit,Delivered
ORD102095,CUST00157,2026-07-05,PROD0248:3:78.55|PROD0164:1:106.62|PROD0025:5:16.49,424.72,Visa,Delivered
ORD102096,CUST00901,2026-06-12,PROD0290:1:105.75,105.75,Apple Pay,Delivered
ORD102097,CUST01059,2025-10-16,PROD0259:1:27.72,27.72,Mastercard,Delivered
ORD102098,CUST00989,2025-12-14,PROD0196:2:161.82,323.64,Store Credit,Processing
ORD102099,CUST00873,2026-06-08,PROD0273:1:84.74,84.74,Mastercard,Delivered
ORD102100,CUST00329,2025-11-14,PROD0042:2:241.7,483.4,PayPal,Delivered
ORD102101,CUST01032,2026-03-22,PROD0134:2:178.43|PROD0048:3:19.97,416.77,PayPal,Processing
ORD102102,CUST00177,2025-11-03,PROD0162:4:142.57,570.28,PayPal,Delivered
ORD102103,CUST00981,2025-11-01,PROD0123:4:38.34,153.36,Amex,Delivered
ORD102104,CUST00675,2026-05-16,PROD0169:2:47.11,94.22,Apple Pay,Returned
ORD102105,CUST00889,2025-10-31,PROD0236:5:37.87,189.35,Mastercard,Delivered
ORD102106,CUST00314,2025-09-21,PROD0038:2:153.69,307.38,Visa,Out for Delivery
ORD102107,CUST00830,2026-05-21,PROD0269:3:144.62,433.86,Visa,Processing
ORD102108,CUST00365,2025-10-02,PROD0088:1:38.76,38.76,Mastercard,Shipped
ORD102109,CUST01180,2025-09-21,PROD0007:5:167.26,836.3,Store Credit,Returned
ORD102110,CUST00287,2026-05-09,PROD0193:1:29.24,29.24,Store Credit,Shipped
ORD102111,CUST01113,2025-12-31,PROD0279:5:19.87,99.35,Mastercard,Processing
ORD102112,CUST00740,2026-03-14,PROD0225:5:129.56|PROD0119:1:234.85,882.65,Mastercard,Delivered
ORD102113,CUST01115,2026-01-06,PROD0226:4:121.6,486.4,Visa,Cancelled
ORD102114,CUST00336,2025-11-26,PROD0165:2:38.86|PROD0260:2:135.73|PROD0266:3:101.77,654.49,Visa,Shipped
ORD102115,CUST00314,2025-08-28,PROD0070:4:207.26|PROD0274:4:126.5|PROD0144:5:37.09,1520.49,Mastercard,Returned
ORD102116,CUST00873,2025-12-27,PROD0121:2:31.31,62.62,PayPal,Processing
ORD102117,CUST00781,2026-02-25,PROD0253:1:45.08,45.08,Apple Pay,Shipped
ORD102118,CUST00439,2025-09-21,PROD0171:5:115.91|PROD0173:2:42.3|PROD0113:4:29.87|PROD0014:2:232.45,1248.53,Mastercard,Processing
ORD102119,CUST00773,2025-11-24,PROD0040:4:6.69,26.76,Mastercard,Delivered
ORD102120,CUST00030,2025-12-23,PROD0190:4:68.53|PROD0265:2:21.16|PROD0067:1:11.15|PROD0024:4:45.08,507.91,Amex,Delivered
ORD102121,CUST00500,2025-10-13,PROD0165:1:38.86,38.86,Amex,Processing
ORD102122,CUST01179,2026-07-03,PROD0172:4:30.66|PROD0113:4:29.87,242.12,Visa,Shipped
ORD102123,CUST00506,2026-07-03,PROD0012:1:54.17|PROD0120:5:80.47|PROD0161:1:19.26|PROD0165:5:38.86,670.08,PayPal,Shipped
ORD102124,CUST01104,2025-09-08,PROD0229:2:30.85|PROD0135:1:13.02|PROD0151:3:13.08,113.96,Apple Pay,Delivered
ORD102125,CUST00575,2025-08-03,PROD0090:1:15.79|PROD0025:4:16.49,81.75,Amex,Shipped
ORD102126,CUST00620,2026-01-24,PROD0276:4:75.04|PROD0027:4:8.85,335.56,Visa,Delivered
ORD102127,CUST01148,2025-08-05,PROD0151:1:13.08,13.08,Apple Pay,Delivered
ORD102128,CUST00686,2025-11-15,PROD0275:4:91.6,366.4,Amex,Delivered
ORD102129,CUST00565,2026-03-03,PROD0099:5:133.23,666.15,PayPal,Delivered
ORD102130,CUST00896,2026-02-11,PROD0191:1:66.03,66.03,Visa,Shipped
ORD102131,CUST00872,2026-03-11,PROD0037:1:94.05|PROD0255:4:175.96|PROD0132:3:14.3,840.79,PayPal,Delivered
ORD102132,CUST00873,2025-11-24,PROD0081:1:27.98|PROD0127:5:12.52,90.58,PayPal,Delivered
ORD102133,CUST00616,2025-12-26,PROD0215:3:59.37,178.11,Apple Pay,Delivered
ORD102134,CUST00552,2025-09-02,PROD0124:3:57.05|PROD0228:3:11.51|PROD0066:4:117.07,673.96,Store Credit,Returned
ORD102135,CUST00614,2026-04-27,PROD0295:1:56.15|PROD0157:5:160.75|PROD0011:3:22.2,926.5,Store Credit,Delivered
ORD102136,CUST00350,2026-03-31,PROD0245:4:74.39|PROD0204:4:171.38,983.08,Store Credit,Processing
ORD102137,CUST00400,2026-03-18,PROD0165:2:38.86,77.72,Mastercard,Delivered
ORD102138,CUST00768,2026-05-18,PROD0227:4:148.49,593.96,PayPal,Processing
ORD102139,CUST00826,2025-08-28,PROD0042:5:241.7|PROD0062:2:20.08,1248.66,Mastercard,Cancelled
ORD102140,CUST00981,2025-10-02,PROD0108:1:128.9,128.9,Store Credit,Delivered
ORD102141,CUST00967,2026-06-16,PROD0224:2:131.68,263.36,Apple Pay,Processing
ORD102142,CUST00889,2026-02-27,PROD0156:3:41.63,124.89,PayPal,Processing
ORD102143,CUST00228,2025-12-16,PROD0231:4:10.76,43.04,Visa,Returned
ORD102144,CUST00525,2026-06-11,PROD0276:3:75.04,225.12,Amex,Delivered
ORD102145,CUST01126,2025-12-14,PROD0173:4:42.3,169.2,Apple Pay,Delivered
ORD102146,CUST00821,2026-01-16,PROD0290:3:105.75,317.25,Visa,Returned
ORD102147,CUST00363,2026-07-09,PROD0285:4:33.77,135.08,Apple Pay,Delivered
ORD102148,CUST00126,2026-03-03,PROD0277:4:30.38|PROD0016:4:12.58|PROD0096:3:50.63,323.73,Mastercard,Delivered
ORD102149,CUST00886,2026-01-27,PROD0254:4:110.83,443.32,Amex,Out for Delivery
ORD102150,CUST00972,2026-05-26,PROD0099:4:133.23,532.92,Visa,Shipped
ORD102151,CUST00569,2026-02-13,PROD0179:5:22.52|PROD0219:4:122.77,603.68,PayPal,Shipped
ORD102152,CUST00972,2025-11-07,PROD0158:5:22.41,112.05,Mastercard,Delivered
ORD102153,CUST00571,2026-06-14,PROD0283:1:33.8,33.8,PayPal,Delivered
ORD102154,CUST00519,2025-08-19,PROD0055:5:32.88,164.4,PayPal,Delivered
ORD102155,CUST01087,2026-06-29,PROD0097:2:10.79,21.58,Apple Pay,Shipped
ORD102156,CUST00981,2025-10-16,PROD0149:2:111.96,223.92,Mastercard,Shipped
ORD102157,CUST00065,2026-04-01,PROD0282:3:114.39,343.17,Mastercard,Delivered
ORD102158,CUST00650,2026-03-19,PROD0039:2:35.25|PROD0206:3:37.39,182.67,Amex,Delivered
ORD102159,CUST00626,2026-07-10,PROD0262:4:174.58|PROD0126:2:82.81,863.94,Store Credit,Delivered
ORD102160,CUST00163,2025-10-25,PROD0224:5:131.68|PROD0227:4:148.49|PROD0085:4:87.79,1603.52,Store Credit,Delivered
ORD102161,CUST00339,2026-05-31,PROD0196:3:161.82,485.46,Apple Pay,Delivered
ORD102162,CUST01148,2025-10-10,PROD0011:3:22.2,66.6,Visa,Delivered
ORD102163,CUST01032,2025-12-04,PROD0093:4:119.59,478.36,Store Credit,Delivered
ORD102164,CUST00650,2026-05-24,PROD0108:1:128.9,128.9,Visa,Out for Delivery
ORD102165,CUST00188,2025-11-19,PROD0024:1:45.08,45.08,Apple Pay,Returned
ORD102166,CUST00670,2026-04-11,PROD0004:2:9.47|PROD0095:4:26.42|PROD0054:2:55.49|PROD0228:2:11.51,258.62,PayPal,Delayed
ORD102167,CUST00134,2025-10-18,PROD0283:5:33.8,169.0,Mastercard,Delayed
ORD102168,CUST00170,2025-12-15,PROD0219:2:122.77|PROD0207:3:26.58|PROD0028:1:89.71,414.99,Amex,Returned
ORD102169,CUST00935,2026-05-11,PROD0016:3:12.58|PROD0017:3:145.85,475.29,Amex,Delivered
ORD102170,CUST00955,2026-04-02,PROD0098:3:87.67,263.01,PayPal,Processing
ORD102171,CUST00896,2026-02-28,PROD0168:3:193.82,581.46,Amex,Cancelled
ORD102172,CUST00060,2026-03-28,PROD0140:2:235.93,471.86,PayPal,Delivered
ORD102173,CUST01008,2026-01-18,PROD0055:4:32.88|PROD0266:4:101.77|PROD0082:1:33.12,571.72,Amex,Processing
ORD102174,CUST00900,2025-09-17,PROD0189:5:116.79,583.95,Visa,Delivered
ORD102175,CUST00392,2026-02-20,PROD0281:4:37.35,149.4,Amex,Delayed
ORD102176,CUST00572,2025-10-08,PROD0134:4:178.43|PROD0075:4:42.82,885.0,Visa,Processing
ORD102177,CUST00790,2026-07-23,PROD0023:1:18.55,18.55,Visa,Delivered
ORD102178,CUST00052,2025-12-07,PROD0289:5:44.66,223.3,Mastercard,Delivered
ORD102179,CUST00446,2025-09-07,PROD0113:5:29.87|PROD0219:4:122.77|PROD0185:2:34.57,709.57,Mastercard,Out for Delivery
ORD102180,CUST00247,2026-03-22,PROD0166:1:36.87|PROD0020:4:33.7,171.67,Visa,Delivered
ORD102181,CUST00398,2026-01-31,PROD0053:5:30.53,152.65,PayPal,Shipped
ORD102182,CUST00363,2026-05-09,PROD0154:3:191.73|PROD0061:2:25.67,626.53,Apple Pay,Delivered
ORD102183,CUST00935,2026-03-24,PROD0144:5:37.09|PROD0028:1:89.71|PROD0269:2:144.62,564.4,Visa,Out for Delivery
ORD102184,CUST00499,2026-04-29,PROD0277:2:30.38|PROD0015:3:33.9|PROD0047:4:58.31|PROD0091:2:94.44,584.58,Mastercard,Delivered
ORD102185,CUST01102,2025-08-18,PROD0207:1:26.58|PROD0087:4:72.87,318.06,PayPal,Processing
ORD102186,CUST01183,2026-02-05,PROD0181:4:4.29|PROD0055:4:32.88|PROD0163:4:76.48|PROD0064:1:87.33,541.93,PayPal,Delivered
ORD102187,CUST00806,2025-10-05,PROD0125:5:19.13|PROD0193:4:29.24,212.61,Mastercard,Delivered
ORD102188,CUST00041,2026-02-13,PROD0010:5:98.26|PROD0225:4:129.56,1009.54,Apple Pay,Processing
ORD102189,CUST01020,2025-09-17,PROD0275:1:91.6|PROD0103:1:35.6|PROD0148:1:59.66,186.86,PayPal,Shipped
ORD102190,CUST00012,2025-12-18,PROD0116:3:9.23,27.69,Apple Pay,Delayed
ORD102191,CUST00518,2026-07-14,PROD0191:5:66.03,330.15,Amex,Processing
ORD102192,CUST00221,2026-06-07,PROD0162:3:142.57|PROD0284:4:36.34|PROD0125:1:19.13|PROD0030:2:27.16,646.52,Store Credit,Delivered
ORD102193,CUST00402,2025-08-01,PROD0025:1:16.49|PROD0165:1:38.86,55.35,Store Credit,Cancelled
ORD102194,CUST00672,2026-04-07,PROD0247:2:72.46,144.92,Store Credit,Cancelled
ORD102195,CUST01110,2025-12-21,PROD0158:1:22.41,22.41,Store Credit,Delivered
ORD102196,CUST00022,2025-08-05,PROD0072:5:70.01,350.05,Amex,Delivered
ORD102197,CUST00439,2026-03-11,PROD0243:1:47.44|PROD0177:3:58.87,224.05,Store Credit,Delivered
ORD102198,CUST00439,2025-12-25,PROD0012:1:54.17,54.17,Apple Pay,Delivered
ORD102199,CUST01049,2025-11-15,PROD0079:4:107.7,430.8,Store Credit,Delivered
ORD102200,CUST00683,2025-10-15,PROD0092:5:55.86|PROD0105:1:114.17,393.47,Visa,Delivered
ORD102201,CUST00935,2025-10-01,PROD0106:5:116.2,581.0,Store Credit,Delayed
ORD102202,CUST00798,2026-05-22,PROD0098:4:87.67,350.68,PayPal,Delivered
ORD102203,CUST01028,2026-05-08,PROD0189:5:116.79|PROD0017:5:145.85,1313.2,Visa,Delivered
ORD102204,CUST01158,2026-04-01,PROD0117:2:34.38|PROD0123:2:38.34|PROD0024:1:45.08,190.52,Mastercard,Delivered
ORD102205,CUST00665,2025-08-12,PROD0079:1:107.7|PROD0254:3:110.83,440.19,Amex,Delivered
ORD102206,CUST00628,2026-04-11,PROD0200:2:39.66|PROD0022:4:55.37,300.8,Apple Pay,Delivered
ORD102207,CUST00700,2025-11-06,PROD0285:5:33.77,168.85,Mastercard,Returned
ORD102208,CUST01158,2026-05-03,PROD0238:4:88.09,352.36,Apple Pay,Delivered
ORD102209,CUST01165,2026-06-15,PROD0212:4:40.49|PROD0097:5:10.79|PROD0207:2:26.58,269.07,Apple Pay,Shipped
ORD102210,CUST00818,2026-04-14,PROD0269:2:144.62|PROD0033:4:50.93,492.96,Amex,Shipped
ORD102211,CUST00872,2026-03-03,PROD0039:4:35.25,141.0,Mastercard,Shipped
ORD102212,CUST00272,2025-08-30,PROD0136:5:75.27,376.35,Store Credit,Processing
ORD102213,CUST00518,2026-01-23,PROD0133:4:32.07|PROD0132:5:14.3|PROD0272:5:27.45,337.03,Amex,Delivered
ORD102214,CUST00278,2026-02-13,PROD0052:2:62.04,124.08,Store Credit,Delivered
ORD102215,CUST00921,2026-06-05,PROD0244:1:28.97|PROD0156:5:41.63|PROD0114:4:67.83,508.44,Visa,Processing
ORD102216,CUST00434,2026-03-14,PROD0172:2:30.66,61.32,Mastercard,Delivered
ORD102217,CUST01072,2025-09-18,PROD0226:2:121.6,243.2,Amex,Processing
ORD102218,CUST00245,2026-03-31,PROD0199:3:192.45|PROD0071:4:156.65,1203.95,Amex,Shipped
ORD102219,CUST00065,2025-08-18,PROD0245:4:74.39,297.56,Visa,Delivered
ORD102220,CUST00822,2025-12-06,PROD0059:4:125.94|PROD0171:3:115.91|PROD0227:4:148.49,1445.45,Mastercard,Returned
ORD102221,CUST00616,2025-10-14,PROD0288:4:79.59,318.36,Mastercard,Delivered
ORD102222,CUST00861,2026-03-28,PROD0023:1:18.55|PROD0222:1:52.54,71.09,Amex,Delivered
ORD102223,CUST00889,2026-05-01,PROD0122:5:113.13,565.65,Mastercard,Delivered
ORD102224,CUST00287,2026-03-02,PROD0212:4:40.49,161.96,Visa,Returned
ORD102225,CUST00079,2025-11-09,PROD0041:3:26.94,80.82,Store Credit,Delayed
ORD102226,CUST00826,2025-08-15,PROD0040:2:6.69,13.38,PayPal,Delayed
ORD102227,CUST01025,2026-05-16,PROD0043:5:53.62|PROD0004:1:9.47|PROD0025:4:16.49,343.53,Apple Pay,Delivered
ORD102228,CUST01149,2026-04-21,PROD0205:3:97.84|PROD0067:2:11.15|PROD0252:1:79.63,395.45,Amex,Cancelled
ORD102229,CUST00958,2025-10-04,PROD0282:5:114.39,571.95,PayPal,Shipped
ORD102230,CUST00030,2026-02-06,PROD0205:1:97.84|PROD0292:4:56.02|PROD0055:1:32.88,354.8,Apple Pay,Shipped
ORD102231,CUST00889,2025-12-06,PROD0076:3:22.51,67.53,Visa,Delivered
ORD102232,CUST00527,2025-12-02,PROD0295:3:56.15,168.45,PayPal,Processing
ORD102233,CUST01049,2026-03-07,PROD0183:3:73.54|PROD0032:2:22.58,265.78,PayPal,Delivered
ORD102234,CUST01052,2026-05-19,PROD0099:4:133.23|PROD0282:3:114.39|PROD0276:3:75.04,1101.21,Store Credit,Shipped
ORD102235,CUST00314,2025-10-21,PROD0272:1:27.45|PROD0085:4:87.79|PROD0117:3:34.38|PROD0026:2:54.92,591.59,Apple Pay,Delivered
ORD102236,CUST00735,2025-12-24,PROD0075:5:42.82,214.1,Amex,Processing
ORD102237,CUST00651,2026-03-06,PROD0256:4:7.79|PROD0145:4:16.58|PROD0028:2:89.71|PROD0152:3:34.78,381.24,PayPal,Shipped
ORD102238,CUST00690,2025-08-04,PROD0039:1:35.25,35.25,Store Credit,Delivered
ORD102239,CUST00090,2025-10-05,PROD0258:2:29.27,58.54,Store Credit,Delivered
ORD102240,CUST00350,2026-02-01,PROD0294:5:28.58,142.9,Store Credit,Delivered
ORD102241,CUST01004,2026-06-28,PROD0115:3:182.29,546.87,Amex,Delivered
ORD102242,CUST00444,2025-09-04,PROD0123:4:38.34|PROD0169:5:47.11|PROD0150:3:90.15|PROD0166:3:36.87,769.97,Apple Pay,Shipped
ORD102243,CUST00569,2025-09-04,PROD0158:2:22.41,44.82,Apple Pay,Delivered
ORD102244,CUST01035,2026-05-24,PROD0238:4:88.09,352.36,Visa,Delivered
ORD102245,CUST00267,2025-10-04,PROD0112:2:112.59,225.18,Mastercard,Delivered
ORD102246,CUST00661,2026-04-09,PROD0027:4:8.85|PROD0131:1:11.48,46.88,Store Credit,Delivered
ORD102247,CUST01199,2025-11-04,PROD0223:4:26.93|PROD0100:5:81.87,517.07,Store Credit,Processing
ORD102248,CUST01172,2025-12-14,PROD0280:2:218.73,437.46,Amex,Returned
ORD102249,CUST00037,2025-09-19,PROD0181:1:4.29,4.29,Apple Pay,Delivered
ORD102250,CUST00740,2026-06-24,PROD0115:2:182.29,364.58,Visa,Returned
ORD102251,CUST00131,2026-06-10,PROD0049:3:79.17|PROD0238:1:88.09|PROD0195:2:16.36,358.32,Visa,Delivered
ORD102252,CUST01069,2026-07-08,PROD0238:3:88.09|PROD0029:1:81.59|PROD0003:2:159.09,664.04,Mastercard,Returned
ORD102253,CUST00673,2026-04-09,PROD0197:5:10.66|PROD0107:4:106.43|PROD0088:5:38.76,672.82,Apple Pay,Cancelled
ORD102254,CUST00615,2026-04-10,PROD0198:2:74.76,149.52,Store Credit,Delivered
ORD102255,CUST00335,2026-07-07,PROD0106:5:116.2,581.0,Apple Pay,Delivered
ORD102256,CUST01199,2025-12-30,PROD0138:1:18.75,18.75,Store Credit,Shipped
ORD102257,CUST00631,2025-12-19,PROD0295:2:56.15,112.3,PayPal,Processing
ORD102258,CUST00153,2026-01-27,PROD0118:4:5.27,21.08,Visa,Shipped
ORD102259,CUST00059,2025-09-28,PROD0099:5:133.23|PROD0046:4:33.24,799.11,Visa,Delivered
ORD102260,CUST00336,2025-09-07,PROD0207:4:26.58|PROD0236:1:37.87,144.19,Apple Pay,Returned
ORD102261,CUST00804,2026-06-29,PROD0233:4:82.05,328.2,PayPal,Out for Delivery
ORD102262,CUST00286,2026-05-27,PROD0246:1:61.05|PROD0155:1:146.86,207.91,PayPal,Delivered
ORD102263,CUST00326,2025-12-29,PROD0219:3:122.77|PROD0096:4:50.63|PROD0061:1:25.67,596.5,Visa,Cancelled
ORD102264,CUST00685,2025-11-19,PROD0237:3:10.39|PROD0113:2:29.87|PROD0007:3:167.26,592.69,Store Credit,Delivered
ORD102265,CUST00774,2025-09-25,PROD0029:4:81.59,326.36,Visa,Delivered
ORD102266,CUST00942,2025-08-28,PROD0031:3:213.56,640.68,PayPal,Delivered
ORD102267,CUST00588,2026-06-13,PROD0025:5:16.49,82.45,Store Credit,Delivered
ORD102268,CUST00763,2026-04-06,PROD0160:4:27.79,111.16,Store Credit,Delivered
ORD102269,CUST00916,2025-12-06,PROD0096:5:50.63|PROD0120:4:80.47|PROD0007:1:167.26|PROD0019:3:32.14,838.71,Amex,Delivered
ORD102270,CUST00955,2026-07-01,PROD0168:4:193.82,775.28,Apple Pay,Delivered
ORD102271,CUST00605,2026-06-23,PROD0061:1:25.67|PROD0123:4:38.34|PROD0231:3:10.76,211.31,Amex,Delivered
ORD102272,CUST00561,2026-05-01,PROD0115:1:182.29,182.29,Store Credit,Cancelled
ORD102273,CUST00896,2026-04-18,PROD0124:5:57.05|PROD0196:1:161.82,447.07,PayPal,Delivered
ORD102274,CUST01119,2025-09-01,PROD0115:5:182.29,911.45,Mastercard,Delivered
ORD102275,CUST00949,2026-03-05,PROD0026:3:54.92|PROD0217:3:240.36|PROD0268:1:34.77|PROD0038:4:153.69,1535.37,PayPal,Cancelled
ORD102276,CUST00797,2025-09-17,PROD0239:2:87.92,175.84,Amex,Delayed
ORD102277,CUST00706,2026-05-09,PROD0006:3:6.78,20.34,PayPal,Shipped
ORD102278,CUST00740,2025-09-10,PROD0267:4:85.78,343.12,Amex,Delivered
ORD102279,CUST00638,2026-03-01,PROD0052:5:62.04,310.2,Amex,Delivered
ORD102280,CUST00989,2026-02-21,PROD0135:5:13.02,65.1,Mastercard,Delayed
ORD102281,CUST00518,2026-07-12,PROD0260:2:135.73,271.46,Apple Pay,Delivered
ORD102282,CUST00367,2025-09-14,PROD0003:1:159.09,159.09,Apple Pay,Delivered
ORD102283,CUST00167,2026-01-31,PROD0128:3:112.67|PROD0081:1:27.98|PROD0105:5:114.17|PROD0241:2:95.92,1128.68,Mastercard,Shipped
ORD102284,CUST00981,2026-07-22,PROD0105:5:114.17,570.85,Apple Pay,Delivered
ORD102285,CUST00221,2025-11-21,PROD0007:4:167.26,669.04,Apple Pay,Processing
ORD102286,CUST00363,2026-04-23,PROD0157:5:160.75,803.75,Amex,Delivered
ORD102287,CUST01069,2026-03-12,PROD0296:4:70.76|PROD0097:1:10.79,293.83,Mastercard,Processing
ORD102288,CUST00200,2026-04-15,PROD0112:1:112.59|PROD0195:3:16.36|PROD0010:3:98.26|PROD0269:5:144.62,1179.55,Apple Pay,Delivered
ORD102289,CUST00765,2025-08-09,PROD0190:2:68.53,137.06,Apple Pay,Delayed
ORD102290,CUST00585,2026-03-14,PROD0173:4:42.3,169.2,Store Credit,Delayed
ORD102291,CUST00670,2026-07-18,PROD0171:5:115.91|PROD0128:5:112.67|PROD0260:5:135.73|PROD0095:1:26.42,1847.97,Apple Pay,Processing
ORD102292,CUST00326,2025-11-21,PROD0200:2:39.66|PROD0170:4:12.14|PROD0232:4:130.11|PROD0187:3:21.11,711.65,Amex,Processing
ORD102293,CUST00745,2026-01-13,PROD0080:5:101.65|PROD0087:2:72.87|PROD0079:3:107.7|PROD0007:4:167.26,1646.13,Apple Pay,Delayed
ORD102294,CUST00592,2026-02-07,PROD0222:5:52.54,262.7,Apple Pay,Shipped
ORD102295,CUST00042,2025-11-09,PROD0078:5:167.27,836.35,PayPal,Delivered
ORD102296,CUST00503,2026-03-02,PROD0007:4:167.26|PROD0185:5:34.57,841.89,Apple Pay,Delivered
ORD102297,CUST00636,2026-01-09,PROD0271:5:9.6,48.0,Apple Pay,Shipped
ORD102298,CUST00965,2026-05-31,PROD0105:1:114.17|PROD0205:2:97.84,309.85,PayPal,Processing
ORD102299,CUST00181,2026-06-27,PROD0286:5:11.4,57.0,Amex,Delivered
ORD102300,CUST01013,2026-04-09,PROD0109:1:29.51|PROD0287:5:49.41|PROD0115:1:182.29,458.85,Store Credit,Out for Delivery
ORD102301,CUST00215,2026-02-07,PROD0134:2:178.43,356.86,Visa,Delivered
ORD102302,CUST00958,2026-07-19,PROD0054:4:55.49|PROD0063:3:122.4|PROD0082:5:33.12,754.76,Amex,Out for Delivery
ORD102303,CUST00639,2026-04-06,PROD0230:1:7.64,7.64,Apple Pay,Delivered
ORD102304,CUST00532,2025-10-23,PROD0112:1:112.59,112.59,Visa,Delayed
ORD102305,CUST00863,2026-05-16,PROD0295:3:56.15,168.45,Visa,Delivered
ORD102306,CUST00921,2025-10-24,PROD0279:1:19.87,19.87,Apple Pay,Delivered
ORD102307,CUST01049,2025-12-18,PROD0199:1:192.45,192.45,Mastercard,Cancelled
ORD102308,CUST00074,2026-03-25,PROD0252:2:79.63,159.26,Apple Pay,Delivered
ORD102309,CUST00863,2026-01-25,PROD0106:3:116.2,348.6,PayPal,Delivered
ORD102310,CUST00818,2026-05-21,PROD0062:4:20.08,80.32,Amex,Delivered
ORD102311,CUST00670,2026-05-28,PROD0104:1:24.87,24.87,Store Credit,Cancelled
ORD102312,CUST00307,2025-12-27,PROD0245:3:74.39|PROD0159:5:20.43|PROD0048:4:19.97|PROD0104:4:24.87,504.68,Mastercard,Delivered
ORD102313,CUST01078,2025-11-20,PROD0164:1:106.62|PROD0259:1:27.72,134.34,Store Credit,Delivered
ORD102314,CUST00958,2026-01-04,PROD0124:1:57.05,57.05,Amex,Delivered
ORD102315,CUST00957,2025-12-24,PROD0031:5:213.56|PROD0051:1:43.91,1111.71,Store Credit,Processing
ORD102316,CUST00636,2025-10-24,PROD0193:3:29.24,87.72,Store Credit,Delivered
ORD102317,CUST00067,2026-03-20,PROD0062:4:20.08|PROD0297:4:171.88|PROD0083:3:12.63|PROD0200:1:39.66,845.39,Visa,Delivered
ORD102318,CUST00884,2026-01-23,PROD0286:4:11.4,45.6,Mastercard,Processing
ORD102319,CUST00863,2025-07-31,PROD0285:4:33.77,135.08,Visa,Delivered
ORD102320,CUST00356,2025-09-13,PROD0074:4:30.72,122.88,Store Credit,Delivered
ORD102321,CUST00398,2026-01-27,PROD0287:1:49.41,49.41,Apple Pay,Delivered
ORD102322,CUST00870,2025-12-07,PROD0230:2:7.64,15.28,Mastercard,Shipped
ORD102323,CUST00381,2025-09-27,PROD0221:3:21.66,64.98,Mastercard,Delivered
ORD102324,CUST00547,2025-08-05,PROD0186:2:24.16,48.32,Mastercard,Delivered
ORD102325,CUST00022,2026-05-05,PROD0295:3:56.15,168.45,Visa,Delivered
ORD102326,CUST00920,2026-06-09,PROD0282:3:114.39,343.17,Store Credit,Shipped
ORD102327,CUST01113,2025-10-21,PROD0217:1:240.36|PROD0182:2:235.58|PROD0223:1:26.93,738.45,PayPal,Processing
ORD102328,CUST00063,2026-02-24,PROD0246:4:61.05|PROD0193:5:29.24|PROD0133:3:32.07,486.61,Amex,Delivered
ORD102329,CUST00627,2025-12-03,PROD0294:5:28.58|PROD0298:2:12.54,167.98,Visa,Delivered
ORD102330,CUST00745,2026-01-17,PROD0055:2:32.88|PROD0129:5:19.99,165.71,Mastercard,Out for Delivery
ORD102331,CUST00242,2026-04-30,PROD0063:5:122.4|PROD0289:1:44.66,656.66,Mastercard,Processing
ORD102332,CUST00400,2026-06-04,PROD0022:2:55.37|PROD0174:1:22.41,133.15,PayPal,Returned
ORD102333,CUST00172,2026-06-21,PROD0206:5:37.39,186.95,Apple Pay,Delivered
ORD102334,CUST00700,2025-12-27,PROD0157:4:160.75|PROD0179:5:22.52|PROD0143:1:209.56|PROD0013:3:24.34,1038.18,PayPal,Delivered
ORD102335,CUST00764,2026-02-26,PROD0162:5:142.57,712.85,Store Credit,Cancelled
ORD102336,CUST00682,2025-10-30,PROD0117:4:34.38|PROD0085:2:87.79,313.1,Amex,Delivered
ORD102337,CUST00241,2026-01-13,PROD0165:1:38.86,38.86,Amex,Cancelled
ORD102338,CUST01030,2026-01-03,PROD0230:4:7.64,30.56,Mastercard,Shipped
ORD102339,CUST00686,2025-08-02,PROD0138:2:18.75,37.5,PayPal,Cancelled
ORD102340,CUST00905,2025-12-05,PROD0111:2:31.83|PROD0237:5:10.39,115.61,Mastercard,Delivered
ORD102341,CUST00987,2025-09-29,PROD0288:1:79.59|PROD0074:1:30.72|PROD0212:1:40.49,150.8,Amex,Processing
ORD102342,CUST01074,2025-10-25,PROD0105:3:114.17,342.51,PayPal,Delivered
ORD102343,CUST00926,2025-11-06,PROD0051:4:43.91,175.64,Amex,Shipped
ORD102344,CUST00615,2026-06-26,PROD0138:2:18.75,37.5,Visa,Shipped
ORD102345,CUST00172,2025-08-04,PROD0025:3:16.49,49.47,Store Credit,Cancelled
ORD102346,CUST01025,2026-07-08,PROD0146:4:25.49,101.96,Mastercard,Processing
ORD102347,CUST00326,2025-10-25,PROD0240:2:55.35,110.7,PayPal,Delivered
ORD102348,CUST01032,2025-09-15,PROD0098:4:87.67,350.68,Mastercard,Cancelled
ORD102349,CUST01078,2026-04-22,PROD0004:3:9.47|PROD0157:1:160.75,189.16,Visa,Shipped
ORD102350,CUST00816,2026-05-23,PROD0245:2:74.39,148.78,PayPal,Shipped
ORD102351,CUST00331,2026-06-20,PROD0286:1:11.4,11.4,Amex,Shipped
ORD102352,CUST00784,2025-09-13,PROD0250:1:8.48,8.48,Apple Pay,Delivered
ORD102353,CUST00709,2026-04-17,PROD0008:4:165.66,662.64,Apple Pay,Delivered
ORD102354,CUST00396,2026-04-02,PROD0089:5:58.99,294.95,Mastercard,Shipped
ORD102355,CUST00318,2025-11-01,PROD0265:3:21.16|PROD0050:4:15.03,123.6,Mastercard,Shipped
ORD102356,CUST00715,2025-12-30,PROD0213:3:69.08|PROD0051:4:43.91|PROD0044:2:79.04,540.96,Visa,Delivered
ORD102357,CUST01087,2025-12-18,PROD0040:5:6.69|PROD0078:1:167.27,200.72,PayPal,Delivered
ORD102358,CUST00213,2026-04-13,PROD0096:2:50.63,101.26,Store Credit,Processing
ORD102359,CUST00272,2026-03-04,PROD0246:2:61.05|PROD0114:4:67.83,393.42,PayPal,Delivered
ORD102360,CUST00835,2026-05-11,PROD0299:4:56.12|PROD0026:3:54.92,389.24,Amex,Processing
ORD102361,CUST00134,2026-05-29,PROD0113:4:29.87,119.48,Apple Pay,Delivered
ORD102362,CUST01039,2025-12-16,PROD0176:4:106.09,424.36,Apple Pay,Delivered
ORD102363,CUST00134,2025-09-05,PROD0263:2:22.13,44.26,Amex,Delivered
ORD102364,CUST00363,2025-08-01,PROD0200:4:39.66,158.64,Mastercard,Shipped
ORD102365,CUST00427,2025-10-20,PROD0002:5:96.62|PROD0115:1:182.29,665.39,PayPal,Delivered
ORD102366,CUST00682,2026-01-09,PROD0062:1:20.08,20.08,Visa,Shipped
ORD102367,CUST00027,2025-10-03,PROD0017:4:145.85|PROD0086:3:41.13,706.79,Mastercard,Shipped
ORD102368,CUST01149,2025-12-31,PROD0109:2:29.51,59.02,Visa,Shipped
ORD102369,CUST00691,2026-01-07,PROD0268:3:34.77,104.31,Store Credit,Delivered
ORD102370,CUST00836,2026-07-10,PROD0176:4:106.09|PROD0100:4:81.87|PROD0041:4:26.94,859.6,Apple Pay,Delivered
ORD102371,CUST00188,2026-04-17,PROD0110:2:36.36,72.72,PayPal,Processing
ORD102372,CUST00925,2026-01-14,PROD0186:3:24.16,72.48,Visa,Delivered
ORD102373,CUST00615,2026-04-24,PROD0159:5:20.43,102.15,PayPal,Processing
ORD102374,CUST00682,2025-08-24,PROD0060:5:25.69,128.45,Amex,Delivered
ORD102375,CUST00756,2026-01-02,PROD0134:3:178.43,535.29,Apple Pay,Delivered
ORD102376,CUST00324,2026-06-30,PROD0107:5:106.43|PROD0012:3:54.17,694.66,Visa,Delivered
ORD102377,CUST00092,2026-06-05,PROD0016:4:12.58|PROD0021:2:148.05,346.42,PayPal,Delivered
ORD102378,CUST00651,2025-11-08,PROD0038:3:153.69,461.07,Visa,Delivered
ORD102379,CUST00997,2026-06-05,PROD0297:2:171.88,343.76,Apple Pay,Processing
ORD102380,CUST00556,2026-06-02,PROD0112:4:112.59,450.36,PayPal,Delivered
ORD102381,CUST00409,2026-01-02,PROD0013:2:24.34,48.68,Store Credit,Shipped
ORD102382,CUST00916,2026-02-21,PROD0062:4:20.08|PROD0121:4:31.31,205.56,Store Credit,Delivered
ORD102383,CUST00650,2025-12-29,PROD0123:3:38.34,115.02,Apple Pay,Shipped
ORD102384,CUST00063,2025-11-02,PROD0232:2:130.11,260.22,Amex,Delivered
ORD102385,CUST00355,2026-06-27,PROD0244:3:28.97,86.91,PayPal,Cancelled
ORD102386,CUST00439,2026-06-09,PROD0064:3:87.33,261.99,Visa,Delivered
ORD102387,CUST00559,2026-06-06,PROD0010:3:98.26|PROD0287:5:49.41,541.83,PayPal,Delivered
ORD102388,CUST00356,2026-01-11,PROD0232:5:130.11,650.55,PayPal,Returned
ORD102389,CUST00138,2026-04-21,PROD0209:4:12.86,51.44,Apple Pay,Processing
ORD102390,CUST01081,2026-02-25,PROD0120:2:80.47,160.94,PayPal,Processing
ORD102391,CUST00446,2025-09-29,PROD0102:2:10.54,21.08,PayPal,Processing
ORD102392,CUST00701,2026-06-09,PROD0156:1:41.63,41.63,PayPal,Shipped
ORD102393,CUST00461,2026-02-16,PROD0128:3:112.67,338.01,Apple Pay,Returned
ORD102394,CUST01148,2026-05-02,PROD0040:5:6.69|PROD0091:5:94.44,505.65,Amex,Delivered
ORD102395,CUST00728,2025-12-03,PROD0165:3:38.86|PROD0014:4:232.45|PROD0148:5:59.66,1344.68,PayPal,Delivered
ORD102396,CUST00864,2026-01-07,PROD0154:1:191.73,191.73,Visa,Returned
ORD102397,CUST00499,2025-09-15,PROD0090:4:15.79|PROD0246:5:61.05,368.41,Mastercard,Processing
ORD102398,CUST00464,2025-11-29,PROD0224:1:131.68|PROD0160:1:27.79|PROD0080:5:101.65,667.72,Amex,Delivered
ORD102399,CUST00746,2025-08-26,PROD0145:1:16.58|PROD0034:2:6.64,29.86,Amex,Delivered
ORD102400,CUST00365,2025-11-15,PROD0220:3:35.61,106.83,Amex,Processing
ORD102401,CUST00662,2025-08-31,PROD0032:2:22.58,45.16,Store Credit,Processing
ORD102402,CUST00134,2026-03-19,PROD0224:3:131.68|PROD0134:1:178.43,573.47,Store Credit,Delivered
ORD102403,CUST00435,2026-01-19,PROD0135:4:13.02|PROD0093:2:119.59|PROD0176:5:106.09,821.71,PayPal,Out for Delivery
ORD102404,CUST00150,2025-12-02,PROD0132:4:14.3|PROD0023:3:18.55,112.85,Store Credit,Shipped
ORD102405,CUST00115,2026-07-08,PROD0138:2:18.75|PROD0214:1:21.47|PROD0180:4:13.81|PROD0040:5:6.69,147.66,Apple Pay,Delivered
ORD102406,CUST00709,2026-01-14,PROD0001:2:121.73,243.46,Store Credit,Delivered
ORD102407,CUST00711,2025-08-07,PROD0085:2:87.79,175.58,Amex,Delivered
ORD102408,CUST01158,2025-08-12,PROD0123:2:38.34|PROD0140:5:235.93|PROD0108:2:128.9,1514.13,Mastercard,Cancelled
ORD102409,CUST00270,2026-07-13,PROD0189:3:116.79,350.37,Apple Pay,Returned
ORD102410,CUST00907,2026-05-05,PROD0118:5:5.27|PROD0125:5:19.13,122.0,Mastercard,Processing
ORD102411,CUST01158,2026-07-14,PROD0277:5:30.38,151.9,PayPal,Shipped
ORD102412,CUST00237,2026-04-16,PROD0229:5:30.85,154.25,Apple Pay,Delivered
ORD102413,CUST00323,2026-07-07,PROD0194:4:48.76,195.04,Mastercard,Delivered
ORD102414,CUST00110,2026-05-22,PROD0017:1:145.85|PROD0068:4:30.3,267.05,Apple Pay,Delivered
ORD102415,CUST00427,2026-05-23,PROD0205:3:97.84,293.52,Amex,Cancelled
ORD102416,CUST00177,2025-11-04,PROD0022:3:55.37|PROD0077:3:34.86,270.69,Amex,Delayed
ORD102417,CUST00367,2025-08-28,PROD0204:2:171.38|PROD0251:5:9.74,391.46,Apple Pay,Out for Delivery
ORD102418,CUST00921,2026-02-15,PROD0216:3:7.93,23.79,Visa,Delivered
ORD102419,CUST01052,2026-07-27,PROD0127:1:12.52,12.52,Mastercard,Returned
ORD102420,CUST00270,2025-10-19,PROD0024:1:45.08|PROD0031:4:213.56|PROD0253:4:45.08|PROD0152:3:34.78,1183.98,Visa,Delivered
ORD102421,CUST01164,2025-10-09,PROD0154:4:191.73,766.92,Amex,Delayed
ORD102422,CUST00350,2025-11-28,PROD0233:5:82.05,410.25,Store Credit,Shipped
ORD102423,CUST00734,2026-06-06,PROD0132:4:14.3,57.2,Store Credit,Shipped
ORD102424,CUST00801,2025-12-15,PROD0220:3:35.61,106.83,Amex,Shipped
ORD102425,CUST00615,2026-01-09,PROD0144:5:37.09|PROD0251:1:9.74,195.19,Visa,Delayed
ORD102426,CUST00673,2025-08-21,PROD0148:3:59.66,178.98,Mastercard,Delayed
ORD102427,CUST01058,2026-03-26,PROD0135:4:13.02,52.08,Apple Pay,Delivered
ORD102428,CUST00365,2026-01-20,PROD0242:2:23.74,47.48,Apple Pay,Delayed
ORD102429,CUST00359,2026-02-13,PROD0128:3:112.67|PROD0015:5:33.9|PROD0279:1:19.87|PROD0028:5:89.71,975.93,Store Credit,Cancelled
ORD102430,CUST00162,2025-09-22,PROD0189:5:116.79,583.95,Amex,Delivered
ORD102431,CUST00260,2025-09-15,PROD0228:1:11.51,11.51,Store Credit,Processing
ORD102432,CUST00777,2026-04-27,PROD0233:2:82.05|PROD0213:3:69.08|PROD0220:2:35.61,442.56,Mastercard,Delivered
ORD102433,CUST00107,2026-02-17,PROD0270:4:25.5,102.0,Apple Pay,Delivered
ORD102434,CUST00170,2025-11-05,PROD0150:3:90.15|PROD0096:2:50.63,371.71,PayPal,Delivered
ORD102435,CUST00745,2026-02-12,PROD0083:2:12.63,25.26,Apple Pay,Out for Delivery
ORD102436,CUST00690,2026-06-25,PROD0180:2:13.81|PROD0050:2:15.03|PROD0195:2:16.36,90.4,Amex,Delivered
ORD102437,CUST00921,2026-06-23,PROD0177:2:58.87|PROD0118:5:5.27,144.09,Visa,Processing
ORD102438,CUST01074,2026-07-14,PROD0009:5:31.16|PROD0223:5:26.93|PROD0095:1:26.42,316.87,Apple Pay,Delivered
ORD102439,CUST01087,2026-06-22,PROD0135:2:13.02,26.04,Store Credit,Delivered
ORD102440,CUST00267,2026-04-23,PROD0128:3:112.67,338.01,Amex,Delivered
ORD102441,CUST00768,2026-04-07,PROD0124:5:57.05|PROD0011:4:22.2,374.05,Amex,Delivered
ORD102442,CUST00967,2026-06-04,PROD0089:3:58.99|PROD0299:1:56.12,233.09,Mastercard,Delivered
ORD102443,CUST00092,2026-03-31,PROD0115:3:182.29|PROD0053:5:30.53|PROD0096:1:50.63,750.15,Store Credit,Delivered
ORD102444,CUST00906,2025-12-06,PROD0240:4:55.35,221.4,Mastercard,Delivered
ORD102445,CUST00728,2026-03-31,PROD0237:1:10.39,10.39,Apple Pay,Delivered
ORD102446,CUST00670,2025-08-02,PROD0182:3:235.58|PROD0226:3:121.6,1071.54,Visa,Processing
ORD102447,CUST01028,2026-01-05,PROD0266:3:101.77,305.31,Store Credit,Delivered
ORD102448,CUST00215,2025-11-27,PROD0147:5:129.73,648.65,Mastercard,Delivered
ORD102449,CUST01115,2025-12-04,PROD0250:4:8.48,33.92,Amex,Processing
ORD102450,CUST00896,2025-12-11,PROD0297:1:171.88,171.88,Visa,Delivered
ORD102451,CUST01038,2026-06-28,PROD0161:5:19.26,96.3,Store Credit,Delivered
ORD102452,CUST00221,2026-03-13,PROD0054:3:55.49|PROD0165:2:38.86|PROD0198:5:74.76|PROD0257:1:46.24,664.23,Visa,Delayed
ORD102453,CUST00651,2025-07-31,PROD0015:5:33.9|PROD0276:2:75.04,319.58,Apple Pay,Delivered
ORD102454,CUST01130,2026-05-15,PROD0216:3:7.93,23.79,PayPal,Delivered
ORD102455,CUST00488,2026-05-07,PROD0164:4:106.62|PROD0215:1:59.37|PROD0092:1:55.86,541.71,Amex,Shipped
ORD102456,CUST00160,2026-01-16,PROD0234:4:120.92|PROD0276:5:75.04|PROD0079:4:107.7|PROD0280:2:218.73,1727.14,Apple Pay,Processing
ORD102457,CUST00317,2025-08-25,PROD0098:1:87.67|PROD0006:1:6.78|PROD0233:5:82.05,504.7,PayPal,Delivered
ORD102458,CUST01115,2025-12-14,PROD0035:5:186.35,931.75,Visa,Returned
ORD102459,CUST01147,2026-07-20,PROD0080:4:101.65|PROD0287:2:49.41,505.42,Mastercard,Delivered
ORD102460,CUST00562,2026-06-10,PROD0046:1:33.24,33.24,Apple Pay,Shipped
ORD102461,CUST00453,2025-12-11,PROD0111:5:31.83,159.15,Visa,Processing
ORD102462,CUST00168,2026-07-04,PROD0180:5:13.81|PROD0165:4:38.86,224.49,Visa,Delivered
ORD102463,CUST00638,2026-05-15,PROD0081:1:27.98,27.98,Store Credit,Delivered
ORD102464,CUST00248,2026-03-29,PROD0263:3:22.13|PROD0144:5:37.09,251.84,Apple Pay,Delivered
ORD102465,CUST00784,2026-03-02,PROD0265:4:21.16,84.64,Store Credit,Delivered
ORD102466,CUST01165,2025-08-10,PROD0011:1:22.2,22.2,PayPal,Shipped
ORD102467,CUST01120,2026-07-22,PROD0216:1:7.93|PROD0257:5:46.24,239.13,Store Credit,Delivered
ORD102468,CUST00636,2026-02-09,PROD0140:5:235.93|PROD0096:3:50.63|PROD0151:4:13.08,1383.86,Visa,Out for Delivery
ORD102469,CUST00017,2026-03-04,PROD0185:4:34.57,138.28,Mastercard,Out for Delivery
ORD102470,CUST00112,2026-07-16,PROD0171:4:115.91,463.64,Store Credit,Delivered
ORD102471,CUST00396,2025-12-04,PROD0236:3:37.87,113.61,Apple Pay,Shipped
ORD102472,CUST00906,2025-08-06,PROD0289:4:44.66,178.64,PayPal,Cancelled
ORD102473,CUST00735,2026-03-08,PROD0096:3:50.63|PROD0257:4:46.24|PROD0246:3:61.05|PROD0194:3:48.76,666.28,Amex,Delivered
ORD102474,CUST00873,2026-02-11,PROD0257:4:46.24,184.96,Apple Pay,Shipped
ORD102475,CUST00784,2026-01-21,PROD0208:3:29.11,87.33,Mastercard,Delivered
ORD102476,CUST00239,2025-12-23,PROD0004:3:9.47,28.41,Apple Pay,Processing
ORD102477,CUST00035,2025-08-17,PROD0198:2:74.76,149.52,PayPal,Processing
ORD102478,CUST00409,2026-01-17,PROD0034:1:6.64|PROD0268:5:34.77,180.49,Visa,Delivered
ORD102479,CUST00651,2025-09-20,PROD0127:3:12.52|PROD0078:1:167.27,204.83,Store Credit,Shipped
ORD102480,CUST00773,2026-03-13,PROD0236:2:37.87|PROD0151:4:13.08,128.06,Amex,Delivered
ORD102481,CUST00458,2026-07-15,PROD0139:4:31.77,127.08,Store Credit,Delivered
ORD102482,CUST00856,2025-09-09,PROD0047:5:58.31,291.55,PayPal,Out for Delivery
ORD102483,CUST00686,2026-06-11,PROD0163:2:76.48,152.96,Apple Pay,Processing
ORD102484,CUST00777,2025-08-17,PROD0015:2:33.9|PROD0165:1:38.86,106.66,PayPal,Delivered
ORD102485,CUST01089,2025-12-31,PROD0189:5:116.79|PROD0276:3:75.04|PROD0227:3:148.49|PROD0217:5:240.36,2456.34,Visa,Cancelled
ORD102486,CUST00396,2026-04-20,PROD0018:4:13.24,52.96,PayPal,Shipped
ORD102487,CUST00027,2025-12-10,PROD0089:2:58.99,117.98,Amex,Delivered
ORD102488,CUST00159,2025-09-20,PROD0092:3:55.86|PROD0239:2:87.92,343.42,Amex,Delivered
ORD102489,CUST00316,2025-11-12,PROD0132:1:14.3,14.3,Apple Pay,Delivered
ORD102490,CUST00561,2025-11-13,PROD0213:1:69.08,69.08,Apple Pay,Delivered
ORD102491,CUST00368,2026-05-29,PROD0254:3:110.83|PROD0020:2:33.7|PROD0088:1:38.76,438.65,Apple Pay,Delivered
ORD102492,CUST00740,2026-07-07,PROD0260:3:135.73,407.19,Apple Pay,Delivered
ORD102493,CUST00763,2025-10-10,PROD0126:4:82.81|PROD0171:2:115.91|PROD0148:2:59.66,682.38,Amex,Delivered
ORD102494,CUST00238,2025-11-22,PROD0003:3:159.09|PROD0137:5:26.99,612.22,Mastercard,Cancelled
ORD102495,CUST00499,2026-06-19,PROD0138:1:18.75,18.75,Visa,Shipped
ORD102496,CUST00823,2025-11-29,PROD0285:1:33.77,33.77,Mastercard,Shipped
ORD102497,CUST00241,2025-08-21,PROD0185:2:34.57|PROD0251:5:9.74|PROD0107:1:106.43,224.27,Apple Pay,Delivered
ORD102498,CUST00839,2026-02-04,PROD0233:3:82.05,246.15,PayPal,Delivered
ORD102499,CUST00267,2026-02-18,PROD0255:2:175.96|PROD0069:2:29.63|PROD0084:3:98.15,705.63,Amex,Delivered
ORD102500,CUST00615,2025-08-18,PROD0289:2:44.66|PROD0241:4:95.92|PROD0052:2:62.04,597.08,Visa,Delivered
ORD102501,CUST00316,2026-05-06,PROD0069:2:29.63,59.26,Store Credit,Delivered
ORD102502,CUST00611,2025-10-07,PROD0080:2:101.65,203.3,Visa,Delivered
ORD102503,CUST00892,2026-03-16,PROD0088:5:38.76,193.8,Mastercard,Out for Delivery
ORD102504,CUST00478,2026-01-17,PROD0083:5:12.63,63.15,PayPal,Delivered
ORD102505,CUST00770,2025-12-23,PROD0276:5:75.04,375.2,PayPal,Cancelled
ORD102506,CUST00200,2025-11-17,PROD0141:1:98.61,98.61,Visa,Shipped
ORD102507,CUST01143,2026-04-04,PROD0063:2:122.4|PROD0172:4:30.66|PROD0217:1:240.36|PROD0241:4:95.92,991.48,Mastercard,Processing
ORD102508,CUST00848,2025-10-12,PROD0280:5:218.73,1093.65,PayPal,Delivered
ORD102509,CUST00172,2025-10-23,PROD0085:2:87.79|PROD0096:5:50.63,428.73,Mastercard,Delayed
ORD102510,CUST00559,2025-08-13,PROD0249:1:9.97,9.97,Apple Pay,Processing
ORD102511,CUST01120,2025-08-20,PROD0050:1:15.03|PROD0143:2:209.56|PROD0154:3:191.73,1009.34,Mastercard,Delivered
ORD102512,CUST00076,2026-05-16,PROD0117:3:34.38,103.14,PayPal,Delivered
ORD102513,CUST00701,2026-05-09,PROD0120:4:80.47|PROD0107:5:106.43|PROD0268:5:34.77,1027.88,Store Credit,Delivered
ORD102514,CUST00242,2026-01-31,PROD0031:2:213.56|PROD0261:3:78.93,663.91,PayPal,Processing
ORD102515,CUST00367,2026-07-22,PROD0008:4:165.66|PROD0003:1:159.09,821.73,Visa,Shipped
ORD102516,CUST00715,2026-01-25,PROD0051:3:43.91,131.73,Apple Pay,Shipped
ORD102517,CUST00432,2025-10-09,PROD0001:2:121.73,243.46,Mastercard,Delivered
ORD102518,CUST00128,2026-02-03,PROD0211:2:15.2,30.4,Visa,Out for Delivery
ORD102519,CUST00826,2025-12-31,PROD0128:2:112.67,225.34,Amex,Delivered
ORD102520,CUST00118,2025-11-22,PROD0209:1:12.86,12.86,Mastercard,Delivered
ORD102521,CUST00818,2026-07-29,PROD0062:1:20.08,20.08,Amex,Shipped
ORD102522,CUST00160,2025-11-02,PROD0187:2:21.11,42.22,PayPal,Processing
ORD102523,CUST00565,2025-12-21,PROD0238:1:88.09,88.09,Apple Pay,Delivered
ORD102524,CUST00615,2025-11-26,PROD0016:4:12.58,50.32,Apple Pay,Shipped
ORD102525,CUST00594,2026-04-24,PROD0191:5:66.03|PROD0201:3:12.0,366.15,Visa,Returned
ORD102526,CUST00900,2025-08-26,PROD0032:2:22.58|PROD0225:2:129.56,304.28,Apple Pay,Out for Delivery
ORD102527,CUST00593,2025-08-27,PROD0044:1:79.04|PROD0067:4:11.15|PROD0038:1:153.69,277.33,Amex,Out for Delivery
ORD102528,CUST01059,2026-04-23,PROD0282:3:114.39,343.17,PayPal,Delivered
ORD102529,CUST00520,2026-01-22,PROD0171:3:115.91|PROD0207:1:26.58|PROD0011:3:22.2|PROD0291:2:12.15,465.21,PayPal,Returned
ORD102530,CUST00170,2025-09-30,PROD0223:2:26.93,53.86,PayPal,Cancelled
ORD102531,CUST00525,2025-11-13,PROD0099:1:133.23|PROD0135:1:13.02,146.25,Apple Pay,Delivered
ORD102532,CUST00518,2026-07-22,PROD0103:4:35.6,142.4,Mastercard,Cancelled
ORD102533,CUST00092,2025-10-12,PROD0017:5:145.85,729.25,Amex,Shipped
ORD102534,CUST00711,2026-05-29,PROD0118:2:5.27,10.54,Visa,Delivered
ORD102535,CUST00053,2026-05-30,PROD0259:2:27.72|PROD0059:5:125.94,685.14,Apple Pay,Delivered
ORD102536,CUST00527,2026-06-13,PROD0183:3:73.54,220.62,Amex,Shipped
ORD102537,CUST00784,2026-04-01,PROD0222:5:52.54,262.7,PayPal,Delayed
ORD102538,CUST00351,2026-05-15,PROD0070:2:207.26|PROD0240:3:55.35,580.57,Apple Pay,Delivered
ORD102539,CUST00181,2025-09-02,PROD0002:5:96.62,483.1,Mastercard,Out for Delivery
ORD102540,CUST00221,2025-11-19,PROD0050:3:15.03,45.09,Mastercard,Delivered
ORD102541,CUST00794,2026-06-24,PROD0043:4:53.62,214.48,Mastercard,Delayed
ORD102542,CUST01152,2026-03-01,PROD0217:5:240.36|PROD0057:3:37.8|PROD0045:1:17.66|PROD0011:2:22.2,1377.26,Apple Pay,Shipped
ORD102543,CUST00134,2025-08-09,PROD0214:2:21.47|PROD0118:2:5.27,53.48,Store Credit,Processing
ORD102544,CUST00115,2025-08-21,PROD0208:4:29.11,116.44,Apple Pay,Delivered
ORD102545,CUST00806,2026-05-06,PROD0214:5:21.47,107.35,Visa,Delivered
ORD102546,CUST01070,2026-05-25,PROD0148:2:59.66|PROD0035:3:186.35,678.37,Visa,Delivered
ORD102547,CUST00439,2026-05-23,PROD0259:1:27.72,27.72,Amex,Processing
ORD102548,CUST00768,2025-11-14,PROD0268:3:34.77,104.31,Mastercard,Shipped
ORD102549,CUST00035,2025-08-10,PROD0021:3:148.05|PROD0143:2:209.56|PROD0097:1:10.79|PROD0253:3:45.08,1009.3,Amex,Processing
ORD102550,CUST00432,2025-10-05,PROD0165:2:38.86|PROD0027:5:8.85|PROD0276:4:75.04,422.13,Mastercard,Delivered
ORD102551,CUST00811,2026-03-28,PROD0105:2:114.17|PROD0167:3:13.38|PROD0039:4:35.25|PROD0162:3:142.57,837.19,Mastercard,Delivered
ORD102552,CUST00070,2025-08-12,PROD0277:1:30.38,30.38,Visa,Delayed
ORD102553,CUST00527,2025-09-17,PROD0208:5:29.11|PROD0005:4:41.87|PROD0013:3:24.34,386.05,Store Credit,Delivered
ORD102554,CUST01039,2026-02-17,PROD0137:5:26.99,134.95,Mastercard,Delivered
ORD102555,CUST00392,2026-03-25,PROD0228:4:11.51|PROD0068:1:30.3,76.34,Amex,Delivered
ORD102556,CUST00845,2026-01-28,PROD0300:1:18.47|PROD0073:5:197.85,1007.72,PayPal,Shipped
ORD102557,CUST01036,2025-12-17,PROD0033:5:50.93,254.65,Mastercard,Delivered
ORD102558,CUST00756,2025-11-21,PROD0226:4:121.6|PROD0119:1:234.85,721.25,Visa,Shipped
ORD102559,CUST00673,2025-09-21,PROD0112:3:112.59,337.77,Store Credit,Delivered
ORD102560,CUST00690,2026-01-21,PROD0104:3:24.87,74.61,Apple Pay,Delivered
ORD102561,CUST00107,2026-04-23,PROD0210:4:78.45|PROD0023:4:18.55|PROD0046:3:33.24|PROD0011:5:22.2,598.72,PayPal,Cancelled
ORD102562,CUST00869,2026-07-26,PROD0190:4:68.53,274.12,Mastercard,Delivered
ORD102563,CUST00970,2025-12-27,PROD0010:5:98.26|PROD0120:5:80.47,893.65,Store Credit,Delivered
ORD102564,CUST00603,2026-06-05,PROD0023:2:18.55,37.1,PayPal,Shipped
ORD102565,CUST00901,2026-03-25,PROD0054:5:55.49|PROD0022:4:55.37|PROD0150:5:90.15,949.68,Visa,Delivered
ORD102566,CUST00042,2025-10-14,PROD0129:3:19.99|PROD0178:1:137.06,197.03,Mastercard,Shipped
ORD102567,CUST01049,2026-01-03,PROD0069:1:29.63,29.63,Store Credit,Delayed
ORD102568,CUST00822,2026-01-16,PROD0018:3:13.24,39.72,Apple Pay,Delivered
ORD102569,CUST01036,2025-11-13,PROD0200:1:39.66,39.66,Amex,Delivered
ORD102570,CUST00307,2026-06-10,PROD0213:1:69.08,69.08,Store Credit,Shipped
ORD102571,CUST01070,2026-03-14,PROD0231:3:10.76,32.28,PayPal,Processing
ORD102572,CUST00070,2026-02-13,PROD0201:1:12.0,12.0,Apple Pay,Delivered
ORD102573,CUST01059,2026-05-27,PROD0212:5:40.49,202.45,Apple Pay,Processing
ORD102574,CUST00559,2026-06-30,PROD0065:5:99.72|PROD0229:4:30.85|PROD0267:4:85.78|PROD0128:4:112.67,1415.8,Amex,Delivered
ORD102575,CUST01004,2025-11-05,PROD0004:2:9.47,18.94,Mastercard,Shipped
ORD102576,CUST00751,2025-10-29,PROD0129:3:19.99,59.97,Amex,Out for Delivery
ORD102577,CUST00644,2026-01-14,PROD0153:2:32.56,65.12,Visa,Delivered
ORD102578,CUST00734,2026-04-14,PROD0103:5:35.6|PROD0006:4:6.78|PROD0035:4:186.35,950.52,Store Credit,Processing
ORD102579,CUST00407,2025-08-30,PROD0123:5:38.34,191.7,Apple Pay,Shipped
ORD102580,CUST00892,2026-05-24,PROD0239:5:87.92|PROD0123:3:38.34,554.62,Mastercard,Delivered
ORD102581,CUST01143,2026-06-20,PROD0277:4:30.38|PROD0232:2:130.11,381.74,Amex,Cancelled
ORD102582,CUST00357,2026-04-05,PROD0225:4:129.56,518.24,Amex,Delivered
ORD102583,CUST00827,2025-10-18,PROD0251:2:9.74,19.48,PayPal,Delivered
ORD102584,CUST00921,2025-11-17,PROD0292:4:56.02|PROD0061:4:25.67|PROD0204:1:171.38,498.14,Amex,Delivered
ORD102585,CUST00156,2026-04-13,PROD0160:4:27.79,111.16,Apple Pay,Shipped
ORD102586,CUST00701,2026-03-20,PROD0227:1:148.49,148.49,Store Credit,Shipped
ORD102587,CUST00310,2026-05-31,PROD0014:5:232.45,1162.25,Visa,Delivered
ORD102588,CUST00980,2025-09-17,PROD0178:2:137.06|PROD0162:1:142.57|PROD0266:5:101.77|PROD0096:1:50.63,976.17,Amex,Delayed
ORD102589,CUST00561,2026-06-29,PROD0102:1:10.54,10.54,PayPal,Delivered
ORD102590,CUST00281,2025-11-21,PROD0126:1:82.81|PROD0125:1:19.13|PROD0090:2:15.79|PROD0046:3:33.24,233.24,Apple Pay,Returned
ORD102591,CUST00341,2026-07-24,PROD0001:5:121.73|PROD0185:2:34.57|PROD0220:3:35.61,784.62,Mastercard,Shipped
ORD102592,CUST00384,2025-11-05,PROD0242:5:23.74|PROD0262:2:174.58,467.86,PayPal,Delivered
ORD102593,CUST01040,2025-09-27,PROD0207:2:26.58,53.16,PayPal,Processing
ORD102594,CUST00396,2026-05-15,PROD0014:4:232.45,929.8,Visa,Delayed
ORD102595,CUST00184,2026-06-09,PROD0137:2:26.99|PROD0229:3:30.85|PROD0135:1:13.02,159.55,Apple Pay,Delivered
ORD102596,CUST00901,2025-11-17,PROD0259:2:27.72,55.44,Store Credit,Shipped
ORD102597,CUST01004,2026-03-05,PROD0287:1:49.41,49.41,PayPal,Processing
ORD102598,CUST00027,2025-08-18,PROD0016:1:12.58,12.58,Amex,Cancelled
ORD102599,CUST00551,2025-12-15,PROD0267:2:85.78|PROD0009:1:31.16|PROD0041:3:26.94,283.54,Mastercard,Delivered
ORD102600,CUST00974,2025-09-23,PROD0177:3:58.87,176.61,Store Credit,Shipped
ORD102601,CUST00818,2026-06-13,PROD0025:2:16.49|PROD0035:4:186.35,778.38,PayPal,Delivered
ORD102602,CUST00620,2026-05-03,PROD0204:5:171.38|PROD0013:1:24.34,881.24,Visa,Cancelled
ORD102603,CUST00381,2025-08-05,PROD0043:3:53.62,160.86,Apple Pay,Cancelled
ORD102604,CUST00287,2026-02-28,PROD0198:3:74.76,224.28,Amex,Delivered
ORD102605,CUST00518,2026-05-24,PROD0060:3:25.69,77.07,Mastercard,Delivered
ORD102606,CUST00616,2026-05-31,PROD0136:4:75.27,301.08,Apple Pay,Delivered
ORD102607,CUST00065,2026-01-16,PROD0231:1:10.76|PROD0149:5:111.96|PROD0052:2:62.04,694.64,Store Credit,Delivered
ORD102608,CUST00967,2026-06-14,PROD0185:5:34.57|PROD0080:3:101.65|PROD0038:5:153.69,1246.25,PayPal,Delayed
ORD102609,CUST01055,2026-07-11,PROD0074:5:30.72|PROD0168:3:193.82,735.06,Mastercard,Delivered
ORD102610,CUST00763,2025-09-10,PROD0189:5:116.79,583.95,PayPal,Processing
ORD102611,CUST01032,2026-01-02,PROD0106:1:116.2,116.2,Store Credit,Delivered
ORD102612,CUST00715,2026-07-18,PROD0141:3:98.61|PROD0008:1:165.66,461.49,Store Credit,Processing
ORD102613,CUST00447,2026-07-28,PROD0254:1:110.83,110.83,Amex,Delivered
ORD102614,CUST00181,2025-09-21,PROD0299:3:56.12,168.36,Mastercard,Out for Delivery
ORD102615,CUST00884,2025-09-08,PROD0052:2:62.04,124.08,Apple Pay,Out for Delivery
ORD102616,CUST00247,2026-01-16,PROD0131:1:11.48,11.48,PayPal,Delivered
ORD102617,CUST00078,2026-06-01,PROD0176:2:106.09,212.18,PayPal,Returned
ORD102618,CUST01049,2026-07-24,PROD0031:1:213.56|PROD0001:2:121.73|PROD0040:2:6.69,470.4,Apple Pay,Delivered
ORD102619,CUST00821,2025-12-02,PROD0281:2:37.35,74.7,Amex,Delivered
ORD102620,CUST00047,2026-04-05,PROD0029:3:81.59,244.77,Store Credit,Returned
ORD102621,CUST00728,2026-03-10,PROD0204:2:171.38,342.76,PayPal,Delivered
ORD102622,CUST01074,2025-09-30,PROD0191:4:66.03|PROD0299:5:56.12|PROD0041:5:26.94|PROD0180:1:13.81,693.23,Amex,Delivered
ORD102623,CUST00060,2025-10-09,PROD0248:2:78.55,157.1,Amex,Delivered
ORD102624,CUST00873,2025-10-17,PROD0235:4:35.87|PROD0089:3:58.99,320.45,Apple Pay,Processing
ORD102625,CUST00065,2025-12-11,PROD0160:3:27.79,83.37,Store Credit,Delayed
ORD102626,CUST00035,2025-11-23,PROD0031:2:213.56,427.12,Visa,Delivered
ORD102627,CUST01118,2026-01-03,PROD0145:2:16.58,33.16,PayPal,Delivered
ORD102628,CUST00980,2026-03-29,PROD0065:4:99.72,398.88,Amex,Delivered
ORD102629,CUST00889,2026-05-28,PROD0157:1:160.75,160.75,Amex,Delivered
ORD102630,CUST00407,2026-07-26,PROD0112:5:112.59,562.95,Visa,Delivered
ORD102631,CUST00017,2026-01-28,PROD0066:1:117.07|PROD0024:1:45.08,162.15,PayPal,Delivered
ORD102632,CUST00535,2025-10-08,PROD0283:1:33.8,33.8,Mastercard,Processing
ORD102633,CUST00126,2025-09-06,PROD0208:5:29.11,145.55,PayPal,Cancelled
ORD102634,CUST00213,2026-02-26,PROD0021:1:148.05|PROD0250:1:8.48,156.53,Store Credit,Shipped
ORD102635,CUST00821,2026-03-19,PROD0299:1:56.12,56.12,PayPal,Cancelled
ORD102636,CUST00076,2026-02-03,PROD0265:4:21.16|PROD0206:3:37.39|PROD0006:2:6.78|PROD0094:2:136.82,484.01,Mastercard,Delivered
ORD102637,CUST00628,2025-12-20,PROD0283:4:33.8,135.2,Visa,Delivered
ORD102638,CUST00715,2026-01-03,PROD0031:2:213.56,427.12,Amex,Processing
ORD102639,CUST00524,2025-10-25,PROD0119:4:234.85,939.4,Mastercard,Shipped
ORD102640,CUST00940,2025-09-27,PROD0269:1:144.62,144.62,Store Credit,Delivered
ORD102641,CUST00396,2026-03-11,PROD0150:2:90.15|PROD0192:2:129.12|PROD0065:1:99.72|PROD0237:5:10.39,590.21,Store Credit,Delayed
ORD102642,CUST00636,2026-01-17,PROD0181:3:4.29,12.87,Store Credit,Out for Delivery
ORD102643,CUST00012,2025-08-12,PROD0037:3:94.05|PROD0249:1:9.97|PROD0101:2:170.06|PROD0054:4:55.49,854.2,Amex,Delivered
ORD102644,CUST00090,2025-08-25,PROD0176:2:106.09,212.18,Visa,Delivered
ORD102645,CUST00827,2026-01-03,PROD0139:3:31.77|PROD0111:2:31.83|PROD0225:5:129.56,806.77,Mastercard,Processing
ORD102646,CUST01143,2025-08-25,PROD0002:4:96.62,386.48,Store Credit,Delivered
ORD102647,CUST00219,2025-12-19,PROD0215:1:59.37,59.37,PayPal,Shipped
ORD102648,CUST00438,2025-09-28,PROD0176:5:106.09|PROD0200:2:39.66,609.77,Visa,Processing
ORD102649,CUST00160,2026-03-03,PROD0022:5:55.37|PROD0204:4:171.38,962.37,Visa,Cancelled
ORD102650,CUST00661,2026-01-17,PROD0267:3:85.78|PROD0130:2:30.13|PROD0140:2:235.93,789.46,Store Credit,Delivered
ORD102651,CUST00588,2026-02-07,PROD0018:3:13.24,39.72,PayPal,Delivered
ORD102652,CUST00682,2026-03-29,PROD0092:4:55.86|PROD0296:1:70.76,294.2,PayPal,Delivered
ORD102653,CUST00900,2025-08-22,PROD0112:4:112.59|PROD0041:4:26.94|PROD0024:2:45.08,648.28,Store Credit,Delivered
ORD102654,CUST00356,2025-10-22,PROD0204:1:171.38,171.38,PayPal,Delivered
ORD102655,CUST00972,2025-11-12,PROD0180:2:13.81,27.62,Store Credit,Out for Delivery
ORD102656,CUST00177,2026-01-17,PROD0147:5:129.73,648.65,PayPal,Processing
ORD102657,CUST00715,2025-11-02,PROD0282:5:114.39,571.95,Amex,Delivered
ORD102658,CUST00957,2026-02-02,PROD0160:2:27.79,55.58,Mastercard,Delivered
ORD102659,CUST00072,2026-01-05,PROD0195:1:16.36,16.36,Store Credit,Delivered
ORD102660,CUST00638,2025-08-15,PROD0213:4:69.08,276.32,Visa,Cancelled
ORD102661,CUST00400,2026-01-10,PROD0087:2:72.87,145.74,Mastercard,Returned
ORD102662,CUST00768,2026-01-28,PROD0044:4:79.04|PROD0300:3:18.47|PROD0017:4:145.85,954.97,Mastercard,Processing
ORD102663,CUST00828,2026-04-04,PROD0060:4:25.69|PROD0040:5:6.69,136.21,Mastercard,Delivered
ORD102664,CUST01005,2025-10-09,PROD0067:3:11.15|PROD0073:2:197.85,429.15,Visa,Shipped
ORD102665,CUST00592,2026-04-04,PROD0133:3:32.07,96.21,Store Credit,Delayed
ORD102666,CUST00579,2025-08-23,PROD0100:4:81.87,327.48,PayPal,Shipped
ORD102667,CUST00967,2026-05-03,PROD0247:2:72.46|PROD0190:1:68.53|PROD0214:1:21.47|PROD0172:1:30.66,265.58,Mastercard,Delivered
ORD102668,CUST00107,2026-06-11,PROD0019:2:32.14,64.28,PayPal,Cancelled
ORD102669,CUST00543,2025-10-10,PROD0111:3:31.83|PROD0242:4:23.74,190.45,PayPal,Delayed
ORD102670,CUST01031,2026-06-13,PROD0293:3:26.46,79.38,PayPal,Delivered
ORD102671,CUST01047,2025-11-16,PROD0159:1:20.43,20.43,Mastercard,Out for Delivery
ORD102672,CUST01027,2025-08-12,PROD0260:5:135.73|PROD0016:5:12.58,741.55,Visa,Shipped
ORD102673,CUST00562,2025-12-31,PROD0066:2:117.07,234.14,Store Credit,Delivered
ORD102674,CUST00447,2026-07-26,PROD0095:2:26.42,52.84,Amex,Delivered
ORD102675,CUST00822,2026-05-22,PROD0096:5:50.63,253.15,PayPal,Returned
ORD102676,CUST00826,2025-10-26,PROD0152:1:34.78|PROD0167:2:13.38,61.54,PayPal,Delivered
ORD102677,CUST00213,2026-04-01,PROD0048:5:19.97,99.85,Mastercard,Delivered
ORD102678,CUST00826,2026-01-14,PROD0028:5:89.71|PROD0211:5:15.2|PROD0112:3:112.59|PROD0222:1:52.54,914.86,PayPal,Returned
ORD102679,CUST00777,2026-02-26,PROD0208:2:29.11|PROD0032:2:22.58,103.38,Amex,Delivered
ORD102680,CUST00974,2025-12-14,PROD0129:2:19.99,39.98,Visa,Delivered
ORD102681,CUST00118,2026-07-27,PROD0076:1:22.51|PROD0093:2:119.59|PROD0075:3:42.82,390.15,Apple Pay,Delivered
ORD102682,CUST00400,2025-09-21,PROD0052:1:62.04,62.04,Store Credit,Out for Delivery
ORD102683,CUST00569,2025-08-11,PROD0107:3:106.43,319.29,Mastercard,Delivered
ORD102684,CUST00092,2025-09-07,PROD0034:2:6.64|PROD0195:2:16.36,46.0,Amex,Processing
ORD102685,CUST01087,2026-07-24,PROD0134:2:178.43,356.86,Apple Pay,Delivered
ORD102686,CUST01074,2026-05-02,PROD0131:3:11.48,34.44,Apple Pay,Processing
ORD102687,CUST00286,2026-04-18,PROD0178:4:137.06|PROD0236:5:37.87|PROD0061:1:25.67|PROD0286:5:11.4,820.26,Store Credit,Out for Delivery
ORD102688,CUST00740,2025-09-22,PROD0165:1:38.86|PROD0128:2:112.67|PROD0215:2:59.37|PROD0174:5:22.41,494.99,Visa,Returned
ORD102689,CUST00900,2025-08-04,PROD0124:2:57.05,114.1,Visa,Delivered
ORD102690,CUST00991,2025-08-01,PROD0192:2:129.12,258.24,Mastercard,Processing
ORD102691,CUST00686,2026-04-26,PROD0155:5:146.86|PROD0001:4:121.73|PROD0199:2:192.45,1606.12,PayPal,Returned
ORD102692,CUST00532,2025-11-07,PROD0055:4:32.88,131.52,Store Credit,Cancelled
ORD102693,CUST00927,2026-01-06,PROD0286:3:11.4|PROD0198:4:74.76,333.24,Visa,Returned
ORD102694,CUST00669,2025-07-30,PROD0053:4:30.53,122.12,Apple Pay,Delivered
ORD102695,CUST00115,2026-03-12,PROD0030:5:27.16,135.8,Amex,Delivered
ORD102696,CUST00382,2025-08-27,PROD0170:3:12.14,36.42,Store Credit,Delivered
ORD102697,CUST00673,2026-01-04,PROD0184:5:76.1,380.5,Apple Pay,Out for Delivery
ORD102698,CUST00186,2026-02-15,PROD0295:2:56.15|PROD0076:3:22.51,179.83,Apple Pay,Processing
ORD102699,CUST00465,2026-04-05,PROD0101:4:170.06|PROD0216:2:7.93,696.1,Visa,Shipped
ORD102700,CUST00170,2026-01-23,PROD0138:5:18.75|PROD0190:5:68.53|PROD0025:5:16.49|PROD0218:3:151.18,972.39,Apple Pay,Shipped
ORD102701,CUST00007,2026-07-25,PROD0171:3:115.91,347.73,Amex,Out for Delivery
ORD102702,CUST00552,2026-05-15,PROD0135:1:13.02|PROD0082:3:33.12,112.38,Apple Pay,Delivered
ORD102703,CUST00079,2025-08-10,PROD0190:1:68.53|PROD0082:2:33.12|PROD0249:3:9.97|PROD0239:3:87.92,428.44,PayPal,Cancelled
ORD102704,CUST00334,2025-11-25,PROD0232:4:130.11,520.44,Store Credit,Shipped
ORD102705,CUST00202,2026-06-13,PROD0012:2:54.17|PROD0250:3:8.48|PROD0087:4:72.87,425.26,Apple Pay,Delivered
ORD102706,CUST00955,2025-10-09,PROD0074:3:30.72,92.16,Apple Pay,Delivered
ORD102707,CUST00192,2026-01-01,PROD0229:2:30.85,61.7,Visa,Shipped
ORD102708,CUST01130,2026-06-11,PROD0254:3:110.83,332.49,Amex,Delivered
ORD102709,CUST00045,2025-12-02,PROD0286:3:11.4|PROD0279:4:19.87,113.68,Store Credit,Delivered
ORD102710,CUST00356,2025-09-13,PROD0061:4:25.67,102.68,PayPal,Processing
ORD102711,CUST00686,2025-12-07,PROD0135:1:13.02|PROD0298:2:12.54,38.1,Apple Pay,Delivered
ORD102712,CUST00287,2026-06-15,PROD0105:4:114.17|PROD0146:1:25.49|PROD0120:5:80.47|PROD0022:2:55.37,995.26,Visa,Delayed
ORD102713,CUST00588,2025-10-22,PROD0035:5:186.35|PROD0271:1:9.6|PROD0193:1:29.24|PROD0237:1:10.39,980.98,Visa,Shipped
ORD102714,CUST00288,2026-07-08,PROD0231:2:10.76|PROD0163:3:76.48,250.96,Amex,Delivered
ORD102715,CUST00925,2026-07-20,PROD0201:2:12.0,24.0,Store Credit,Shipped
ORD102716,CUST01052,2025-12-11,PROD0074:4:30.72|PROD0030:3:27.16|PROD0116:5:9.23|PROD0037:1:94.05,344.56,Visa,Delivered
ORD102717,CUST00682,2026-06-10,PROD0175:2:37.15,74.3,Apple Pay,Shipped
ORD102718,CUST00378,2026-03-14,PROD0164:2:106.62,213.24,Amex,Returned
ORD102719,CUST00542,2026-05-20,PROD0121:3:31.31|PROD0286:5:11.4,150.93,Amex,Delivered
ORD102720,CUST01128,2026-01-04,PROD0073:1:197.85,197.85,Visa,Delivered
ORD102721,CUST00392,2025-09-20,PROD0232:3:130.11|PROD0234:5:120.92,994.93,Mastercard,Shipped
ORD102722,CUST01032,2025-12-17,PROD0027:2:8.85,17.7,Mastercard,Shipped
ORD102723,CUST00644,2025-09-26,PROD0110:4:36.36,145.44,Visa,Delivered
ORD102724,CUST00325,2026-01-24,PROD0199:4:192.45,769.8,Store Credit,Delivered
ORD102725,CUST00765,2025-11-13,PROD0187:5:21.11,105.55,Amex,Cancelled
ORD102726,CUST00921,2026-06-13,PROD0204:5:171.38|PROD0180:2:13.81|PROD0082:5:33.12|PROD0033:3:50.93,1202.91,Visa,Delayed
ORD102727,CUST00616,2025-11-13,PROD0219:4:122.77|PROD0101:5:170.06,1341.38,Mastercard,Cancelled
ORD102728,CUST00396,2025-12-26,PROD0182:4:235.58|PROD0279:3:19.87,1001.93,PayPal,Returned
ORD102729,CUST00126,2026-02-02,PROD0027:4:8.85|PROD0203:3:248.58|PROD0238:3:88.09|PROD0298:1:12.54,1057.95,Store Credit,Delivered
ORD102730,CUST01147,2026-03-04,PROD0256:5:7.79,38.95,Apple Pay,Delivered
ORD102731,CUST00799,2025-11-19,PROD0094:5:136.82,684.1,Apple Pay,Delivered
ORD102732,CUST00334,2025-08-13,PROD0081:3:27.98|PROD0093:2:119.59,323.12,Mastercard,Delivered
ORD102733,CUST00775,2025-12-01,PROD0050:3:15.03,45.09,Amex,Shipped
ORD102734,CUST00386,2026-01-14,PROD0287:5:49.41,247.05,Store Credit,Delivered
ORD102735,CUST00745,2026-06-03,PROD0035:5:186.35|PROD0222:3:52.54,1089.37,Amex,Delivered
ORD102736,CUST00107,2026-05-18,PROD0034:1:6.64|PROD0281:4:37.35,156.04,Store Credit,Out for Delivery
ORD102737,CUST00867,2025-11-29,PROD0014:5:232.45,1162.25,Apple Pay,Shipped
ORD102738,CUST00751,2026-06-20,PROD0232:1:130.11|PROD0138:3:18.75|PROD0032:5:22.58,299.26,Store Credit,Delivered
ORD102739,CUST00535,2025-12-30,PROD0261:3:78.93,236.79,Store Credit,Processing
ORD102740,CUST00745,2026-02-23,PROD0292:1:56.02,56.02,Store Credit,Delayed
ORD102741,CUST00170,2025-09-29,PROD0294:4:28.58|PROD0105:3:114.17,456.83,PayPal,Delayed
ORD102742,CUST00889,2026-03-03,PROD0058:3:90.72|PROD0109:1:29.51,301.67,Store Credit,Delivered
ORD102743,CUST00974,2025-08-30,PROD0299:2:56.12|PROD0068:4:30.3,233.44,Apple Pay,Shipped
ORD102744,CUST00901,2025-08-04,PROD0116:3:9.23,27.69,Apple Pay,Processing
ORD102745,CUST01074,2026-06-14,PROD0133:5:32.07|PROD0188:4:10.76,203.39,Amex,Shipped
ORD102746,CUST00286,2026-06-20,PROD0103:4:35.6|PROD0105:3:114.17,484.91,Store Credit,Shipped
ORD102747,CUST01083,2026-04-10,PROD0058:1:90.72|PROD0288:1:79.59|PROD0265:1:21.16,191.47,Mastercard,Processing
ORD102748,CUST00668,2026-07-07,PROD0107:2:106.43|PROD0104:2:24.87|PROD0049:3:79.17|PROD0137:1:26.99,527.1,PayPal,Shipped
ORD102749,CUST00957,2026-04-17,PROD0021:5:148.05,740.25,Mastercard,Processing
ORD102750,CUST00784,2025-10-26,PROD0260:2:135.73|PROD0073:1:197.85,469.31,Store Credit,Delivered
ORD102751,CUST00480,2026-05-13,PROD0131:5:11.48,57.4,Visa,Delivered
ORD102752,CUST00382,2026-04-17,PROD0069:3:29.63,88.89,PayPal,Processing
ORD102753,CUST00247,2026-05-02,PROD0115:4:182.29|PROD0049:4:79.17|PROD0123:3:38.34,1160.86,Visa,Delivered
ORD102754,CUST00734,2026-06-22,PROD0115:2:182.29,364.58,Amex,Delivered
ORD102755,CUST00745,2026-01-17,PROD0250:3:8.48|PROD0215:3:59.37|PROD0284:4:36.34,348.91,Visa,Delivered
ORD102756,CUST00896,2025-10-05,PROD0235:4:35.87,143.48,Apple Pay,Delivered
ORD102757,CUST00551,2025-12-02,PROD0171:1:115.91|PROD0023:2:18.55|PROD0052:3:62.04,339.13,Store Credit,Delivered
ORD102758,CUST00647,2026-05-29,PROD0140:5:235.93,1179.65,Store Credit,Delivered
ORD102759,CUST00070,2025-08-27,PROD0129:3:19.99,59.97,Apple Pay,Returned
ORD102760,CUST00965,2025-12-31,PROD0216:3:7.93,23.79,Store Credit,Delivered
ORD102761,CUST01048,2026-04-17,PROD0202:3:14.1,42.3,Visa,Delivered
ORD102762,CUST00602,2025-10-17,PROD0051:2:43.91,87.82,Apple Pay,Processing
ORD102763,CUST01160,2026-01-20,PROD0113:5:29.87,149.35,PayPal,Delivered
ORD102764,CUST00955,2025-10-21,PROD0085:3:87.79,263.37,Visa,Returned
ORD102765,CUST01149,2025-10-08,PROD0234:2:120.92,241.84,Amex,Delivered
ORD102766,CUST00484,2025-10-20,PROD0286:5:11.4,57.0,PayPal,Cancelled
ORD102767,CUST00035,2025-10-19,PROD0001:5:121.73,608.65,Store Credit,Delivered
ORD102768,CUST00326,2025-09-12,PROD0144:3:37.09,111.27,Apple Pay,Cancelled
ORD102769,CUST00381,2026-01-23,PROD0289:5:44.66|PROD0297:1:171.88,395.18,Visa,Shipped
ORD102770,CUST00350,2025-07-31,PROD0098:2:87.67,175.34,Store Credit,Out for Delivery
ORD102771,CUST00592,2026-03-19,PROD0228:1:11.51|PROD0066:3:117.07,362.72,Store Credit,Delivered
ORD102772,CUST00166,2026-07-13,PROD0236:1:37.87|PROD0116:4:9.23,74.79,Mastercard,Delivered
ORD102773,CUST00560,2026-05-19,PROD0249:2:9.97|PROD0061:1:25.67,45.61,Mastercard,Cancelled
ORD102774,CUST00190,2026-05-02,PROD0222:3:52.54|PROD0040:1:6.69|PROD0026:5:54.92|PROD0076:5:22.51,551.46,Apple Pay,Delayed
ORD102775,CUST01025,2026-03-12,PROD0299:1:56.12,56.12,Store Credit,Delivered
ORD102776,CUST00644,2025-08-27,PROD0274:3:126.5|PROD0025:3:16.49|PROD0027:1:8.85|PROD0191:2:66.03,569.88,PayPal,Delivered
ORD102777,CUST00818,2026-03-28,PROD0013:1:24.34,24.34,PayPal,Delivered
ORD102778,CUST00692,2026-03-17,PROD0047:5:58.31|PROD0280:1:218.73|PROD0138:4:18.75|PROD0188:2:10.76,606.8,Mastercard,Cancelled
ORD102779,CUST00463,2025-09-07,PROD0099:4:133.23,532.92,PayPal,Delivered
ORD102780,CUST00422,2025-09-12,PROD0195:2:16.36,32.72,Visa,Delivered
ORD102781,CUST00869,2025-10-16,PROD0167:4:13.38|PROD0145:3:16.58,103.26,Apple Pay,Returned
ORD102782,CUST00439,2025-12-29,PROD0028:2:89.71,179.42,Mastercard,Delivered
ORD102783,CUST01036,2026-02-11,PROD0065:4:99.72|PROD0086:4:41.13,563.4,PayPal,Delivered
ORD102784,CUST00687,2025-10-23,PROD0151:1:13.08|PROD0088:3:38.76,129.36,PayPal,Shipped
ORD102785,CUST00520,2026-04-02,PROD0204:1:171.38,171.38,Mastercard,Out for Delivery
ORD102786,CUST00909,2026-02-09,PROD0121:2:31.31|PROD0290:1:105.75|PROD0190:1:68.53,236.9,Apple Pay,Processing
ORD102787,CUST00652,2025-12-20,PROD0131:3:11.48|PROD0003:1:159.09|PROD0048:3:19.97,253.44,Apple Pay,Delivered
ORD102788,CUST00535,2026-02-04,PROD0258:3:29.27|PROD0115:3:182.29|PROD0219:3:122.77,1002.99,PayPal,Shipped
ORD102789,CUST00332,2026-06-18,PROD0030:2:27.16|PROD0156:4:41.63,220.84,PayPal,Shipped
ORD102790,CUST01130,2026-03-18,PROD0221:4:21.66,86.64,Amex,Cancelled
ORD102791,CUST00774,2026-04-17,PROD0272:1:27.45,27.45,PayPal,Shipped
ORD102792,CUST00692,2025-10-19,PROD0212:5:40.49|PROD0247:5:72.46|PROD0037:5:94.05,1035.0,Amex,Delivered
ORD102793,CUST00754,2026-06-08,PROD0098:1:87.67|PROD0163:5:76.48,470.07,Amex,Delayed
ORD102794,CUST00771,2025-09-07,PROD0011:1:22.2,22.2,PayPal,Delivered
ORD102795,CUST00773,2025-11-15,PROD0168:5:193.82,969.1,PayPal,Returned
ORD102796,CUST00402,2025-08-16,PROD0249:5:9.97|PROD0015:4:33.9,185.45,Amex,Delivered
ORD102797,CUST00921,2025-09-22,PROD0293:5:26.46|PROD0074:2:30.72|PROD0230:4:7.64|PROD0177:3:58.87,400.91,Visa,Delivered
ORD102798,CUST00386,2026-07-17,PROD0033:5:50.93,254.65,Amex,Delivered
ORD102799,CUST00336,2026-01-19,PROD0233:1:82.05|PROD0021:4:148.05,674.25,Visa,Delivered
ORD102800,CUST01147,2025-11-18,PROD0022:1:55.37|PROD0164:1:106.62|PROD0050:1:15.03,177.02,Store Credit,Processing
ORD102801,CUST00776,2026-05-15,PROD0138:5:18.75,93.75,PayPal,Delivered
ORD102802,CUST00213,2025-09-08,PROD0218:2:151.18,302.36,Store Credit,Delayed
ORD102803,CUST00407,2025-10-12,PROD0249:1:9.97,9.97,Mastercard,Cancelled
ORD102804,CUST00519,2025-12-31,PROD0200:3:39.66|PROD0162:1:142.57,261.55,Apple Pay,Returned
ORD102805,CUST00540,2026-06-20,PROD0170:4:12.14,48.56,Store Credit,Returned
ORD102806,CUST00069,2026-02-06,PROD0060:4:25.69,102.76,Amex,Shipped
ORD102807,CUST00826,2025-09-14,PROD0067:2:11.15|PROD0008:1:165.66,187.96,PayPal,Processing
ORD102808,CUST00935,2026-03-23,PROD0266:2:101.77,203.54,Apple Pay,Delivered
ORD102809,CUST01158,2026-02-12,PROD0230:4:7.64,30.56,PayPal,Delivered
ORD102810,CUST00086,2025-12-08,PROD0253:4:45.08|PROD0063:3:122.4,547.52,Store Credit,Delayed
ORD102811,CUST00705,2026-03-26,PROD0061:2:25.67,51.34,Apple Pay,Out for Delivery
ORD102812,CUST01158,2025-11-15,PROD0090:4:15.79|PROD0267:2:85.78,234.72,Mastercard,Delivered
ORD102813,CUST00213,2026-05-30,PROD0149:3:111.96|PROD0220:3:35.61,442.71,Apple Pay,Shipped
ORD102814,CUST00363,2026-05-14,PROD0104:5:24.87,124.35,Mastercard,Returned
ORD102815,CUST00751,2026-02-28,PROD0083:2:12.63,25.26,Store Credit,Processing
ORD102816,CUST00382,2026-02-27,PROD0248:5:78.55|PROD0189:2:116.79|PROD0156:1:41.63,667.96,Mastercard,Returned
ORD102817,CUST00160,2026-02-02,PROD0247:1:72.46|PROD0005:3:41.87,198.07,Visa,Cancelled
ORD102818,CUST00730,2026-04-26,PROD0195:2:16.36,32.72,Amex,Delivered
ORD102819,CUST00735,2025-08-31,PROD0230:3:7.64,22.92,PayPal,Delivered
ORD102820,CUST01141,2025-09-15,PROD0297:3:171.88,515.64,Visa,Delivered
ORD102821,CUST00030,2026-05-15,PROD0229:4:30.85,123.4,Store Credit,Shipped
ORD102822,CUST00855,2025-11-22,PROD0052:3:62.04|PROD0045:2:17.66,221.44,Visa,Delivered
ORD102823,CUST00022,2026-03-08,PROD0150:5:90.15|PROD0069:2:29.63,510.01,PayPal,Delivered
ORD102824,CUST01037,2025-08-31,PROD0154:2:191.73,383.46,Apple Pay,Out for Delivery
ORD102825,CUST00686,2026-05-24,PROD0173:2:42.3,84.6,Store Credit,Processing
ORD102826,CUST00045,2025-10-20,PROD0171:5:115.91|PROD0235:5:35.87,758.9,Store Credit,Returned
ORD102827,CUST00573,2025-10-15,PROD0005:1:41.87,41.87,Store Credit,Delivered
ORD102828,CUST00287,2026-06-27,PROD0178:4:137.06,548.24,Store Credit,Processing
ORD102829,CUST00267,2025-10-03,PROD0221:5:21.66|PROD0091:3:94.44|PROD0111:2:31.83|PROD0122:1:113.13,568.41,Apple Pay,Delivered
ORD102830,CUST00989,2026-07-02,PROD0190:4:68.53,274.12,PayPal,Out for Delivery
ORD102831,CUST00065,2026-04-06,PROD0063:1:122.4|PROD0114:1:67.83|PROD0049:4:79.17,506.91,PayPal,Delivered
ORD102832,CUST00860,2026-03-06,PROD0160:5:27.79|PROD0113:4:29.87,258.43,PayPal,Cancelled
ORD102833,CUST00267,2025-09-03,PROD0111:3:31.83,95.49,Apple Pay,Cancelled
ORD102834,CUST00647,2025-09-10,PROD0180:2:13.81|PROD0143:3:209.56|PROD0276:4:75.04,956.46,PayPal,Delivered
ORD102835,CUST00709,2025-07-30,PROD0073:4:197.85|PROD0282:5:114.39,1363.35,Apple Pay,Out for Delivery
ORD102836,CUST00030,2026-07-01,PROD0071:1:156.65,156.65,PayPal,Out for Delivery
ORD102837,CUST01028,2025-12-23,PROD0122:1:113.13|PROD0106:1:116.2|PROD0051:3:43.91,361.06,Apple Pay,Delivered
ORD102838,CUST00241,2026-02-16,PROD0006:4:6.78|PROD0126:2:82.81,192.74,Apple Pay,Delivered
ORD102839,CUST00128,2026-02-19,PROD0032:4:22.58,90.32,Mastercard,Processing
ORD102840,CUST01056,2026-03-11,PROD0149:5:111.96,559.8,Amex,Delivered
ORD102841,CUST00326,2026-01-18,PROD0231:3:10.76|PROD0251:1:9.74|PROD0241:3:95.92,329.78,Apple Pay,Cancelled
ORD102842,CUST00710,2025-09-19,PROD0050:4:15.03,60.12,Mastercard,Delivered
ORD102843,CUST00974,2026-01-26,PROD0259:4:27.72,110.88,Visa,Delivered
ORD102844,CUST00494,2026-02-12,PROD0183:5:73.54|PROD0010:3:98.26,662.48,PayPal,Processing
ORD102845,CUST01148,2026-03-02,PROD0210:3:78.45,235.35,Apple Pay,Delivered
ORD102846,CUST00711,2025-12-16,PROD0134:2:178.43,356.86,Store Credit,Shipped
ORD102847,CUST01131,2026-07-02,PROD0004:4:9.47|PROD0263:1:22.13,60.01,Mastercard,Delivered
ORD102848,CUST00181,2026-05-29,PROD0113:1:29.87|PROD0287:5:49.41,276.92,Store Credit,Shipped
ORD102849,CUST00936,2026-03-02,PROD0053:1:30.53|PROD0262:5:174.58,903.43,PayPal,Delivered
ORD102850,CUST00326,2025-09-12,PROD0266:5:101.77,508.85,Store Credit,Delivered
ORD102851,CUST00412,2025-09-07,PROD0236:3:37.87,113.61,Visa,Shipped
ORD102852,CUST00706,2026-01-21,PROD0252:3:79.63|PROD0217:1:240.36,479.25,Store Credit,Delivered
ORD102853,CUST00905,2026-03-20,PROD0049:3:79.17,237.51,Apple Pay,Delivered
ORD102854,CUST00170,2025-08-11,PROD0146:4:25.49,101.96,PayPal,Delivered
ORD102855,CUST00356,2026-03-06,PROD0156:5:41.63|PROD0130:2:30.13,268.41,PayPal,Delivered
ORD102856,CUST01164,2026-03-28,PROD0021:3:148.05,444.15,Visa,Delivered
ORD102857,CUST01165,2026-02-27,PROD0215:5:59.37,296.85,PayPal,Shipped
ORD102858,CUST00161,2025-11-23,PROD0085:3:87.79,263.37,Apple Pay,Processing
ORD102859,CUST00510,2025-12-11,PROD0045:3:17.66|PROD0014:4:232.45|PROD0218:2:151.18,1285.14,Apple Pay,Shipped
ORD102860,CUST00682,2026-03-12,PROD0250:3:8.48|PROD0233:1:82.05|PROD0132:1:14.3,121.79,Apple Pay,Cancelled
ORD102861,CUST01078,2026-05-25,PROD0063:1:122.4,122.4,Apple Pay,Shipped
ORD102862,CUST01047,2025-10-31,PROD0059:4:125.94,503.76,Apple Pay,Delivered
ORD102863,CUST01183,2026-03-10,PROD0050:3:15.03|PROD0257:4:46.24,230.05,Store Credit,Shipped
ORD102864,CUST01039,2026-01-28,PROD0298:4:12.54,50.16,Amex,Delivered
ORD102865,CUST00111,2026-02-07,PROD0091:5:94.44|PROD0116:3:9.23,499.89,Store Credit,Delivered
ORD102866,CUST01165,2026-06-05,PROD0155:1:146.86|PROD0075:1:42.82,189.68,PayPal,Delivered
ORD102867,CUST00536,2025-09-16,PROD0087:1:72.87,72.87,PayPal,Processing
ORD102868,CUST00341,2025-11-21,PROD0092:5:55.86,279.3,Amex,Delivered
ORD102869,CUST00715,2026-07-13,PROD0245:3:74.39|PROD0028:3:89.71,492.3,PayPal,Delivered
ORD102870,CUST00682,2025-10-15,PROD0101:3:170.06,510.18,Amex,Delivered
ORD102871,CUST01180,2026-06-23,PROD0186:1:24.16|PROD0126:2:82.81,189.78,Visa,Cancelled
ORD102872,CUST00661,2026-01-15,PROD0022:1:55.37|PROD0160:1:27.79,83.16,Amex,Cancelled
ORD102873,CUST00592,2026-03-17,PROD0208:3:29.11,87.33,Mastercard,Delivered
ORD102874,CUST01005,2026-06-15,PROD0263:5:22.13,110.65,PayPal,Cancelled
ORD102875,CUST01070,2026-04-01,PROD0241:2:95.92|PROD0151:5:13.08,257.24,Visa,Delivered
ORD102876,CUST00178,2026-04-01,PROD0011:5:22.2|PROD0252:4:79.63,429.52,Mastercard,Delivered
ORD102877,CUST00860,2026-07-22,PROD0164:5:106.62|PROD0048:4:19.97,612.98,PayPal,Delivered
ORD102878,CUST01032,2026-04-28,PROD0222:2:52.54|PROD0260:2:135.73|PROD0224:4:131.68,903.26,Apple Pay,Shipped
ORD102879,CUST00572,2025-11-06,PROD0045:4:17.66|PROD0253:1:45.08|PROD0195:4:16.36,181.16,Visa,Shipped
ORD102880,CUST00627,2026-01-18,PROD0259:3:27.72,83.16,Visa,Returned
ORD102881,CUST00698,2026-05-14,PROD0045:5:17.66,88.3,Apple Pay,Delivered
ORD102882,CUST01158,2025-10-10,PROD0284:4:36.34,145.36,Visa,Shipped
ORD102883,CUST00529,2026-07-20,PROD0167:5:13.38|PROD0110:2:36.36|PROD0003:3:159.09,616.89,PayPal,Processing
ORD102884,CUST00901,2026-04-14,PROD0067:2:11.15,22.3,PayPal,Delivered
ORD102885,CUST00763,2025-11-29,PROD0192:5:129.12|PROD0002:3:96.62,935.46,Amex,Delayed
ORD102886,CUST00749,2026-07-01,PROD0225:4:129.56,518.24,Store Credit,Delivered
ORD102887,CUST00651,2026-04-26,PROD0220:1:35.61|PROD0140:4:235.93,979.33,Mastercard,Out for Delivery
ORD102888,CUST00740,2025-11-07,PROD0220:5:35.61,178.05,Store Credit,Shipped
ORD102889,CUST00431,2026-05-11,PROD0223:4:26.93|PROD0276:3:75.04|PROD0053:2:30.53,393.9,Mastercard,Processing
ORD102890,CUST01164,2026-06-20,PROD0121:5:31.31|PROD0246:4:61.05,400.75,Apple Pay,Delivered
ORD102891,CUST00286,2025-11-13,PROD0091:4:94.44|PROD0180:4:13.81|PROD0030:2:27.16|PROD0278:2:43.45,574.22,Apple Pay,Delivered
ORD102892,CUST00287,2026-03-14,PROD0276:2:75.04|PROD0212:5:40.49|PROD0227:4:148.49,946.49,Visa,Delivered
ORD102893,CUST00864,2026-05-19,PROD0117:3:34.38|PROD0112:2:112.59|PROD0017:4:145.85,911.72,Apple Pay,Delivered
ORD102894,CUST00495,2025-10-15,PROD0285:4:33.77,135.08,PayPal,Delivered
ORD102895,CUST00167,2025-11-15,PROD0155:1:146.86,146.86,Amex,Delivered
ORD102896,CUST00909,2026-03-30,PROD0204:3:171.38|PROD0268:1:34.77,548.91,Mastercard,Delivered
ORD102897,CUST00628,2026-05-27,PROD0220:2:35.61|PROD0223:3:26.93|PROD0292:3:56.02,320.07,Amex,Out for Delivery
ORD102898,CUST00999,2026-02-06,PROD0147:3:129.73,389.19,PayPal,Delivered
ORD102899,CUST00438,2025-10-10,PROD0158:1:22.41|PROD0194:3:48.76,168.69,Mastercard,Returned
ORD102900,CUST00123,2026-03-30,PROD0241:2:95.92|PROD0224:5:131.68|PROD0289:1:44.66,894.9,Visa,Cancelled
ORD102901,CUST00560,2026-05-09,PROD0006:1:6.78,6.78,Store Credit,Returned
ORD102902,CUST00532,2026-06-11,PROD0179:5:22.52|PROD0188:3:10.76,144.88,Mastercard,Cancelled
ORD102903,CUST00322,2025-10-11,PROD0132:4:14.3|PROD0164:3:106.62|PROD0183:2:73.54,524.14,Mastercard,Delivered
ORD102904,CUST00384,2026-05-18,PROD0044:4:79.04|PROD0229:5:30.85,470.41,Mastercard,Shipped
ORD102905,CUST00909,2026-07-02,PROD0223:1:26.93|PROD0190:1:68.53,95.46,Mastercard,Delayed
ORD102906,CUST00734,2026-04-13,PROD0033:2:50.93|PROD0233:1:82.05,183.91,Store Credit,Out for Delivery
ORD102907,CUST00092,2026-04-21,PROD0298:4:12.54|PROD0290:2:105.75,261.66,Mastercard,Shipped
ORD102908,CUST00644,2025-08-23,PROD0027:5:8.85,44.25,Apple Pay,Returned
ORD102909,CUST00532,2026-05-08,PROD0140:3:235.93,707.79,Store Credit,Returned
ORD102910,CUST01024,2026-06-23,PROD0027:5:8.85|PROD0191:4:66.03|PROD0130:3:30.13,398.76,Visa,Shipped
ORD102911,CUST00804,2025-08-02,PROD0159:4:20.43|PROD0140:1:235.93,317.65,Visa,Delivered
ORD102912,CUST00989,2026-02-07,PROD0029:3:81.59,244.77,Amex,Delivered
ORD102913,CUST00700,2026-05-01,PROD0109:2:29.51|PROD0244:5:28.97|PROD0294:1:28.58,232.45,Amex,Cancelled
ORD102914,CUST00756,2026-03-23,PROD0291:5:12.15,60.75,Mastercard,Delivered
ORD102915,CUST00839,2026-03-03,PROD0140:3:235.93|PROD0255:2:175.96|PROD0037:3:94.05,1341.86,Mastercard,Out for Delivery
ORD102916,CUST00070,2026-07-09,PROD0249:4:9.97,39.88,Apple Pay,Delivered
ORD102917,CUST01101,2025-12-01,PROD0135:3:13.02,39.06,Mastercard,Returned
ORD102918,CUST00519,2026-06-19,PROD0187:4:21.11,84.44,Store Credit,Delivered
ORD102919,CUST00200,2026-05-10,PROD0180:5:13.81|PROD0111:1:31.83,100.88,Amex,Delivered
ORD102920,CUST00110,2026-06-20,PROD0247:4:72.46,289.84,Apple Pay,Shipped
ORD102921,CUST00439,2026-05-31,PROD0175:1:37.15|PROD0130:4:30.13,157.67,Visa,Delivered
ORD102922,CUST00200,2025-12-25,PROD0161:4:19.26|PROD0171:2:115.91|PROD0121:4:31.31,434.1,PayPal,Returned
ORD102923,CUST00735,2025-10-05,PROD0288:1:79.59,79.59,Mastercard,Delayed
ORD102924,CUST00347,2025-10-20,PROD0120:4:80.47,321.88,Amex,Delivered
ORD102925,CUST01087,2026-06-17,PROD0101:3:170.06,510.18,Visa,Delivered
ORD102926,CUST00839,2026-05-21,PROD0229:2:30.85|PROD0088:2:38.76,139.22,Apple Pay,Processing
ORD102927,CUST00070,2026-02-09,PROD0209:5:12.86,64.3,Mastercard,Delivered
ORD102928,CUST00763,2026-01-06,PROD0254:1:110.83|PROD0156:5:41.63,318.98,PayPal,Delivered
ORD102929,CUST00745,2026-03-01,PROD0250:3:8.48,25.44,PayPal,Delivered
ORD102930,CUST00270,2025-10-01,PROD0020:5:33.7,168.5,Amex,Delivered
ORD102931,CUST01053,2026-03-08,PROD0281:3:37.35,112.05,PayPal,Delivered
ORD102932,CUST00636,2025-12-02,PROD0179:2:22.52,45.04,Amex,Delivered
ORD102933,CUST00719,2026-03-29,PROD0244:4:28.97,115.88,Store Credit,Cancelled
ORD102934,CUST00237,2026-06-11,PROD0137:1:26.99,26.99,Store Credit,Shipped
ORD102935,CUST01102,2025-12-30,PROD0053:3:30.53|PROD0160:1:27.79|PROD0299:3:56.12,287.74,Apple Pay,Shipped
ORD102936,CUST01025,2026-03-26,PROD0202:4:14.1,56.4,Store Credit,Processing
ORD102937,CUST00816,2025-11-30,PROD0266:5:101.77|PROD0036:3:51.6|PROD0196:5:161.82,1472.75,PayPal,Delivered
ORD102938,CUST00245,2025-07-31,PROD0004:4:9.47,37.88,Amex,Out for Delivery
ORD102939,CUST00670,2025-10-28,PROD0194:2:48.76,97.52,Mastercard,Processing
ORD102940,CUST00936,2025-10-31,PROD0255:2:175.96,351.92,Store Credit,Delayed
ORD102941,CUST00090,2026-03-24,PROD0108:3:128.9,386.7,Mastercard,Delayed
ORD102942,CUST01102,2026-01-23,PROD0223:4:26.93|PROD0152:1:34.78|PROD0075:4:42.82,313.78,Apple Pay,Delayed
ORD102943,CUST00184,2025-12-09,PROD0125:4:19.13|PROD0059:3:125.94,454.34,Visa,Delivered
ORD102944,CUST01148,2026-06-23,PROD0081:4:27.98|PROD0185:1:34.57|PROD0148:1:59.66|PROD0089:4:58.99,442.11,Apple Pay,Delivered
ORD102945,CUST00385,2026-05-01,PROD0164:3:106.62|PROD0294:3:28.58,405.6,Store Credit,Cancelled
ORD102946,CUST00709,2026-01-12,PROD0248:3:78.55,235.65,Amex,Cancelled
ORD102947,CUST00118,2026-06-13,PROD0182:4:235.58,942.32,Visa,Delivered
ORD102948,CUST00115,2026-03-19,PROD0042:1:241.7,241.7,Mastercard,Delivered
ORD102949,CUST01118,2025-12-24,PROD0110:3:36.36|PROD0172:3:30.66,201.06,PayPal,Processing
ORD102950,CUST00181,2026-04-25,PROD0119:5:234.85|PROD0218:2:151.18,1476.61,Mastercard,Shipped
ORD102951,CUST00700,2026-07-17,PROD0174:2:22.41,44.82,Amex,Returned
ORD102952,CUST00886,2026-04-28,PROD0290:3:105.75|PROD0078:4:167.27,986.33,Amex,Delivered
ORD102953,CUST01070,2025-08-18,PROD0011:1:22.2|PROD0084:2:98.15|PROD0092:2:55.86,330.22,Amex,Shipped
ORD102954,CUST00128,2025-12-09,PROD0065:2:99.72,199.44,Mastercard,Delivered
ORD102955,CUST00059,2026-03-30,PROD0019:3:32.14,96.42,Store Credit,Delivered
ORD102956,CUST00161,2026-07-12,PROD0181:5:4.29,21.45,Mastercard,Delivered
ORD102957,CUST00690,2025-12-14,PROD0021:2:148.05,296.1,PayPal,Delivered
ORD102958,CUST00564,2025-10-28,PROD0281:1:37.35,37.35,Amex,Delivered
ORD102959,CUST00441,2026-01-14,PROD0012:5:54.17,270.85,Store Credit,Delivered
ORD102960,CUST00354,2026-04-09,PROD0201:2:12.0|PROD0292:5:56.02|PROD0293:1:26.46|PROD0290:5:105.75,859.31,Visa,Returned
ORD102961,CUST01102,2025-09-10,PROD0005:2:41.87|PROD0019:3:32.14,180.16,Amex,Delivered
ORD102962,CUST00928,2025-11-14,PROD0104:2:24.87,49.74,Visa,Cancelled
ORD102963,CUST00735,2026-05-29,PROD0210:5:78.45|PROD0223:4:26.93,499.97,Store Credit,Processing
ORD102964,CUST00943,2025-12-14,PROD0046:4:33.24,132.96,Visa,Delivered
ORD102965,CUST00825,2026-02-01,PROD0149:1:111.96|PROD0103:1:35.6,147.56,PayPal,Delivered
ORD102966,CUST00295,2026-03-23,PROD0213:1:69.08,69.08,Apple Pay,Shipped
ORD102967,CUST01068,2025-12-30,PROD0083:2:12.63,25.26,Store Credit,Delivered
ORD102968,CUST00350,2025-08-01,PROD0263:5:22.13|PROD0056:1:242.05,352.7,Visa,Out for Delivery
ORD102969,CUST00644,2025-08-29,PROD0008:2:165.66|PROD0041:3:26.94,412.14,Amex,Delivered
ORD102970,CUST00863,2025-10-31,PROD0211:3:15.2,45.6,Amex,Delivered
ORD102971,CUST00286,2026-02-18,PROD0149:2:111.96,223.92,Store Credit,Delivered
ORD102972,CUST00860,2026-06-15,PROD0222:5:52.54,262.7,Visa,Delayed
ORD102973,CUST00787,2026-02-14,PROD0133:2:32.07,64.14,Store Credit,Processing
ORD102974,CUST00384,2026-04-05,PROD0005:5:41.87,209.35,PayPal,Processing
ORD102975,CUST01048,2026-06-05,PROD0127:3:12.52,37.56,Visa,Cancelled
ORD102976,CUST00652,2026-06-13,PROD0241:3:95.92,287.76,Mastercard,Shipped
ORD102977,CUST00559,2026-03-29,PROD0200:1:39.66,39.66,Apple Pay,Delivered
ORD102978,CUST00398,2025-11-08,PROD0253:2:45.08,90.16,Visa,Delivered
ORD102979,CUST00382,2026-01-18,PROD0295:3:56.15|PROD0213:1:69.08|PROD0140:2:235.93|PROD0228:2:11.51,732.41,Visa,Delivered
ORD102980,CUST00617,2025-10-18,PROD0222:2:52.54,105.08,Amex,Delivered
ORD102981,CUST00644,2026-02-10,PROD0101:4:170.06|PROD0195:4:16.36,745.68,PayPal,Delivered
ORD102982,CUST00666,2025-10-24,PROD0070:2:207.26,414.52,Amex,Delivered
ORD102983,CUST00916,2026-06-08,PROD0131:3:11.48|PROD0209:4:12.86,85.88,Store Credit,Delivered
ORD102984,CUST00794,2025-12-27,PROD0222:3:52.54,157.62,Mastercard,Delivered
ORD102985,CUST00355,2026-04-13,PROD0232:3:130.11,390.33,PayPal,Delivered
ORD102986,CUST00981,2025-09-20,PROD0178:5:137.06|PROD0065:4:99.72|PROD0195:2:16.36,1116.9,PayPal,Delayed
ORD102987,CUST00536,2026-07-15,PROD0146:2:25.49,50.98,PayPal,Delivered
ORD102988,CUST00715,2025-11-02,PROD0264:4:25.7,102.8,Visa,Processing
ORD102989,CUST00183,2026-07-18,PROD0113:2:29.87,59.74,Store Credit,Delivered
ORD102990,CUST00396,2026-07-06,PROD0062:1:20.08|PROD0291:3:12.15|PROD0198:5:74.76,430.33,Visa,Delivered
ORD102991,CUST00852,2025-08-20,PROD0279:5:19.87|PROD0145:3:16.58,149.09,Mastercard,Returned
ORD102992,CUST00939,2026-05-15,PROD0207:1:26.58,26.58,Visa,Delivered
ORD102993,CUST00402,2025-10-18,PROD0232:5:130.11|PROD0271:1:9.6,660.15,Store Credit,Cancelled
ORD102994,CUST00221,2025-08-21,PROD0008:2:165.66,331.32,Apple Pay,Delivered
ORD102995,CUST00561,2025-11-15,PROD0072:2:70.01,140.02,Apple Pay,Cancelled
ORD102996,CUST00743,2026-06-21,PROD0170:2:12.14|PROD0050:5:15.03,99.43,Visa,Shipped
ORD102997,CUST00974,2026-05-09,PROD0115:5:182.29,911.45,Apple Pay,Shipped
ORD102998,CUST00962,2025-12-01,PROD0235:5:35.87,179.35,Store Credit,Delivered
ORD102999,CUST00958,2025-12-27,PROD0197:4:10.66,42.64,Amex,Delivered
ORD103000,CUST00552,2026-02-21,PROD0012:4:54.17,216.68,Amex,Shipped
ORD103001,CUST00463,2026-04-19,PROD0107:1:106.43,106.43,Store Credit,Processing
ORD103002,CUST01074,2026-06-26,PROD0062:3:20.08,60.24,Store Credit,Cancelled
ORD103003,CUST00238,2025-09-06,PROD0225:2:129.56|PROD0211:2:15.2,289.52,Amex,Delivered
ORD103004,CUST00083,2025-10-25,PROD0086:5:41.13,205.65,Apple Pay,Shipped
ORD103005,CUST00682,2026-05-29,PROD0210:2:78.45,156.9,Visa,Delivered
ORD103006,CUST00293,2025-11-07,PROD0164:4:106.62,426.48,Amex,Processing
ORD103007,CUST00069,2026-03-30,PROD0082:2:33.12,66.24,Apple Pay,Delivered
ORD103008,CUST01087,2026-03-07,PROD0253:5:45.08,225.4,Visa,Delivered
ORD103009,CUST00218,2025-11-04,PROD0031:1:213.56,213.56,Mastercard,Processing
ORD103010,CUST00207,2026-01-19,PROD0175:1:37.15,37.15,Store Credit,Delayed
ORD103011,CUST00892,2025-11-04,PROD0190:3:68.53|PROD0128:5:112.67,768.94,Store Credit,Returned
ORD103012,CUST00497,2026-01-18,PROD0042:4:241.7,966.8,PayPal,Delivered
ORD103013,CUST00552,2026-06-19,PROD0141:5:98.61|PROD0240:4:55.35,714.45,Store Credit,Returned
ORD103014,CUST00713,2025-09-13,PROD0131:4:11.48,45.92,Visa,Delivered
ORD103015,CUST00611,2026-04-17,PROD0048:3:19.97,59.91,Visa,Processing
ORD103016,CUST00356,2026-01-04,PROD0238:5:88.09,440.45,Amex,Shipped
ORD103017,CUST00188,2026-05-28,PROD0270:5:25.5,127.5,Amex,Delivered
ORD103018,CUST00161,2025-11-08,PROD0110:4:36.36|PROD0014:4:232.45,1075.24,Visa,Delayed
ORD103019,CUST00637,2026-07-18,PROD0070:1:207.26,207.26,Store Credit,Returned
ORD103020,CUST00572,2026-02-16,PROD0116:3:9.23|PROD0144:3:37.09,138.96,Amex,Delivered
ORD103021,CUST00686,2025-11-20,PROD0210:4:78.45|PROD0101:2:170.06,653.92,Store Credit,Delivered
ORD103022,CUST01052,2025-10-18,PROD0035:4:186.35|PROD0015:1:33.9|PROD0033:4:50.93,983.02,Store Credit,Delivered
ORD103023,CUST00105,2026-01-02,PROD0188:4:10.76,43.04,Mastercard,Delivered
ORD103024,CUST00547,2026-01-07,PROD0215:4:59.37,237.48,PayPal,Delivered
ORD103025,CUST01032,2026-07-01,PROD0173:5:42.3,211.5,Mastercard,Processing
ORD103026,CUST01167,2026-03-03,PROD0096:4:50.63,202.52,Apple Pay,Delivered
ORD103027,CUST00958,2025-11-28,PROD0263:3:22.13,66.39,Store Credit,Shipped
ORD103028,CUST00419,2025-12-20,PROD0083:2:12.63|PROD0254:2:110.83|PROD0277:1:30.38|PROD0192:1:129.12,406.42,Mastercard,Delivered
ORD103029,CUST00267,2026-03-02,PROD0159:5:20.43,102.15,Visa,Out for Delivery
ORD103030,CUST00922,2026-05-06,PROD0024:5:45.08,225.4,Visa,Delivered
ORD103031,CUST00692,2025-09-02,PROD0295:5:56.15|PROD0058:2:90.72,462.19,PayPal,Processing
ORD103032,CUST01087,2026-05-02,PROD0069:4:29.63,118.52,PayPal,Shipped
ORD103033,CUST01149,2025-09-02,PROD0235:3:35.87,107.61,PayPal,Delivered
ORD103034,CUST00118,2026-07-27,PROD0237:5:10.39,51.95,Visa,Shipped
ORD103035,CUST01025,2026-04-29,PROD0242:1:23.74|PROD0173:3:42.3|PROD0174:4:22.41,240.28,Amex,Delivered
ORD103036,CUST00572,2025-09-25,PROD0103:4:35.6|PROD0270:3:25.5|PROD0237:1:10.39|PROD0032:3:22.58,297.03,Visa,Cancelled
ORD103037,CUST01172,2026-06-14,PROD0276:5:75.04|PROD0159:2:20.43|PROD0109:5:29.51,563.61,Visa,Out for Delivery
ORD103038,CUST00701,2025-11-07,PROD0226:2:121.6|PROD0095:4:26.42,348.88,PayPal,Out for Delivery
ORD103039,CUST00635,2026-02-18,PROD0146:2:25.49|PROD0128:1:112.67,163.65,Visa,Returned
ORD103040,CUST00535,2026-07-05,PROD0242:5:23.74,118.7,Store Credit,Returned
ORD103041,CUST00901,2026-05-31,PROD0061:1:25.67|PROD0048:2:19.97,65.61,Amex,Processing
ORD103042,CUST00438,2026-01-09,PROD0204:2:171.38,342.76,Apple Pay,Delivered
ORD103043,CUST00967,2025-08-27,PROD0153:1:32.56|PROD0141:3:98.61,328.39,PayPal,Delivered
ORD103044,CUST00354,2025-10-17,PROD0096:1:50.63|PROD0012:4:54.17|PROD0084:3:98.15,561.76,Mastercard,Shipped
ORD103045,CUST00957,2025-11-23,PROD0201:4:12.0|PROD0015:2:33.9,115.8,Mastercard,Delivered
ORD103046,CUST00862,2026-04-07,PROD0139:4:31.77,127.08,Store Credit,Delivered
ORD103047,CUST00709,2026-03-01,PROD0288:5:79.59|PROD0261:1:78.93,476.88,PayPal,Cancelled
ORD103048,CUST00615,2026-06-19,PROD0224:4:131.68|PROD0177:5:58.87|PROD0272:3:27.45|PROD0174:4:22.41,993.06,Amex,Delayed
ORD103049,CUST00768,2026-07-13,PROD0287:3:49.41,148.23,Amex,Delivered
ORD103050,CUST00638,2026-04-02,PROD0124:3:57.05,171.15,Visa,Returned
ORD103051,CUST00126,2025-11-07,PROD0040:2:6.69|PROD0010:1:98.26,111.64,PayPal,Shipped
ORD103052,CUST00181,2026-04-23,PROD0225:2:129.56|PROD0145:1:16.58,275.7,Apple Pay,Delivered
ORD103053,CUST00830,2025-11-14,PROD0209:3:12.86,38.58,Apple Pay,Delivered
ORD103054,CUST00356,2025-09-04,PROD0120:2:80.47|PROD0267:5:85.78,589.84,PayPal,Shipped
ORD103055,CUST00126,2025-08-26,PROD0053:1:30.53|PROD0254:3:110.83,363.02,Store Credit,Shipped
ORD103056,CUST00213,2025-09-07,PROD0135:3:13.02|PROD0198:3:74.76,263.34,Apple Pay,Delivered
ORD103057,CUST00560,2025-10-09,PROD0093:2:119.59,239.18,PayPal,Processing
ORD103058,CUST00170,2025-11-16,PROD0257:1:46.24|PROD0026:2:54.92,156.08,Amex,Delivered
ORD103059,CUST00701,2026-04-04,PROD0111:2:31.83,63.66,Mastercard,Shipped
ORD103060,CUST00628,2025-12-11,PROD0128:5:112.67|PROD0184:5:76.1,943.85,Store Credit,Shipped
ORD103061,CUST00896,2026-06-26,PROD0028:2:89.71,179.42,Amex,Delivered
ORD103062,CUST00058,2026-05-19,PROD0269:2:144.62,289.24,PayPal,Returned
ORD103063,CUST00562,2025-12-14,PROD0200:1:39.66|PROD0125:2:19.13,77.92,Apple Pay,Processing
ORD103064,CUST00365,2026-07-16,PROD0297:5:171.88|PROD0089:2:58.99|PROD0235:5:35.87|PROD0157:1:160.75,1317.48,Visa,Shipped
ORD103065,CUST00341,2025-10-08,PROD0260:1:135.73|PROD0182:2:235.58,606.89,Amex,Delivered
ORD103066,CUST00520,2026-04-06,PROD0276:4:75.04,300.16,Amex,Delivered
ORD103067,CUST00883,2025-08-12,PROD0147:4:129.73,518.92,Amex,Shipped
ORD103068,CUST01072,2025-11-19,PROD0032:2:22.58,45.16,Mastercard,Delivered
ORD103069,CUST00662,2026-01-28,PROD0276:2:75.04,150.08,PayPal,Delivered
ORD103070,CUST00400,2025-09-15,PROD0041:3:26.94|PROD0077:5:34.86|PROD0183:5:73.54,622.82,Mastercard,Shipped
ORD103071,CUST01074,2026-01-14,PROD0212:4:40.49,161.96,PayPal,Cancelled
ORD103072,CUST00190,2026-07-25,PROD0096:3:50.63|PROD0154:3:191.73,727.08,PayPal,Delivered
ORD103073,CUST01155,2026-07-20,PROD0270:1:25.5|PROD0250:2:8.48|PROD0108:3:128.9|PROD0060:2:25.69,480.54,Amex,Delivered
ORD103074,CUST00035,2026-04-18,PROD0051:1:43.91,43.91,Visa,Processing
ORD103075,CUST00115,2026-05-10,PROD0258:2:29.27|PROD0244:4:28.97,174.42,Mastercard,Delivered
ORD103076,CUST00213,2025-11-01,PROD0004:2:9.47,18.94,PayPal,Delivered
ORD103077,CUST00630,2026-05-17,PROD0022:5:55.37|PROD0194:1:48.76|PROD0161:1:19.26|PROD0297:5:171.88,1204.27,Apple Pay,Delayed
ORD103078,CUST00170,2025-08-12,PROD0040:1:6.69,6.69,Store Credit,Cancelled
ORD103079,CUST00701,2025-08-21,PROD0021:2:148.05|PROD0276:1:75.04|PROD0072:3:70.01|PROD0092:2:55.86,692.89,Mastercard,Delivered
ORD103080,CUST00670,2025-12-26,PROD0037:4:94.05,376.2,Visa,Delivered
ORD103081,CUST01158,2026-06-09,PROD0063:2:122.4|PROD0250:5:8.48,287.2,PayPal,Delivered
ORD103082,CUST00616,2025-11-07,PROD0011:2:22.2,44.4,Amex,Delayed
ORD103083,CUST00409,2025-10-02,PROD0032:2:22.58|PROD0179:3:22.52,112.72,Apple Pay,Cancelled
ORD103084,CUST00876,2026-06-06,PROD0161:4:19.26|PROD0221:5:21.66|PROD0154:4:191.73,952.26,PayPal,Delivered
ORD103085,CUST00107,2025-08-05,PROD0057:3:37.8|PROD0109:2:29.51|PROD0228:4:11.51,218.46,PayPal,Shipped
ORD103086,CUST00302,2026-01-12,PROD0278:4:43.45|PROD0115:2:182.29|PROD0247:2:72.46,683.3,Mastercard,Cancelled
ORD103087,CUST00551,2026-01-14,PROD0176:3:106.09,318.27,PayPal,Delivered
ORD103088,CUST01148,2025-08-17,PROD0180:5:13.81,69.05,Visa,Delivered
ORD103089,CUST01041,2026-07-05,PROD0147:2:129.73|PROD0029:4:81.59,585.82,Apple Pay,Returned
ORD103090,CUST00712,2026-06-19,PROD0270:1:25.5,25.5,Store Credit,Shipped
ORD103091,CUST00435,2025-09-24,PROD0115:5:182.29,911.45,Mastercard,Delivered
ORD103092,CUST00921,2026-01-09,PROD0102:5:10.54,52.7,Store Credit,Delivered
ORD103093,CUST00574,2026-01-11,PROD0034:4:6.64,26.56,PayPal,Cancelled
ORD103094,CUST00818,2026-04-05,PROD0035:4:186.35|PROD0025:3:16.49,794.87,Visa,Delivered
ORD103095,CUST00650,2026-06-16,PROD0080:4:101.65,406.6,Apple Pay,Delivered
ORD103096,CUST00354,2026-06-10,PROD0006:4:6.78|PROD0185:1:34.57|PROD0197:1:10.66,72.35,Store Credit,Processing
ORD103097,CUST00288,2025-10-04,PROD0009:5:31.16|PROD0247:4:72.46|PROD0161:3:19.26,503.42,Store Credit,Delivered
ORD103098,CUST00519,2026-05-22,PROD0069:5:29.63|PROD0257:1:46.24|PROD0209:5:12.86,258.69,Visa,Out for Delivery
ORD103099,CUST00563,2026-05-28,PROD0144:4:37.09|PROD0087:5:72.87|PROD0089:5:58.99|PROD0015:2:33.9,875.46,Amex,Delivered
ORD103100,CUST01131,2026-03-22,PROD0126:3:82.81,248.43,Store Credit,Processing
ORD103101,CUST00692,2025-08-19,PROD0179:2:22.52,45.04,Store Credit,Delivered
ORD103102,CUST00907,2026-04-15,PROD0148:4:59.66|PROD0025:5:16.49,321.09,Apple Pay,Delayed
ORD103103,CUST01006,2026-03-18,PROD0062:2:20.08|PROD0004:3:9.47,68.57,Visa,Delivered
ORD103104,CUST00090,2025-09-22,PROD0034:5:6.64,33.2,Store Credit,Delivered
ORD103105,CUST00185,2025-11-23,PROD0087:1:72.87,72.87,Store Credit,Delivered
ORD103106,CUST00507,2026-06-23,PROD0056:5:242.05|PROD0182:1:235.58,1445.83,PayPal,Shipped
ORD103107,CUST00592,2026-01-11,PROD0266:3:101.77,305.31,Store Credit,Delivered
ORD103108,CUST00908,2026-01-04,PROD0023:5:18.55,92.75,Store Credit,Delivered
ORD103109,CUST00381,2025-10-05,PROD0193:1:29.24|PROD0178:5:137.06|PROD0217:4:240.36,1675.98,Store Credit,Shipped
ORD103110,CUST01176,2026-05-16,PROD0235:5:35.87|PROD0232:4:130.11|PROD0014:4:232.45,1629.59,Amex,Delivered
ORD103111,CUST00636,2026-07-19,PROD0260:1:135.73|PROD0009:4:31.16,260.37,Apple Pay,Delivered
ORD103112,CUST00063,2026-03-26,PROD0048:4:19.97|PROD0090:4:15.79,143.04,PayPal,Shipped
ORD103113,CUST00853,2025-07-31,PROD0185:1:34.57|PROD0080:4:101.65,441.17,Mastercard,Returned
ORD103114,CUST00092,2026-07-13,PROD0086:5:41.13|PROD0261:1:78.93,284.58,Apple Pay,Returned
ORD103115,CUST00673,2025-08-27,PROD0276:2:75.04,150.08,Apple Pay,Delivered
ORD103116,CUST01165,2026-06-27,PROD0145:2:16.58,33.16,Amex,Processing
ORD103117,CUST00777,2026-04-07,PROD0233:1:82.05,82.05,Amex,Shipped
ORD103118,CUST00325,2025-12-27,PROD0162:4:142.57|PROD0300:2:18.47,607.22,PayPal,Delivered
ORD103119,CUST00181,2026-06-05,PROD0287:4:49.41,197.64,Apple Pay,Delivered
ORD103120,CUST00972,2026-07-11,PROD0040:1:6.69|PROD0262:4:174.58|PROD0239:1:87.92,792.93,Amex,Delivered
ORD103121,CUST01128,2026-07-07,PROD0077:1:34.86|PROD0089:5:58.99|PROD0041:5:26.94|PROD0125:4:19.13,541.03,Visa,Delivered
ORD103122,CUST00242,2026-07-26,PROD0046:3:33.24,99.72,Amex,Delivered
ORD103123,CUST00697,2026-02-01,PROD0213:5:69.08|PROD0155:1:146.86,492.26,PayPal,Delivered
ORD103124,CUST00535,2026-01-03,PROD0171:1:115.91,115.91,Amex,Delivered
ORD103125,CUST00180,2026-02-26,PROD0204:3:171.38,514.14,PayPal,Delivered
ORD103126,CUST00426,2025-12-12,PROD0176:2:106.09,212.18,Amex,Delivered
ORD103127,CUST01169,2025-08-07,PROD0101:1:170.06|PROD0180:5:13.81,239.11,PayPal,Delivered
ORD103128,CUST00419,2025-10-12,PROD0044:3:79.04|PROD0026:5:54.92|PROD0018:5:13.24,577.92,Mastercard,Delivered
ORD103129,CUST01149,2025-09-18,PROD0082:3:33.12|PROD0009:1:31.16,130.52,Visa,Cancelled
ORD103130,CUST00433,2025-11-29,PROD0078:4:167.27|PROD0125:2:19.13,707.34,Mastercard,Delivered
ORD103131,CUST00957,2025-11-15,PROD0014:4:232.45,929.8,Mastercard,Delivered
ORD103132,CUST00177,2026-05-18,PROD0231:4:10.76,43.04,Apple Pay,Delivered
ORD103133,CUST01049,2025-10-14,PROD0168:5:193.82,969.1,Apple Pay,Delivered
ORD103134,CUST00958,2026-05-04,PROD0071:1:156.65|PROD0160:3:27.79|PROD0182:1:235.58,475.6,Visa,Shipped
ORD103135,CUST01199,2025-10-03,PROD0198:5:74.76,373.8,Visa,Delivered
ORD103136,CUST00765,2026-06-23,PROD0225:2:129.56,259.12,Apple Pay,Delivered
ORD103137,CUST00410,2026-03-18,PROD0285:1:33.77|PROD0110:2:36.36|PROD0202:3:14.1|PROD0263:3:22.13,215.18,Amex,Delivered
ORD103138,CUST00965,2026-07-21,PROD0218:3:151.18,453.54,Amex,Delivered
ORD103139,CUST00367,2026-01-25,PROD0297:2:171.88,343.76,Amex,Shipped
ORD103140,CUST00848,2026-02-03,PROD0003:5:159.09,795.45,Store Credit,Out for Delivery
ORD103141,CUST00868,2025-10-29,PROD0001:1:121.73,121.73,Mastercard,Processing
ORD103142,CUST00970,2025-11-06,PROD0230:1:7.64|PROD0228:3:11.51,42.17,Amex,Shipped
ORD103143,CUST00784,2026-04-21,PROD0122:4:113.13|PROD0003:5:159.09|PROD0166:2:36.87,1321.71,Store Credit,Processing
ORD103144,CUST01042,2025-10-27,PROD0243:5:47.44,237.2,Store Credit,Delayed
ORD103145,CUST00107,2026-06-26,PROD0141:2:98.61|PROD0074:3:30.72,289.38,PayPal,Out for Delivery
ORD103146,CUST00161,2025-08-10,PROD0086:2:41.13,82.26,Store Credit,Delivered
ORD103147,CUST00346,2026-03-07,PROD0119:2:234.85|PROD0092:3:55.86,637.28,Visa,Delivered
ORD103148,CUST00214,2026-04-07,PROD0178:1:137.06,137.06,Store Credit,Cancelled
ORD103149,CUST00356,2026-02-10,PROD0262:5:174.58,872.9,Amex,Processing
ORD103150,CUST00332,2026-07-10,PROD0168:1:193.82,193.82,Visa,Returned
ORD103151,CUST00572,2026-05-24,PROD0234:5:120.92|PROD0149:3:111.96,940.48,Visa,Cancelled
ORD103152,CUST00226,2026-02-06,PROD0032:5:22.58|PROD0121:4:31.31|PROD0208:2:29.11|PROD0152:4:34.78,435.48,Amex,Delivered
ORD103153,CUST00381,2026-07-18,PROD0118:2:5.27,10.54,Apple Pay,Returned
ORD103154,CUST01102,2025-11-01,PROD0291:4:12.15|PROD0174:1:22.41|PROD0166:5:36.87,255.36,Apple Pay,Delivered
ORD103155,CUST01087,2026-06-24,PROD0025:3:16.49|PROD0119:2:234.85,519.17,Mastercard,Delivered
ORD103156,CUST00860,2026-06-18,PROD0165:5:38.86,194.3,Store Credit,Returned
ORD103157,CUST00943,2026-03-25,PROD0057:1:37.8,37.8,Mastercard,Delivered
ORD103158,CUST00237,2026-07-28,PROD0298:3:12.54,37.62,Mastercard,Delivered
ORD103159,CUST00673,2026-03-17,PROD0012:5:54.17|PROD0001:5:121.73|PROD0048:1:19.97,899.47,Visa,Cancelled
ORD103160,CUST00126,2025-12-03,PROD0093:3:119.59|PROD0141:2:98.61,555.99,Amex,Delivered
ORD103161,CUST00134,2026-03-17,PROD0178:2:137.06|PROD0146:4:25.49,376.08,Visa,Shipped
ORD103162,CUST00965,2026-06-10,PROD0269:1:144.62,144.62,Visa,Shipped
ORD103163,CUST00673,2025-11-03,PROD0098:5:87.67|PROD0044:2:79.04|PROD0204:4:171.38|PROD0241:4:95.92,1665.63,Apple Pay,Delivered
ORD103164,CUST00172,2025-12-19,PROD0060:1:25.69,25.69,Visa,Delivered
ORD103165,CUST00668,2026-06-04,PROD0014:5:232.45,1162.25,Mastercard,Delivered
ORD103166,CUST00401,2026-05-30,PROD0269:3:144.62,433.86,Apple Pay,Cancelled
ORD103167,CUST00382,2026-01-16,PROD0290:2:105.75,211.5,PayPal,Delivered
ORD103168,CUST01074,2026-06-17,PROD0193:2:29.24|PROD0123:1:38.34,96.82,PayPal,Delivered
ORD103169,CUST00535,2025-10-26,PROD0272:5:27.45,137.25,Apple Pay,Delivered
ORD103170,CUST00196,2026-05-05,PROD0258:3:29.27,87.81,Amex,Delivered
ORD103171,CUST01039,2026-02-25,PROD0048:2:19.97,39.94,Amex,Delivered
ORD103172,CUST00816,2026-05-19,PROD0010:1:98.26|PROD0035:5:186.35|PROD0136:1:75.27,1105.28,Apple Pay,Delivered
ORD103173,CUST00905,2026-03-02,PROD0283:5:33.8,169.0,Apple Pay,Delivered
ORD103174,CUST01052,2025-10-15,PROD0153:2:32.56|PROD0094:1:136.82|PROD0008:3:165.66,698.92,Store Credit,Delivered
ORD103175,CUST00773,2026-03-29,PROD0120:4:80.47,321.88,Visa,Delivered
ORD103176,CUST00942,2025-09-29,PROD0215:2:59.37|PROD0213:2:69.08,256.9,Store Credit,Delayed
ORD103177,CUST00715,2026-03-16,PROD0214:3:21.47,64.41,Visa,Delivered
ORD103178,CUST00090,2025-10-07,PROD0003:2:159.09|PROD0043:2:53.62|PROD0283:2:33.8,493.02,Mastercard,Shipped
ORD103179,CUST00935,2026-02-19,PROD0159:1:20.43,20.43,Visa,Processing
ORD103180,CUST00215,2026-02-05,PROD0058:1:90.72,90.72,Amex,Delivered
ORD103181,CUST00896,2026-04-16,PROD0122:2:113.13,226.26,Store Credit,Delivered
ORD103182,CUST00957,2025-08-31,PROD0100:5:81.87,409.35,Visa,Delivered
ORD103183,CUST00186,2025-10-17,PROD0043:4:53.62|PROD0172:3:30.66|PROD0173:1:42.3,348.76,Amex,Cancelled
ORD103184,CUST00293,2026-05-04,PROD0100:3:81.87,245.61,Apple Pay,Delivered
ORD103185,CUST01078,2026-02-25,PROD0053:1:30.53,30.53,Apple Pay,Delivered
ORD103186,CUST00565,2026-01-20,PROD0089:2:58.99,117.98,Visa,Returned
ORD103187,CUST00347,2026-01-05,PROD0112:2:112.59,225.18,Apple Pay,Processing
ORD103188,CUST01087,2026-06-01,PROD0232:1:130.11|PROD0082:1:33.12,163.23,Mastercard,Delivered
ORD103189,CUST00561,2026-03-06,PROD0065:1:99.72|PROD0025:1:16.49,116.21,Apple Pay,Delivered
ORD103190,CUST00538,2026-02-15,PROD0170:2:12.14,24.28,Visa,Shipped
ORD103191,CUST00506,2026-05-31,PROD0242:2:23.74,47.48,Apple Pay,Delivered
ORD103192,CUST00372,2026-01-03,PROD0279:5:19.87,99.35,Visa,Cancelled
ORD103193,CUST00126,2026-06-01,PROD0224:4:131.68|PROD0183:4:73.54|PROD0237:3:10.39,852.05,Store Credit,Delivered
ORD103194,CUST00341,2026-06-30,PROD0176:3:106.09|PROD0122:4:113.13,770.79,Apple Pay,Delivered
ORD103195,CUST00514,2026-05-11,PROD0084:2:98.15,196.3,Amex,Shipped
ORD103196,CUST00651,2026-01-27,PROD0203:3:248.58|PROD0159:3:20.43,807.03,Amex,Delivered
ORD103197,CUST00535,2025-08-27,PROD0113:2:29.87,59.74,Visa,Processing
ORD103198,CUST00821,2026-04-29,PROD0207:3:26.58,79.74,Visa,Out for Delivery
ORD103199,CUST00302,2026-01-17,PROD0058:4:90.72|PROD0107:2:106.43,575.74,Visa,Delayed
ORD103200,CUST00438,2025-12-07,PROD0203:2:248.58,497.16,PayPal,Delivered
ORD103201,CUST00701,2026-05-14,PROD0262:1:174.58|PROD0108:4:128.9|PROD0165:2:38.86,767.9,Amex,Shipped
ORD103202,CUST00115,2025-09-16,PROD0136:2:75.27|PROD0213:4:69.08,426.86,Amex,Returned
ORD103203,CUST01120,2026-04-14,PROD0157:4:160.75|PROD0138:3:18.75|PROD0186:1:24.16,723.41,Amex,Processing
ORD103204,CUST01036,2026-01-21,PROD0018:1:13.24,13.24,PayPal,Delivered
ORD103205,CUST00160,2025-09-13,PROD0073:2:197.85,395.7,Store Credit,Delivered
ORD103206,CUST00733,2026-06-05,PROD0284:5:36.34,181.7,Apple Pay,Shipped
ORD103207,CUST00633,2025-09-03,PROD0219:1:122.77|PROD0209:4:12.86|PROD0225:5:129.56,822.01,Store Credit,Delivered
ORD103208,CUST00901,2026-07-06,PROD0247:4:72.46,289.84,Apple Pay,Delivered
ORD103209,CUST00290,2025-09-14,PROD0171:2:115.91,231.82,Mastercard,Delivered
ORD103210,CUST01158,2025-11-20,PROD0219:4:122.77,491.08,PayPal,Shipped
ORD103211,CUST00190,2025-12-10,PROD0170:1:12.14|PROD0253:3:45.08|PROD0093:3:119.59,506.15,Mastercard,Delivered
ORD103212,CUST00045,2026-05-31,PROD0189:1:116.79,116.79,Store Credit,Delivered
ORD103213,CUST01036,2026-05-22,PROD0051:1:43.91,43.91,Apple Pay,Delivered
ORD103214,CUST00066,2026-01-06,PROD0109:4:29.51,118.04,Amex,Delivered
ORD103215,CUST01160,2025-12-10,PROD0015:3:33.9|PROD0024:1:45.08,146.78,Store Credit,Delivered
ORD103216,CUST01050,2025-09-10,PROD0135:5:13.02,65.1,Visa,Delivered
ORD103217,CUST00407,2026-04-23,PROD0023:3:18.55,55.65,Amex,Delivered
ORD103218,CUST00826,2026-06-07,PROD0083:5:12.63|PROD0069:1:29.63,92.78,Mastercard,Returned
ORD103219,CUST00499,2026-02-21,PROD0118:5:5.27|PROD0006:5:6.78,60.25,Apple Pay,Delivered
ORD103220,CUST01039,2026-02-09,PROD0234:3:120.92,362.76,Amex,Delivered
ORD103221,CUST00569,2026-02-08,PROD0204:1:171.38,171.38,Apple Pay,Out for Delivery
ORD103222,CUST00177,2025-09-28,PROD0253:3:45.08,135.24,Mastercard,Delivered
ORD103223,CUST00281,2025-09-30,PROD0014:5:232.45|PROD0085:2:87.79|PROD0286:1:11.4,1349.23,Store Credit,Processing
ORD103224,CUST00728,2025-12-15,PROD0044:1:79.04,79.04,Visa,Processing
ORD103225,CUST00929,2026-01-02,PROD0287:1:49.41,49.41,Apple Pay,Returned
ORD103226,CUST00728,2025-10-26,PROD0276:2:75.04,150.08,PayPal,Delivered
ORD103227,CUST00374,2026-06-24,PROD0230:2:7.64|PROD0138:4:18.75,90.28,Mastercard,Out for Delivery
ORD103228,CUST00896,2026-06-17,PROD0150:4:90.15,360.6,Store Credit,Delivered
ORD103229,CUST00763,2025-11-27,PROD0268:1:34.77|PROD0225:5:129.56,682.57,Apple Pay,Cancelled
ORD103230,CUST00900,2025-12-31,PROD0142:2:68.42|PROD0180:5:13.81,205.89,Amex,Delivered
ORD103231,CUST01028,2025-08-22,PROD0286:2:11.4|PROD0156:4:41.63|PROD0143:5:209.56|PROD0001:2:121.73,1480.58,Mastercard,Delivered
ORD103232,CUST00938,2026-06-01,PROD0147:4:129.73,518.92,Amex,Delivered
ORD103233,CUST00943,2025-10-04,PROD0265:2:21.16,42.32,Apple Pay,Delivered
ORD103234,CUST00242,2026-05-08,PROD0138:4:18.75,75.0,Amex,Delivered
ORD103235,CUST00506,2025-09-20,PROD0011:2:22.2,44.4,Amex,Processing
ORD103236,CUST00445,2025-10-27,PROD0077:2:34.86|PROD0117:4:34.38,207.24,Amex,Delivered
ORD103237,CUST00272,2026-04-24,PROD0042:5:241.7|PROD0131:3:11.48|PROD0279:5:19.87|PROD0300:2:18.47,1379.23,Mastercard,Returned
ORD103238,CUST00588,2026-03-14,PROD0261:1:78.93,78.93,PayPal,Processing
ORD103239,CUST00683,2025-09-24,PROD0117:4:34.38,137.52,Apple Pay,Returned
ORD103240,CUST00528,2026-03-15,PROD0245:1:74.39,74.39,Amex,Processing
ORD103241,CUST01009,2025-12-11,PROD0085:3:87.79|PROD0090:5:15.79,342.32,PayPal,Out for Delivery
ORD103242,CUST00651,2025-11-15,PROD0225:2:129.56|PROD0138:2:18.75,296.62,Visa,Processing
ORD103243,CUST00107,2026-06-26,PROD0127:4:12.52|PROD0002:4:96.62,436.56,PayPal,Delivered
ORD103244,CUST00650,2026-03-26,PROD0116:2:9.23|PROD0120:5:80.47|PROD0171:2:115.91,652.63,Store Credit,Delivered
ORD103245,CUST01005,2026-07-12,PROD0195:4:16.36|PROD0054:5:55.49|PROD0087:1:72.87,415.76,Apple Pay,Delivered
ORD103246,CUST00519,2026-07-01,PROD0233:3:82.05,246.15,PayPal,Delivered
ORD103247,CUST01059,2026-07-19,PROD0012:4:54.17|PROD0033:3:50.93|PROD0058:3:90.72,641.63,PayPal,Delivered
ORD103248,CUST00863,2026-03-01,PROD0156:3:41.63,124.89,Store Credit,Delivered
ORD103249,CUST01164,2026-04-21,PROD0264:1:25.7|PROD0027:2:8.85|PROD0121:3:31.31,137.33,Store Credit,Returned
ORD103250,CUST00514,2026-04-29,PROD0062:3:20.08,60.24,Apple Pay,Processing
ORD103251,CUST00628,2025-11-07,PROD0100:2:81.87|PROD0029:5:81.59,571.69,Visa,Returned
ORD103252,CUST00224,2025-10-15,PROD0293:5:26.46|PROD0190:5:68.53|PROD0015:5:33.9|PROD0139:1:31.77,676.22,Store Credit,Processing
ORD103253,CUST01115,2026-05-15,PROD0290:2:105.75|PROD0237:2:10.39|PROD0117:5:34.38,404.18,PayPal,Delivered
ORD103254,CUST00288,2025-09-16,PROD0215:1:59.37|PROD0092:3:55.86,226.95,PayPal,Returned
ORD103255,CUST00765,2026-02-13,PROD0293:5:26.46|PROD0132:4:14.3,189.5,PayPal,Delivered
ORD103256,CUST00650,2025-08-20,PROD0135:2:13.02,26.04,Mastercard,Delivered
ORD103257,CUST00181,2025-08-22,PROD0070:3:207.26,621.78,Mastercard,Shipped
ORD103258,CUST00935,2026-02-05,PROD0177:2:58.87,117.74,Apple Pay,Delivered
ORD103259,CUST00728,2026-02-12,PROD0120:5:80.47,402.35,PayPal,Delivered
ORD103260,CUST00319,2026-05-18,PROD0141:4:98.61,394.44,Mastercard,Delivered
ORD103261,CUST00768,2025-11-25,PROD0274:4:126.5,506.0,Store Credit,Processing
ORD103262,CUST00341,2026-03-05,PROD0206:5:37.39|PROD0082:2:33.12,253.19,PayPal,Shipped
ORD103263,CUST00048,2025-08-15,PROD0242:5:23.74,118.7,Visa,Delivered
ORD103264,CUST00700,2026-07-12,PROD0107:2:106.43|PROD0094:3:136.82,623.32,Store Credit,Delivered
ORD103265,CUST00083,2026-02-04,PROD0180:3:13.81,41.43,PayPal,Processing
ORD103266,CUST00909,2026-04-21,PROD0090:4:15.79|PROD0149:4:111.96|PROD0145:1:16.58,527.58,Visa,Delivered
ORD103267,CUST00770,2025-09-29,PROD0220:5:35.61,178.05,Mastercard,Returned
ORD103268,CUST00989,2026-04-08,PROD0036:5:51.6|PROD0091:1:94.44,352.44,Visa,Delivered
ORD103269,CUST00620,2025-10-26,PROD0200:5:39.66|PROD0088:2:38.76|PROD0167:2:13.38|PROD0053:3:30.53,394.17,Store Credit,Delivered
ORD103270,CUST00204,2025-10-23,PROD0068:1:30.3,30.3,Mastercard,Delivered
ORD103271,CUST00242,2026-06-11,PROD0215:4:59.37,237.48,Apple Pay,Cancelled
ORD103272,CUST00400,2025-08-12,PROD0050:4:15.03,60.12,Apple Pay,Delivered
ORD103273,CUST00396,2026-07-14,PROD0133:5:32.07,160.35,Apple Pay,Delivered
ORD103274,CUST00334,2026-01-13,PROD0079:1:107.7,107.7,Amex,Shipped
ORD103275,CUST00683,2026-02-21,PROD0178:5:137.06,685.3,Apple Pay,Delayed
ORD103276,CUST00784,2026-05-06,PROD0243:2:47.44,94.88,Amex,Delivered
ORD103277,CUST00346,2026-02-05,PROD0147:5:129.73,648.65,Amex,Processing
ORD103278,CUST00564,2026-07-13,PROD0296:3:70.76,212.28,Amex,Shipped
ORD103279,CUST00381,2025-11-04,PROD0228:1:11.51|PROD0164:4:106.62,437.99,Visa,Delivered
ORD103280,CUST01158,2025-08-18,PROD0239:2:87.92,175.84,Apple Pay,Delivered
ORD103281,CUST01072,2026-07-06,PROD0156:1:41.63|PROD0129:2:19.99,81.61,Store Credit,Shipped
ORD103282,CUST00556,2026-05-18,PROD0065:5:99.72,498.6,Amex,Delivered
ORD103283,CUST00215,2025-12-30,PROD0262:4:174.58|PROD0208:5:29.11|PROD0097:2:10.79,865.45,Apple Pay,Cancelled
ORD103284,CUST00768,2025-12-06,PROD0018:4:13.24,52.96,Amex,Delivered
ORD103285,CUST00303,2025-09-01,PROD0018:3:13.24|PROD0278:4:43.45|PROD0135:2:13.02,239.56,Visa,Cancelled
ORD103286,CUST00514,2026-03-15,PROD0204:2:171.38|PROD0054:4:55.49,564.72,Store Credit,Delivered
ORD103287,CUST01055,2026-06-20,PROD0208:3:29.11,87.33,Store Credit,Delivered
ORD103288,CUST01036,2026-04-16,PROD0151:4:13.08|PROD0163:3:76.48,281.76,Apple Pay,Cancelled
ORD103289,CUST00030,2025-08-19,PROD0176:3:106.09,318.27,Store Credit,Shipped
ORD103290,CUST00639,2026-01-10,PROD0077:4:34.86,139.44,Visa,Delivered
ORD103291,CUST01157,2026-05-01,PROD0030:3:27.16,81.48,Store Credit,Delivered
ORD103292,CUST00866,2025-12-19,PROD0210:3:78.45|PROD0021:5:148.05|PROD0205:2:97.84|PROD0206:2:37.39,1246.06,Amex,Delivered
ORD103293,CUST01199,2025-10-17,PROD0147:5:129.73,648.65,Store Credit,Delivered
ORD103294,CUST00314,2025-11-13,PROD0230:1:7.64,7.64,Visa,Delivered
ORD103295,CUST01147,2026-03-01,PROD0047:4:58.31,233.24,Store Credit,Shipped
ORD103296,CUST00295,2026-04-09,PROD0212:1:40.49|PROD0177:2:58.87,158.23,Store Credit,Cancelled
ORD103297,CUST00332,2026-01-27,PROD0044:2:79.04,158.08,Store Credit,Delivered
ORD103298,CUST00321,2026-04-02,PROD0238:4:88.09,352.36,Visa,Processing
ORD103299,CUST00931,2025-10-07,PROD0098:5:87.67|PROD0109:1:29.51,467.86,Apple Pay,Delivered
ORD103300,CUST00602,2026-01-03,PROD0277:2:30.38,60.76,Store Credit,Delivered
ORD103301,CUST00506,2025-11-10,PROD0068:2:30.3,60.6,Amex,Delivered
ORD103302,CUST00588,2025-09-04,PROD0114:3:67.83|PROD0232:1:130.11,333.6,PayPal,Delivered
ORD103303,CUST00480,2025-11-05,PROD0067:1:11.15|PROD0228:2:11.51|PROD0271:5:9.6|PROD0202:3:14.1,124.47,PayPal,Out for Delivery
ORD103304,CUST00559,2026-07-08,PROD0042:2:241.7|PROD0135:3:13.02|PROD0179:2:22.52,567.5,Amex,Cancelled
ORD103305,CUST00027,2025-08-02,PROD0294:4:28.58,114.32,Store Credit,Delivered
ORD103306,CUST01165,2026-05-26,PROD0134:2:178.43|PROD0161:1:19.26,376.12,Visa,Delivered
ORD103307,CUST00891,2026-06-20,PROD0148:2:59.66,119.32,Visa,Delivered
ORD103308,CUST00650,2025-08-19,PROD0270:4:25.5|PROD0146:3:25.49|PROD0283:3:33.8,279.87,Apple Pay,Delivered
ORD103309,CUST00662,2026-06-24,PROD0137:3:26.99,80.97,PayPal,Processing
ORD103310,CUST00115,2026-02-10,PROD0074:5:30.72,153.6,Apple Pay,Delivered
ORD103311,CUST00685,2026-04-24,PROD0097:1:10.79|PROD0288:4:79.59|PROD0295:3:56.15|PROD0171:2:115.91,729.42,PayPal,Delivered
ORD103312,CUST00407,2026-02-15,PROD0128:2:112.67,225.34,Mastercard,Delivered
ORD103313,CUST01120,2026-02-17,PROD0083:3:12.63|PROD0066:1:117.07,154.96,Mastercard,Delivered
ORD103314,CUST00134,2025-12-08,PROD0187:1:21.11,21.11,Visa,Delivered
ORD103315,CUST00790,2025-11-15,PROD0054:1:55.49|PROD0023:1:18.55,74.04,Amex,Delivered
ORD103316,CUST00891,2026-02-24,PROD0029:4:81.59|PROD0271:4:9.6,364.76,Apple Pay,Shipped
ORD103317,CUST00518,2026-03-24,PROD0268:3:34.77,104.31,Amex,Delivered
ORD103318,CUST00177,2026-04-08,PROD0045:5:17.66,88.3,Amex,Delivered
ORD103319,CUST00022,2025-10-26,PROD0198:1:74.76,74.76,Amex,Shipped
ORD103320,CUST00367,2025-08-10,PROD0114:4:67.83|PROD0163:4:76.48,577.24,Mastercard,Delivered
ORD103321,CUST00958,2025-11-16,PROD0118:1:5.27,5.27,Amex,Cancelled
ORD103322,CUST00400,2025-11-18,PROD0103:4:35.6|PROD0153:4:32.56,272.64,Mastercard,Out for Delivery
ORD103323,CUST00615,2026-06-17,PROD0035:5:186.35|PROD0177:5:58.87,1226.1,Apple Pay,Delivered
ORD103324,CUST00639,2026-06-21,PROD0291:4:12.15|PROD0269:5:144.62|PROD0103:4:35.6,914.1,Store Credit,Delivered
ORD103325,CUST00535,2026-01-23,PROD0181:4:4.29|PROD0187:3:21.11|PROD0050:5:15.03|PROD0023:5:18.55,248.39,Store Credit,Delivered
ORD103326,CUST00382,2026-04-13,PROD0065:5:99.72,498.6,Visa,Delivered
ORD103327,CUST00853,2025-10-24,PROD0134:1:178.43|PROD0096:4:50.63,380.95,Apple Pay,Delivered
ORD103328,CUST00564,2026-01-16,PROD0208:2:29.11|PROD0283:1:33.8,92.02,Amex,Shipped
ORD103329,CUST00529,2025-09-21,PROD0243:2:47.44,94.88,PayPal,Delivered
ORD103330,CUST00416,2025-12-30,PROD0289:1:44.66,44.66,Apple Pay,Delivered
ORD103331,CUST00574,2026-02-17,PROD0035:1:186.35,186.35,PayPal,Shipped
ORD103332,CUST00060,2025-12-31,PROD0186:1:24.16|PROD0098:2:87.67|PROD0056:1:242.05|PROD0281:2:37.35,516.25,PayPal,Delivered
ORD103333,CUST00384,2025-08-09,PROD0143:3:209.56|PROD0004:4:9.47|PROD0231:1:10.76|PROD0211:5:15.2,753.32,PayPal,Delayed
ORD103334,CUST00356,2026-01-16,PROD0120:1:80.47|PROD0145:4:16.58|PROD0284:2:36.34,219.47,PayPal,Processing
ORD103335,CUST00513,2026-01-23,PROD0266:3:101.77|PROD0142:5:68.42,647.41,Mastercard,Delivered
ORD103336,CUST00631,2025-08-26,PROD0223:4:26.93,107.72,Mastercard,Delivered
ORD103337,CUST00247,2026-07-29,PROD0020:4:33.7|PROD0208:3:29.11|PROD0226:2:121.6,465.33,Visa,Delivered
ORD103338,CUST01180,2026-04-06,PROD0266:3:101.77,305.31,PayPal,Delivered
ORD103339,CUST00090,2026-05-15,PROD0065:4:99.72|PROD0160:5:27.79|PROD0268:5:34.77,711.68,Apple Pay,Returned
ORD103340,CUST00367,2026-03-16,PROD0134:2:178.43|PROD0203:2:248.58|PROD0297:5:171.88|PROD0004:3:9.47,1741.83,Visa,Delivered
ORD103341,CUST00864,2025-09-10,PROD0083:3:12.63|PROD0024:1:45.08|PROD0018:2:13.24,109.45,Amex,Delivered
ORD103342,CUST00035,2025-11-14,PROD0017:1:145.85,145.85,Amex,Delivered
ORD103343,CUST00921,2025-11-03,PROD0174:5:22.41,112.05,Store Credit,Delivered
ORD103344,CUST00657,2025-12-03,PROD0200:4:39.66|PROD0255:2:175.96,510.56,Amex,Delivered
ORD103345,CUST00651,2026-07-01,PROD0204:4:171.38,685.52,Mastercard,Delivered
ORD103346,CUST00905,2026-02-09,PROD0152:5:34.78,173.9,PayPal,Processing
ORD103347,CUST00644,2026-07-11,PROD0294:1:28.58|PROD0059:4:125.94|PROD0037:3:94.05|PROD0134:3:178.43,1349.78,PayPal,Returned
ORD103348,CUST00036,2026-03-21,PROD0116:3:9.23,27.69,Store Credit,Delivered
ORD103349,CUST00432,2026-06-02,PROD0170:1:12.14,12.14,Store Credit,Delivered
ORD103350,CUST01025,2026-01-21,PROD0230:3:7.64|PROD0210:4:78.45,336.72,Amex,Delivered
ORD103351,CUST00206,2026-05-22,PROD0298:5:12.54|PROD0105:2:114.17|PROD0261:3:78.93,527.83,Store Credit,Out for Delivery
ORD103352,CUST00327,2026-06-08,PROD0116:1:9.23,9.23,Visa,Processing
ORD103353,CUST01055,2026-03-02,PROD0136:3:75.27,225.81,PayPal,Processing
ORD103354,CUST00354,2026-04-25,PROD0103:4:35.6|PROD0068:1:30.3|PROD0002:5:96.62,655.8,Visa,Delivered
ORD103355,CUST00169,2026-04-14,PROD0240:1:55.35|PROD0030:3:27.16,136.83,Store Credit,Delivered
ORD103356,CUST00972,2026-05-24,PROD0300:5:18.47|PROD0299:5:56.12|PROD0154:3:191.73,948.14,Visa,Out for Delivery
ORD103357,CUST00873,2026-03-14,PROD0152:3:34.78,104.34,Mastercard,Delivered
ORD103358,CUST00957,2025-11-27,PROD0142:2:68.42,136.84,Store Credit,Cancelled
ORD103359,CUST01004,2025-08-17,PROD0299:2:56.12,112.24,Visa,Delivered
ORD103360,CUST00467,2025-09-19,PROD0027:1:8.85|PROD0263:1:22.13,30.98,PayPal,Shipped
ORD103361,CUST00494,2026-02-13,PROD0271:2:9.6,19.2,Amex,Delivered
ORD103362,CUST00206,2026-03-01,PROD0266:3:101.77,305.31,Mastercard,Delivered
ORD103363,CUST00350,2025-11-11,PROD0022:2:55.37|PROD0201:4:12.0,158.74,Amex,Delivered
ORD103364,CUST00374,2026-04-29,PROD0165:4:38.86,155.44,PayPal,Delivered
ORD103365,CUST00108,2026-05-17,PROD0211:1:15.2,15.2,Store Credit,Delivered
ORD103366,CUST00303,2026-04-13,PROD0212:4:40.49,161.96,PayPal,Returned
ORD103367,CUST00442,2026-06-08,PROD0117:4:34.38,137.52,Store Credit,Returned
ORD103368,CUST00761,2026-03-11,PROD0147:4:129.73|PROD0068:5:30.3|PROD0097:2:10.79,692.0,Store Credit,Delivered
ORD103369,CUST00768,2026-05-04,PROD0146:4:25.49,101.96,Apple Pay,Processing
ORD103370,CUST00981,2026-02-26,PROD0168:4:193.82,775.28,PayPal,Delivered
ORD103371,CUST00293,2026-07-02,PROD0091:3:94.44|PROD0108:2:128.9|PROD0030:1:27.16,568.28,PayPal,Delivered
ORD103372,CUST00494,2025-09-15,PROD0103:3:35.6,106.8,Apple Pay,Processing
ORD103373,CUST00267,2025-11-18,PROD0242:5:23.74|PROD0178:1:137.06,255.76,Store Credit,Delivered
ORD103374,CUST01048,2025-12-23,PROD0243:3:47.44,142.32,Apple Pay,Processing
ORD103375,CUST00314,2025-08-24,PROD0242:2:23.74|PROD0152:5:34.78|PROD0041:2:26.94|PROD0042:5:241.7,1483.76,PayPal,Delivered
ORD103376,CUST01048,2026-07-17,PROD0112:2:112.59,225.18,Mastercard,Shipped
ORD103377,CUST00128,2025-12-22,PROD0212:1:40.49,40.49,Amex,Shipped
ORD103378,CUST00281,2026-02-18,PROD0148:5:59.66|PROD0078:2:167.27,632.84,Mastercard,Delivered
ORD103379,CUST00690,2025-08-18,PROD0287:4:49.41|PROD0266:2:101.77|PROD0039:2:35.25|PROD0004:2:9.47,490.62,Mastercard,Processing
ORD103380,CUST01039,2026-07-09,PROD0255:5:175.96|PROD0154:2:191.73|PROD0226:1:121.6,1384.86,Amex,Delivered
ORD103381,CUST00564,2026-04-04,PROD0137:5:26.99,134.95,Visa,Processing
ORD103382,CUST01027,2026-01-15,PROD0244:4:28.97,115.88,Mastercard,Delivered
ORD103383,CUST00092,2025-09-03,PROD0048:3:19.97|PROD0006:2:6.78,73.47,PayPal,Processing
ORD103384,CUST00359,2025-11-29,PROD0047:2:58.31|PROD0015:3:33.9|PROD0079:1:107.7|PROD0155:3:146.86,766.6,PayPal,Shipped
ORD103385,CUST00972,2026-05-06,PROD0240:4:55.35,221.4,Store Credit,Delayed
ORD103386,CUST00615,2025-08-09,PROD0253:3:45.08,135.24,Store Credit,Processing
ORD103387,CUST00773,2025-09-15,PROD0159:1:20.43|PROD0033:1:50.93,71.36,Mastercard,Shipped
ORD103388,CUST00134,2026-05-11,PROD0167:1:13.38,13.38,Mastercard,Delivered
ORD103389,CUST00562,2026-03-01,PROD0192:5:129.12|PROD0023:3:18.55,701.25,Store Credit,Shipped
ORD103390,CUST00580,2026-04-01,PROD0012:5:54.17,270.85,Store Credit,Delayed
ORD103391,CUST00662,2026-04-23,PROD0152:2:34.78|PROD0060:2:25.69|PROD0120:3:80.47,362.35,Visa,Shipped
ORD103392,CUST00052,2025-11-29,PROD0163:2:76.48|PROD0278:3:43.45|PROD0072:1:70.01,353.32,PayPal,Delivered
ORD103393,CUST01088,2025-11-10,PROD0202:1:14.1,14.1,PayPal,Delivered
ORD103394,CUST00905,2026-06-26,PROD0294:3:28.58|PROD0078:3:167.27,587.55,PayPal,Out for Delivery
ORD103395,CUST01030,2025-08-27,PROD0009:2:31.16,62.32,Visa,Cancelled
ORD103396,CUST00818,2026-07-24,PROD0042:5:241.7,1208.5,Apple Pay,Delivered
ORD103397,CUST00200,2026-04-30,PROD0142:5:68.42|PROD0033:3:50.93,494.89,PayPal,Processing
ORD103398,CUST00488,2025-11-16,PROD0105:5:114.17,570.85,Amex,Delivered
ORD103399,CUST00020,2026-06-21,PROD0192:2:129.12,258.24,Amex,Shipped
ORD103400,CUST00167,2025-11-03,PROD0051:4:43.91|PROD0131:1:11.48,187.12,Visa,Shipped
ORD103401,CUST00045,2026-03-14,PROD0216:1:7.93|PROD0031:1:213.56,221.49,Apple Pay,Shipped
ORD103402,CUST00341,2026-02-03,PROD0124:5:57.05,285.25,Amex,Processing
ORD103403,CUST00177,2026-01-13,PROD0280:4:218.73,874.92,Mastercard,Delivered
ORD103404,CUST00740,2026-04-08,PROD0172:5:30.66|PROD0277:2:30.38|PROD0043:3:53.62,374.92,Visa,Delivered
ORD103405,CUST00076,2026-04-05,PROD0265:3:21.16|PROD0134:1:178.43|PROD0070:5:207.26|PROD0118:1:5.27,1283.48,Mastercard,Processing
ORD103406,CUST00637,2025-10-30,PROD0155:5:146.86,734.3,Store Credit,Delivered
ORD103407,CUST01006,2026-03-26,PROD0096:5:50.63|PROD0249:4:9.97,293.03,Apple Pay,Shipped
ORD103408,CUST00752,2026-06-27,PROD0129:3:19.99,59.97,Mastercard,Cancelled
ORD103409,CUST00474,2025-08-04,PROD0129:5:19.99,99.95,Visa,Delivered
ORD103410,CUST00711,2026-04-08,PROD0106:1:116.2|PROD0058:2:90.72|PROD0135:5:13.02,362.74,Visa,Delivered
ORD103411,CUST00350,2025-12-30,PROD0177:3:58.87,176.61,PayPal,Returned
ORD103412,CUST00213,2025-12-24,PROD0031:3:213.56,640.68,Amex,Delivered
ORD103413,CUST00165,2025-11-26,PROD0044:5:79.04|PROD0298:1:12.54|PROD0168:4:193.82|PROD0264:2:25.7,1234.42,Mastercard,Processing
ORD103414,CUST00250,2026-01-03,PROD0179:3:22.52,67.56,Store Credit,Delivered
ORD103415,CUST00822,2025-10-23,PROD0115:2:182.29,364.58,PayPal,Processing
ORD103416,CUST00532,2025-12-10,PROD0072:4:70.01,280.04,Amex,Returned
ORD103417,CUST00519,2026-02-02,PROD0026:2:54.92|PROD0085:2:87.79,285.42,Store Credit,Delivered
ORD103418,CUST00191,2025-12-06,PROD0265:5:21.16,105.8,PayPal,Processing
ORD103419,CUST01072,2025-12-13,PROD0024:3:45.08|PROD0294:4:28.58|PROD0133:1:32.07,281.63,Apple Pay,Shipped
ORD103420,CUST00221,2025-09-04,PROD0210:2:78.45|PROD0049:2:79.17,315.24,PayPal,Delivered
ORD103421,CUST00045,2026-07-18,PROD0149:5:111.96,559.8,Amex,Delivered
ORD103422,CUST00981,2026-05-15,PROD0097:5:10.79,53.95,PayPal,Delayed
ORD103423,CUST00160,2026-04-18,PROD0093:3:119.59|PROD0230:3:7.64,381.69,Amex,Out for Delivery
ORD103424,CUST00402,2025-11-23,PROD0119:4:234.85,939.4,Mastercard,Delivered
ORD103425,CUST00806,2026-04-11,PROD0030:5:27.16,135.8,Store Credit,Returned
ORD103426,CUST01148,2025-10-28,PROD0164:4:106.62,426.48,Amex,Delivered
ORD103427,CUST00052,2025-09-18,PROD0267:2:85.78,171.56,Mastercard,Delivered
ORD103428,CUST01199,2025-11-11,PROD0201:3:12.0,36.0,Store Credit,Delivered
ORD103429,CUST00384,2026-02-28,PROD0212:4:40.49,161.96,Store Credit,Delayed
ORD103430,CUST00972,2026-05-24,PROD0199:4:192.45,769.8,Mastercard,Delivered
ORD103431,CUST00612,2025-12-12,PROD0092:1:55.86,55.86,Amex,Processing
ORD103432,CUST00756,2026-03-13,PROD0199:5:192.45|PROD0234:1:120.92,1083.17,Mastercard,Out for Delivery
ORD103433,CUST01148,2026-02-20,PROD0020:4:33.7,134.8,Mastercard,Shipped
ORD103434,CUST00748,2026-03-01,PROD0095:1:26.42,26.42,PayPal,Delivered
ORD103435,CUST00287,2026-07-09,PROD0025:3:16.49,49.47,Apple Pay,Delayed
ORD103436,CUST00356,2026-03-16,PROD0134:5:178.43|PROD0234:2:120.92,1133.99,Apple Pay,Shipped
ORD103437,CUST00863,2025-10-05,PROD0277:2:30.38|PROD0197:4:10.66,103.4,PayPal,Processing
ORD103438,CUST00547,2025-11-25,PROD0198:3:74.76|PROD0118:2:5.27,234.82,PayPal,Delivered
ORD103439,CUST01199,2026-05-12,PROD0101:5:170.06,850.3,Store Credit,Delivered
ORD103440,CUST00961,2026-05-31,PROD0255:4:175.96,703.84,Store Credit,Delayed
ORD103441,CUST00241,2025-10-25,PROD0002:5:96.62|PROD0068:1:30.3,513.4,Mastercard,Delivered
ORD103442,CUST01149,2026-07-22,PROD0288:4:79.59|PROD0222:2:52.54|PROD0204:4:171.38,1108.96,PayPal,Delivered
ORD103443,CUST00711,2026-04-23,PROD0296:1:70.76,70.76,PayPal,Delivered
ORD103444,CUST01039,2025-12-28,PROD0108:3:128.9,386.7,Amex,Shipped
ORD103445,CUST00190,2025-10-06,PROD0199:3:192.45,577.35,Store Credit,Processing
ORD103446,CUST00941,2026-05-30,PROD0242:5:23.74|PROD0057:1:37.8|PROD0257:4:46.24,341.46,Visa,Delivered
ORD103447,CUST00889,2025-08-22,PROD0082:1:33.12,33.12,Mastercard,Delivered
ORD103448,CUST00245,2026-01-09,PROD0016:5:12.58,62.9,Mastercard,Delivered
ORD103449,CUST00048,2025-10-24,PROD0014:5:232.45,1162.25,Visa,Delivered
ORD103450,CUST00341,2026-03-14,PROD0164:5:106.62|PROD0213:5:69.08,878.5,Amex,Delivered
ORD103451,CUST01164,2025-10-16,PROD0099:1:133.23,133.23,Mastercard,Delivered
ORD103452,CUST01115,2026-04-26,PROD0149:1:111.96|PROD0232:5:130.11,762.51,Visa,Out for Delivery
ORD103453,CUST01118,2026-05-22,PROD0050:1:15.03,15.03,PayPal,Delivered
ORD103454,CUST00569,2025-10-10,PROD0236:5:37.87|PROD0248:1:78.55,267.9,Apple Pay,Delivered
ORD103455,CUST01183,2026-03-18,PROD0028:5:89.71|PROD0118:4:5.27,469.63,PayPal,Processing
ORD103456,CUST00186,2025-07-31,PROD0130:2:30.13|PROD0047:2:58.31|PROD0132:4:14.3,234.08,Apple Pay,Processing
ORD103457,CUST00640,2026-06-20,PROD0005:3:41.87,125.61,Mastercard,Processing
ORD103458,CUST00029,2025-08-16,PROD0283:5:33.8|PROD0199:4:192.45|PROD0187:2:21.11,981.02,Apple Pay,Out for Delivery
ORD103459,CUST01147,2025-09-15,PROD0146:4:25.49,101.96,PayPal,Shipped
ORD103460,CUST00513,2025-09-23,PROD0215:1:59.37,59.37,Mastercard,Delivered
ORD103461,CUST00709,2025-12-06,PROD0205:1:97.84|PROD0059:2:125.94|PROD0237:3:10.39|PROD0141:2:98.61,578.11,Visa,Processing
ORD103462,CUST00786,2026-04-22,PROD0064:2:87.33|PROD0230:3:7.64|PROD0080:1:101.65|PROD0251:4:9.74,338.19,PayPal,Shipped
ORD103463,CUST00012,2026-07-07,PROD0164:2:106.62|PROD0029:2:81.59|PROD0283:5:33.8|PROD0297:5:171.88,1404.82,Store Credit,Delivered
ORD103464,CUST00432,2026-01-10,PROD0022:5:55.37|PROD0111:4:31.83,404.17,PayPal,Returned
ORD103465,CUST00687,2025-10-01,PROD0190:1:68.53,68.53,Apple Pay,Shipped
ORD103466,CUST00065,2025-11-30,PROD0021:2:148.05,296.1,PayPal,Delivered
ORD103467,CUST00773,2026-02-24,PROD0179:2:22.52|PROD0163:1:76.48,121.52,Apple Pay,Delivered
ORD103468,CUST00628,2026-02-15,PROD0284:3:36.34,109.02,Visa,Shipped
ORD103469,CUST00701,2026-04-22,PROD0139:2:31.77,63.54,Store Credit,Delayed
ORD103470,CUST00644,2025-12-25,PROD0023:5:18.55|PROD0257:5:46.24|PROD0166:3:36.87|PROD0134:5:178.43,1326.71,Apple Pay,Shipped
ORD103471,CUST00003,2026-02-17,PROD0199:5:192.45,962.25,Visa,Processing
ORD103472,CUST01115,2026-05-31,PROD0177:2:58.87,117.74,Store Credit,Delivered
ORD103473,CUST00446,2026-04-13,PROD0169:2:47.11|PROD0118:5:5.27|PROD0011:2:22.2,164.97,PayPal,Delivered
ORD103474,CUST00128,2025-11-26,PROD0052:2:62.04,124.08,Apple Pay,Returned
ORD103475,CUST00287,2026-07-24,PROD0288:5:79.59,397.95,Apple Pay,Processing
ORD103476,CUST00036,2026-01-01,PROD0217:4:240.36|PROD0089:3:58.99,1138.41,Visa,Delivered
ORD103477,CUST00616,2026-04-19,PROD0008:3:165.66|PROD0075:4:42.82,668.26,Visa,Out for Delivery
ORD103478,CUST00242,2026-04-04,PROD0251:1:9.74|PROD0119:5:234.85,1183.99,Amex,Shipped
ORD103479,CUST00353,2025-08-28,PROD0125:2:19.13,38.26,Amex,Returned
ORD103480,CUST00245,2026-03-04,PROD0106:1:116.2|PROD0159:3:20.43|PROD0103:3:35.6|PROD0205:3:97.84,577.81,Visa,Delayed
ORD103481,CUST00354,2026-04-30,PROD0220:3:35.61|PROD0235:4:35.87|PROD0225:3:129.56,638.99,Store Credit,Delivered
ORD103482,CUST00381,2025-09-16,PROD0182:2:235.58,471.16,Store Credit,Delivered
ORD103483,CUST00186,2026-03-27,PROD0030:2:27.16|PROD0084:5:98.15|PROD0244:2:28.97,603.01,PayPal,Delivered
ORD103484,CUST00670,2026-04-16,PROD0090:3:15.79|PROD0122:2:113.13|PROD0073:5:197.85,1262.88,Store Credit,Delivered
ORD103485,CUST00816,2026-05-28,PROD0085:2:87.79|PROD0045:2:17.66,210.9,Visa,Delivered
ORD103486,CUST00848,2025-10-14,PROD0130:3:30.13|PROD0190:4:68.53|PROD0014:5:232.45,1526.76,Store Credit,Delivered
ORD103487,CUST01070,2026-07-10,PROD0080:5:101.65|PROD0174:1:22.41,530.66,PayPal,Delivered
ORD103488,CUST00382,2025-12-29,PROD0076:3:22.51,67.53,Mastercard,Delivered
ORD103489,CUST00113,2025-12-08,PROD0127:1:12.52,12.52,Visa,Cancelled
ORD103490,CUST00213,2026-03-24,PROD0199:2:192.45|PROD0006:1:6.78|PROD0183:2:73.54,538.76,PayPal,Shipped
ORD103491,CUST00460,2026-04-08,PROD0247:2:72.46,144.92,Apple Pay,Delivered
ORD103492,CUST01007,2026-06-22,PROD0055:2:32.88,65.76,Store Credit,Processing
ORD103493,CUST00896,2025-10-19,PROD0299:5:56.12,280.6,Store Credit,Cancelled
ORD103494,CUST00605,2026-05-16,PROD0147:1:129.73|PROD0259:5:27.72,268.33,Visa,Delivered
ORD103495,CUST00336,2025-08-17,PROD0242:2:23.74|PROD0097:3:10.79,79.85,PayPal,Processing
ORD103496,CUST00562,2026-04-22,PROD0194:2:48.76,97.52,Visa,Delivered
ORD103497,CUST00053,2026-01-18,PROD0182:2:235.58,471.16,Apple Pay,Shipped
ORD103498,CUST01028,2026-05-23,PROD0071:1:156.65,156.65,Mastercard,Cancelled
ORD103499,CUST00906,2026-02-09,PROD0016:4:12.58,50.32,Mastercard,Delivered
ORD103500,CUST00683,2025-11-10,PROD0116:3:9.23,27.69,Visa,Shipped
ORD103501,CUST00746,2025-10-08,PROD0025:3:16.49,49.47,Visa,Delayed
ORD103502,CUST00070,2026-02-23,PROD0285:5:33.77,168.85,Amex,Delivered
ORD103503,CUST00651,2026-06-15,PROD0084:2:98.15,196.3,PayPal,Returned
ORD103504,CUST00089,2025-10-20,PROD0094:3:136.82|PROD0269:5:144.62|PROD0048:5:19.97,1233.41,Amex,Shipped
ORD103505,CUST01132,2026-07-22,PROD0197:1:10.66,10.66,Visa,Processing
ORD103506,CUST00272,2025-11-19,PROD0194:4:48.76,195.04,Amex,Processing
ORD103507,CUST00740,2025-12-21,PROD0145:2:16.58,33.16,Amex,Delivered
ORD103508,CUST00890,2025-09-01,PROD0169:3:47.11,141.33,Apple Pay,Delivered
ORD103509,CUST00177,2026-03-06,PROD0039:4:35.25,141.0,Mastercard,Returned
ORD103510,CUST01005,2026-05-03,PROD0077:5:34.86|PROD0234:4:120.92,657.98,Apple Pay,Processing
ORD103511,CUST00821,2026-04-10,PROD0058:5:90.72,453.6,PayPal,Cancelled
ORD103512,CUST00615,2026-05-25,PROD0191:2:66.03,132.06,Amex,Delivered
ORD103513,CUST01039,2026-04-23,PROD0156:3:41.63,124.89,Store Credit,Delivered
ORD103514,CUST00535,2026-03-18,PROD0241:5:95.92|PROD0068:1:30.3,509.9,PayPal,Delivered
ORD103515,CUST00986,2026-02-21,PROD0047:4:58.31,233.24,Store Credit,Processing
ORD103516,CUST00409,2026-04-11,PROD0296:4:70.76,283.04,PayPal,Delivered
ORD103517,CUST00818,2025-09-09,PROD0247:2:72.46|PROD0183:3:73.54,365.54,PayPal,Delivered
ORD103518,CUST00673,2025-12-21,PROD0030:2:27.16|PROD0212:1:40.49|PROD0026:1:54.92,149.73,PayPal,Shipped
ORD103519,CUST00735,2026-03-19,PROD0259:2:27.72|PROD0123:2:38.34,132.12,Mastercard,Processing
ORD103520,CUST00012,2026-04-07,PROD0290:4:105.75,423.0,Mastercard,Processing
ORD103521,CUST01028,2026-05-23,PROD0037:2:94.05,188.1,Visa,Cancelled
ORD103522,CUST00272,2026-07-17,PROD0081:4:27.98|PROD0217:1:240.36,352.28,PayPal,Returned
ORD103523,CUST00900,2026-05-04,PROD0131:3:11.48,34.44,PayPal,Delivered
ORD103524,CUST00921,2026-07-20,PROD0178:5:137.06|PROD0085:3:87.79,948.67,Visa,Cancelled
ORD103525,CUST00363,2026-02-06,PROD0261:4:78.93,315.72,Amex,Shipped
ORD103526,CUST00347,2026-01-23,PROD0245:3:74.39|PROD0232:1:130.11,353.28,Mastercard,Delivered
ORD103527,CUST00003,2026-02-08,PROD0282:4:114.39|PROD0240:1:55.35|PROD0089:3:58.99|PROD0035:4:186.35,1435.28,PayPal,Delivered
ORD103528,CUST00650,2026-03-09,PROD0076:2:22.51,45.02,PayPal,Delivered
ORD103529,CUST00943,2025-07-31,PROD0050:4:15.03|PROD0209:3:12.86,98.7,Apple Pay,Shipped
ORD103530,CUST00079,2026-05-04,PROD0033:1:50.93,50.93,Mastercard,Delivered
ORD103531,CUST00873,2025-12-27,PROD0037:3:94.05,282.15,Apple Pay,Delivered
ORD103532,CUST00692,2025-12-31,PROD0160:3:27.79|PROD0146:4:25.49|PROD0058:4:90.72|PROD0240:4:55.35,769.61,Store Credit,Delivered
ORD103533,CUST00281,2025-09-26,PROD0248:1:78.55|PROD0197:2:10.66|PROD0043:2:53.62,207.11,PayPal,Processing
ORD103534,CUST00734,2026-04-13,PROD0285:2:33.77|PROD0236:4:37.87,219.02,Apple Pay,Out for Delivery
ORD103535,CUST01097,2025-11-16,PROD0032:5:22.58|PROD0010:1:98.26|PROD0139:4:31.77|PROD0175:4:37.15,486.84,Store Credit,Delayed
ORD103536,CUST00749,2026-05-25,PROD0180:2:13.81,27.62,Visa,Delivered
ORD103537,CUST00022,2025-11-02,PROD0081:5:27.98,139.9,Amex,Delivered
ORD103538,CUST00592,2026-05-16,PROD0298:5:12.54,62.7,Mastercard,Shipped
ORD103539,CUST00957,2026-02-19,PROD0044:3:79.04,237.12,Mastercard,Shipped
ORD103540,CUST00569,2026-05-02,PROD0283:2:33.8,67.6,Store Credit,Processing
ORD103541,CUST00384,2026-01-18,PROD0061:2:25.67|PROD0151:2:13.08,77.5,Visa,Processing
ORD103542,CUST00350,2025-12-20,PROD0032:3:22.58,67.74,Mastercard,Delivered
ORD103543,CUST00616,2025-09-24,PROD0115:5:182.29,911.45,PayPal,Processing
ORD103544,CUST00307,2025-12-12,PROD0031:3:213.56,640.68,Apple Pay,Delivered
ORD103545,CUST01059,2025-11-02,PROD0246:2:61.05|PROD0295:5:56.15,402.85,Amex,Delivered
ORD103546,CUST01087,2026-06-27,PROD0246:1:61.05|PROD0027:4:8.85|PROD0093:4:119.59|PROD0221:1:21.66,596.47,Apple Pay,Delivered
ORD103547,CUST00163,2025-08-18,PROD0214:1:21.47|PROD0083:1:12.63,34.1,Visa,Shipped
ORD103548,CUST00756,2026-06-21,PROD0296:2:70.76,141.52,Amex,Shipped
ORD103549,CUST01058,2026-05-30,PROD0028:4:89.71,358.84,Visa,Delayed
ORD103550,CUST00150,2025-11-14,PROD0021:2:148.05|PROD0155:5:146.86|PROD0073:4:197.85,1821.8,Store Credit,Out for Delivery
ORD103551,CUST00535,2026-03-22,PROD0018:3:13.24|PROD0237:2:10.39|PROD0272:3:27.45,142.85,Store Credit,Delivered
ORD103552,CUST00989,2026-03-22,PROD0134:5:178.43|PROD0129:3:19.99,952.12,Visa,Processing
ORD103553,CUST00735,2025-12-06,PROD0088:2:38.76,77.52,Amex,Delivered
ORD103554,CUST00651,2026-06-05,PROD0053:4:30.53,122.12,Visa,Delivered
ORD103555,CUST00715,2026-05-30,PROD0204:1:171.38,171.38,PayPal,Shipped
ORD103556,CUST00239,2026-05-06,PROD0231:4:10.76,43.04,Amex,Shipped
ORD103557,CUST00616,2026-07-04,PROD0219:5:122.77|PROD0078:4:167.27|PROD0059:3:125.94|PROD0267:3:85.78,1918.09,Mastercard,Delivered
ORD103558,CUST01004,2026-07-30,PROD0253:3:45.08|PROD0025:3:16.49,184.71,Store Credit,Delivered
ORD103559,CUST00303,2025-09-01,PROD0008:3:165.66|PROD0059:5:125.94|PROD0246:3:61.05,1309.83,Amex,Delivered
ORD103560,CUST00336,2026-06-28,PROD0250:1:8.48|PROD0102:5:10.54|PROD0297:4:171.88,748.7,Amex,Delivered
ORD103561,CUST00756,2025-09-03,PROD0210:2:78.45|PROD0191:2:66.03|PROD0138:2:18.75,326.46,PayPal,Delivered
ORD103562,CUST00970,2026-04-02,PROD0028:2:89.71|PROD0158:5:22.41,291.47,Visa,Returned
ORD103563,CUST00872,2026-01-07,PROD0182:3:235.58,706.74,Store Credit,Processing
ORD103564,CUST00333,2026-04-22,PROD0105:3:114.17,342.51,Store Credit,Delivered
ORD103565,CUST00374,2026-05-30,PROD0154:3:191.73|PROD0077:2:34.86,644.91,Mastercard,Delivered
ORD103566,CUST01199,2025-11-04,PROD0097:2:10.79|PROD0009:1:31.16,52.74,Amex,Out for Delivery
ORD103567,CUST00126,2025-08-23,PROD0220:1:35.61,35.61,Mastercard,Shipped
ORD103568,CUST00943,2025-08-15,PROD0185:5:34.57|PROD0039:3:35.25,278.6,Apple Pay,Delivered
ORD103569,CUST00367,2025-10-22,PROD0161:2:19.26|PROD0182:4:235.58|PROD0209:4:12.86|PROD0115:1:182.29,1214.57,Mastercard,Returned
ORD103570,CUST00217,2025-09-28,PROD0090:1:15.79|PROD0274:2:126.5|PROD0294:1:28.58,297.37,Amex,Processing
ORD103571,CUST00709,2026-03-19,PROD0010:3:98.26,294.78,Store Credit,Cancelled
ORD103572,CUST00355,2026-06-15,PROD0027:4:8.85|PROD0171:2:115.91,267.22,Mastercard,Delivered
ORD103573,CUST00405,2025-12-10,PROD0198:3:74.76|PROD0141:5:98.61,717.33,Amex,Delivered
ORD103574,CUST00281,2025-08-20,PROD0004:3:9.47,28.41,PayPal,Delivered
ORD103575,CUST00957,2026-06-25,PROD0062:1:20.08|PROD0065:5:99.72|PROD0270:3:25.5,595.18,Visa,Delivered
ORD103576,CUST00949,2025-09-20,PROD0150:1:90.15,90.15,Amex,Delivered
ORD103577,CUST00090,2026-07-18,PROD0244:2:28.97,57.94,PayPal,Processing
ORD103578,CUST00167,2025-12-07,PROD0123:3:38.34,115.02,Amex,Delivered
ORD103579,CUST00773,2026-06-07,PROD0296:1:70.76,70.76,Visa,Shipped
ORD103580,CUST00341,2026-05-04,PROD0190:1:68.53|PROD0153:1:32.56,101.09,Store Credit,Delivered
ORD103581,CUST00398,2025-12-15,PROD0161:5:19.26|PROD0194:4:48.76,291.34,Amex,Returned
ORD103582,CUST00650,2026-07-22,PROD0092:5:55.86,279.3,Amex,Delivered
ORD103583,CUST00628,2025-12-15,PROD0051:2:43.91,87.82,PayPal,Processing
ORD103584,CUST00022,2025-08-20,PROD0114:2:67.83|PROD0131:2:11.48,158.62,Mastercard,Delivered
ORD103585,CUST00905,2026-07-07,PROD0229:2:30.85|PROD0077:1:34.86,96.56,PayPal,Processing
ORD103586,CUST00177,2025-09-18,PROD0200:5:39.66|PROD0036:4:51.6,404.7,Store Credit,Delivered
ORD103587,CUST00190,2026-05-18,PROD0162:3:142.57,427.71,Amex,Delivered
ORD103588,CUST00482,2025-07-31,PROD0263:1:22.13|PROD0151:4:13.08|PROD0286:3:11.4|PROD0208:1:29.11,137.76,Amex,Cancelled
ORD103589,CUST00709,2026-01-31,PROD0026:4:54.92|PROD0291:5:12.15,280.43,PayPal,Delivered
ORD103590,CUST00615,2026-03-06,PROD0174:5:22.41,112.05,Amex,Delivered
ORD103591,CUST00242,2025-08-22,PROD0131:5:11.48|PROD0243:1:47.44|PROD0211:5:15.2,180.84,PayPal,Shipped
ORD103592,CUST00486,2025-12-18,PROD0016:2:12.58,25.16,Amex,Delivered
ORD103593,CUST00616,2026-05-27,PROD0124:2:57.05,114.1,Mastercard,Delivered
ORD103594,CUST00562,2026-01-23,PROD0293:5:26.46,132.3,Apple Pay,Delivered
ORD103595,CUST01188,2025-11-16,PROD0217:4:240.36,961.44,Mastercard,Cancelled
ORD103596,CUST00247,2026-02-27,PROD0028:3:89.71,269.13,PayPal,Processing
ORD103597,CUST00402,2026-05-20,PROD0184:3:76.1,228.3,Mastercard,Shipped
ORD103598,CUST00434,2025-09-05,PROD0039:5:35.25|PROD0024:1:45.08,221.33,Visa,Delivered
ORD103599,CUST01023,2026-05-12,PROD0265:5:21.16|PROD0049:4:79.17,422.48,PayPal,Shipped
ORD103600,CUST00402,2025-09-13,PROD0017:5:145.85,729.25,Mastercard,Shipped
ORD103601,CUST00336,2025-12-14,PROD0157:2:160.75,321.5,Mastercard,Returned
ORD103602,CUST00965,2025-12-04,PROD0110:2:36.36|PROD0250:3:8.48,98.16,Visa,Processing
ORD103603,CUST00336,2026-01-18,PROD0189:3:116.79|PROD0267:5:85.78,779.27,Visa,Delivered
ORD103604,CUST00065,2026-06-06,PROD0275:4:91.6,366.4,Visa,Delivered
ORD103605,CUST01148,2026-01-22,PROD0279:1:19.87,19.87,PayPal,Delayed
ORD103606,CUST00284,2025-12-28,PROD0211:4:15.2,60.8,Apple Pay,Delivered
ORD103607,CUST00715,2025-10-29,PROD0202:5:14.1|PROD0142:1:68.42,138.92,Amex,Delivered
ORD103608,CUST01164,2026-01-19,PROD0047:4:58.31|PROD0227:5:148.49,975.69,Visa,Returned
ORD103609,CUST00873,2025-11-13,PROD0132:2:14.3,28.6,Store Credit,Delayed
ORD103610,CUST00872,2025-09-04,PROD0231:1:10.76|PROD0237:4:10.39|PROD0193:4:29.24,169.28,Mastercard,Returned
ORD103611,CUST00892,2026-04-13,PROD0147:2:129.73,259.46,Apple Pay,Delivered
ORD103612,CUST00287,2025-12-24,PROD0243:2:47.44|PROD0286:4:11.4|PROD0289:4:44.66|PROD0045:1:17.66,336.78,Apple Pay,Delivered
ORD103613,CUST00386,2026-01-03,PROD0180:3:13.81,41.43,PayPal,Delivered
ORD103614,CUST01053,2025-10-20,PROD0088:3:38.76|PROD0280:2:218.73,553.74,Amex,Delivered
ORD103615,CUST00604,2026-02-11,PROD0132:5:14.3,71.5,Amex,Delivered
ORD103616,CUST00763,2025-10-03,PROD0038:3:153.69|PROD0272:5:27.45|PROD0048:3:19.97,658.23,Store Credit,Returned
ORD103617,CUST00631,2025-10-26,PROD0122:3:113.13,339.39,Mastercard,Delivered
ORD103618,CUST00012,2025-09-08,PROD0280:1:218.73,218.73,Visa,Delivered
ORD103619,CUST00386,2025-08-28,PROD0150:1:90.15,90.15,Mastercard,Delivered
ORD103620,CUST00767,2026-06-27,PROD0227:2:148.49,296.98,Mastercard,Processing
ORD103621,CUST00126,2026-01-19,PROD0135:4:13.02|PROD0260:4:135.73,595.0,Store Credit,Delivered
ORD103622,CUST00286,2025-09-15,PROD0075:4:42.82|PROD0286:3:11.4,205.48,Mastercard,Delivered
ORD103623,CUST00242,2025-10-19,PROD0089:3:58.99|PROD0065:2:99.72|PROD0146:1:25.49,401.9,Apple Pay,Shipped
ORD103624,CUST00550,2025-08-04,PROD0167:2:13.38,26.76,Visa,Shipped
ORD103625,CUST00815,2026-07-19,PROD0020:5:33.7,168.5,Store Credit,Delivered
ORD103626,CUST01160,2025-08-10,PROD0268:3:34.77|PROD0236:4:37.87|PROD0266:3:101.77|PROD0040:5:6.69,594.55,Visa,Returned
ORD103627,CUST00288,2026-04-25,PROD0221:5:21.66|PROD0253:3:45.08|PROD0280:1:218.73,462.27,Store Credit,Processing
ORD103628,CUST01078,2026-05-11,PROD0189:4:116.79|PROD0075:5:42.82|PROD0265:3:21.16|PROD0188:1:10.76,755.5,Amex,Delivered
ORD103629,CUST00167,2026-05-09,PROD0042:4:241.7|PROD0195:5:16.36,1048.6,Amex,Delivered
ORD103630,CUST00853,2026-02-25,PROD0235:1:35.87,35.87,PayPal,Out for Delivery
ORD103631,CUST00412,2025-12-24,PROD0198:5:74.76|PROD0287:5:49.41|PROD0101:3:170.06|PROD0196:4:161.82,1778.31,Mastercard,Delivered
ORD103632,CUST01005,2026-01-23,PROD0075:2:42.82,85.64,Apple Pay,Processing
ORD103633,CUST00357,2025-11-20,PROD0228:5:11.51,57.55,Mastercard,Shipped
ORD103634,CUST00900,2025-08-25,PROD0294:4:28.58,114.32,Mastercard,Cancelled
ORD103635,CUST00866,2025-10-11,PROD0083:5:12.63|PROD0078:3:167.27|PROD0179:2:22.52,610.0,Mastercard,Delivered
ORD103636,CUST00714,2025-08-19,PROD0238:3:88.09,264.27,Store Credit,Returned
ORD103637,CUST00314,2026-07-06,PROD0131:3:11.48,34.44,Apple Pay,Returned
ORD103638,CUST00765,2026-03-13,PROD0027:4:8.85|PROD0143:2:209.56|PROD0297:5:171.88|PROD0215:3:59.37,1492.03,Apple Pay,Delivered
ORD103639,CUST00381,2025-08-13,PROD0230:2:7.64,15.28,Apple Pay,Delivered
ORD103640,CUST00989,2025-09-03,PROD0087:3:72.87,218.61,Amex,Out for Delivery
ORD103641,CUST00636,2026-02-21,PROD0136:1:75.27,75.27,Mastercard,Delivered
ORD103642,CUST01055,2025-11-17,PROD0264:1:25.7,25.7,Visa,Returned
ORD103643,CUST01128,2026-06-23,PROD0022:3:55.37,166.11,Amex,Processing
ORD103644,CUST00686,2026-05-07,PROD0253:3:45.08,135.24,Store Credit,Out for Delivery
ORD103645,CUST00425,2026-07-24,PROD0214:3:21.47|PROD0225:5:129.56,712.21,Mastercard,Cancelled
ORD103646,CUST00686,2026-05-01,PROD0131:2:11.48,22.96,Visa,Processing
ORD103647,CUST00063,2026-03-23,PROD0249:3:9.97,29.91,Amex,Delivered
ORD103648,CUST01087,2025-09-03,PROD0020:1:33.7,33.7,Apple Pay,Delivered
ORD103649,CUST00030,2025-10-29,PROD0012:4:54.17|PROD0300:5:18.47,309.03,Apple Pay,Shipped
ORD103650,CUST00901,2025-10-18,PROD0100:1:81.87,81.87,Visa,Processing
ORD103651,CUST00268,2025-12-20,PROD0094:5:136.82,684.1,Amex,Delivered
ORD103652,CUST00807,2025-10-01,PROD0252:3:79.63|PROD0089:4:58.99,474.85,Mastercard,Cancelled
ORD103653,CUST00428,2025-09-02,PROD0285:5:33.77,168.85,PayPal,Delivered
ORD103654,CUST00267,2025-12-24,PROD0244:5:28.97|PROD0038:5:153.69,913.3,PayPal,Delivered
ORD103655,CUST00439,2025-09-18,PROD0238:5:88.09,440.45,Mastercard,Processing
ORD103656,CUST00780,2026-01-05,PROD0006:1:6.78|PROD0254:2:110.83,228.44,Mastercard,Shipped
ORD103657,CUST00773,2026-02-28,PROD0153:2:32.56|PROD0292:2:56.02,177.16,Amex,Delayed
ORD103658,CUST00574,2026-04-12,PROD0293:3:26.46|PROD0185:1:34.57|PROD0084:3:98.15,408.4,Amex,Delivered
ORD103659,CUST00242,2025-09-08,PROD0022:1:55.37|PROD0047:4:58.31|PROD0072:2:70.01,428.63,PayPal,Delivered
ORD103660,CUST00063,2026-02-08,PROD0254:4:110.83|PROD0194:4:48.76,638.36,Store Credit,Processing
ORD103661,CUST00451,2025-12-31,PROD0053:5:30.53|PROD0202:3:14.1,194.95,Mastercard,Cancelled
ORD103662,CUST00017,2025-10-10,PROD0217:3:240.36,721.08,Mastercard,Processing
ORD103663,CUST00582,2025-12-23,PROD0069:3:29.63|PROD0062:4:20.08,169.21,Visa,Delivered
ORD103664,CUST01149,2025-11-05,PROD0039:3:35.25,105.75,Visa,Delivered
ORD103665,CUST00355,2026-05-21,PROD0019:4:32.14|PROD0165:5:38.86,322.86,Amex,Delivered
ORD103666,CUST00680,2025-08-29,PROD0109:3:29.51|PROD0166:3:36.87,199.14,PayPal,Delivered
ORD103667,CUST00110,2026-01-16,PROD0002:1:96.62|PROD0098:2:87.67,271.96,Apple Pay,Processing
ORD103668,CUST00738,2026-01-18,PROD0183:5:73.54|PROD0295:2:56.15|PROD0189:3:116.79,830.37,Apple Pay,Delivered
ORD103669,CUST00494,2025-09-28,PROD0056:4:242.05,968.2,Mastercard,Processing
ORD103670,CUST00494,2026-07-08,PROD0182:2:235.58,471.16,PayPal,Shipped
ORD103671,CUST00857,2026-01-19,PROD0280:1:218.73,218.73,Visa,Cancelled
ORD103672,CUST00603,2026-02-24,PROD0092:1:55.86|PROD0195:1:16.36,72.22,PayPal,Delivered
ORD103673,CUST00400,2026-01-31,PROD0300:5:18.47,92.35,PayPal,Delivered
ORD103674,CUST00153,2025-11-01,PROD0131:4:11.48,45.92,PayPal,Delivered
ORD103675,CUST01172,2025-12-09,PROD0197:1:10.66,10.66,Amex,Delivered
ORD103676,CUST01036,2026-02-05,PROD0103:4:35.6,142.4,Visa,Cancelled
ORD103677,CUST00374,2025-09-23,PROD0097:2:10.79|PROD0190:4:68.53|PROD0121:5:31.31|PROD0109:3:29.51,540.78,PayPal,Delivered
ORD103678,CUST00052,2026-01-18,PROD0134:4:178.43|PROD0262:5:174.58|PROD0123:4:38.34|PROD0260:1:135.73,1875.71,Apple Pay,Delivered
ORD103679,CUST00086,2026-07-24,PROD0032:2:22.58|PROD0247:5:72.46,407.46,Apple Pay,Delivered
ORD103680,CUST00569,2025-11-16,PROD0208:5:29.11|PROD0092:4:55.86,368.99,Store Credit,Delivered
ORD103681,CUST00367,2025-09-10,PROD0184:5:76.1,380.5,Apple Pay,Delayed
ORD103682,CUST01049,2025-10-14,PROD0273:3:84.74|PROD0262:4:174.58|PROD0062:3:20.08,1012.78,PayPal,Processing
ORD103683,CUST00806,2025-10-27,PROD0238:3:88.09|PROD0145:4:16.58,330.59,Visa,Delivered
ORD103684,CUST00683,2025-10-19,PROD0080:3:101.65|PROD0138:2:18.75,342.45,Amex,Delivered
ORD103685,CUST00334,2026-06-13,PROD0201:2:12.0,24.0,Mastercard,Cancelled
ORD103686,CUST00749,2025-11-24,PROD0071:3:156.65|PROD0300:4:18.47,543.83,Apple Pay,Cancelled
ORD103687,CUST01102,2026-03-28,PROD0132:3:14.3,42.9,Apple Pay,Delivered
ORD103688,CUST00900,2026-02-12,PROD0094:4:136.82,547.28,Store Credit,Shipped
ORD103689,CUST00583,2026-04-22,PROD0067:1:11.15|PROD0236:5:37.87|PROD0254:3:110.83,532.99,Apple Pay,Shipped
ORD103690,CUST00561,2025-10-20,PROD0062:5:20.08|PROD0278:3:43.45,230.75,Visa,Cancelled
ORD103691,CUST00239,2025-12-07,PROD0001:5:121.73,608.65,Mastercard,Delivered
ORD103692,CUST00241,2026-06-22,PROD0015:3:33.9|PROD0136:5:75.27|PROD0185:1:34.57,512.62,Store Credit,Returned
ORD103693,CUST00767,2026-03-03,PROD0118:3:5.27|PROD0201:1:12.0,27.81,Mastercard,Delayed
ORD103694,CUST00839,2025-10-01,PROD0084:1:98.15|PROD0186:4:24.16,194.79,Mastercard,Processing
ORD103695,CUST00365,2025-08-02,PROD0113:2:29.87|PROD0189:5:116.79|PROD0264:4:25.7|PROD0062:5:20.08,846.89,Visa,Out for Delivery
ORD103696,CUST01115,2026-01-31,PROD0239:2:87.92,175.84,Amex,Delivered
ORD103697,CUST00373,2026-02-01,PROD0283:3:33.8|PROD0146:5:25.49,228.85,Amex,Processing
ORD103698,CUST00279,2025-10-18,PROD0165:4:38.86|PROD0151:2:13.08|PROD0258:5:29.27,327.95,Store Credit,Delivered
ORD103699,CUST00701,2025-11-27,PROD0220:2:35.61,71.22,Visa,Delivered
ORD103700,CUST00387,2025-10-05,PROD0192:4:129.12|PROD0062:4:20.08,596.8,Amex,Delivered
ORD103701,CUST00965,2026-04-07,PROD0009:2:31.16,62.32,Mastercard,Delivered
ORD103702,CUST00935,2026-01-16,PROD0133:1:32.07|PROD0011:5:22.2|PROD0171:5:115.91|PROD0116:4:9.23,759.54,Amex,Delivered
ORD103703,CUST00007,2025-12-16,PROD0030:3:27.16|PROD0006:1:6.78|PROD0126:1:82.81,171.07,Store Credit,Processing
ORD103704,CUST01141,2025-10-26,PROD0231:3:10.76|PROD0015:1:33.9|PROD0121:4:31.31,191.42,Store Credit,Delivered
ORD103705,CUST01148,2026-03-05,PROD0133:1:32.07,32.07,Apple Pay,Processing
ORD103706,CUST00639,2026-06-22,PROD0165:2:38.86,77.72,PayPal,Processing
ORD103707,CUST00363,2026-01-14,PROD0094:1:136.82|PROD0134:2:178.43,493.68,Store Credit,Returned
ORD103708,CUST01074,2025-08-14,PROD0117:1:34.38|PROD0180:1:13.81|PROD0098:4:87.67,398.87,Amex,Shipped
ORD103709,CUST00215,2025-08-27,PROD0282:1:114.39|PROD0290:4:105.75|PROD0217:1:240.36,777.75,Mastercard,Cancelled
ORD103710,CUST00661,2026-02-11,PROD0240:1:55.35,55.35,Store Credit,Out for Delivery
ORD103711,CUST00594,2025-08-13,PROD0046:5:33.24,166.2,Store Credit,Delivered
ORD103712,CUST00190,2025-08-09,PROD0265:5:21.16,105.8,Mastercard,Cancelled
ORD103713,CUST00569,2026-03-19,PROD0075:3:42.82,128.46,Amex,Delivered
ORD103714,CUST00090,2025-09-08,PROD0283:1:33.8,33.8,Apple Pay,Delivered
ORD103715,CUST00358,2026-03-28,PROD0105:5:114.17,570.85,Store Credit,Delivered
ORD103716,CUST01046,2026-06-17,PROD0225:1:129.56|PROD0027:5:8.85|PROD0111:3:31.83,269.3,Apple Pay,Delivered
ORD103717,CUST00523,2026-06-10,PROD0238:5:88.09,440.45,PayPal,Delivered
ORD103718,CUST00480,2026-03-29,PROD0159:4:20.43,81.72,Apple Pay,Delayed
ORD103719,CUST01040,2025-12-04,PROD0035:1:186.35,186.35,Store Credit,Shipped
ORD103720,CUST00494,2025-12-22,PROD0261:3:78.93,236.79,Amex,Delivered
ORD103721,CUST00161,2026-07-20,PROD0170:1:12.14,12.14,Visa,Returned
ORD103722,CUST00644,2025-09-13,PROD0223:2:26.93,53.86,Visa,Out for Delivery
ORD103723,CUST00355,2026-03-14,PROD0092:5:55.86,279.3,PayPal,Delivered
ORD103724,CUST00639,2025-08-21,PROD0253:2:45.08|PROD0103:4:35.6,232.56,Apple Pay,Delivered
ORD103725,CUST00281,2025-10-25,PROD0164:3:106.62|PROD0099:5:133.23|PROD0233:2:82.05,1150.11,Store Credit,Delivered
ORD103726,CUST00241,2026-07-05,PROD0136:4:75.27,301.08,PayPal,Cancelled
ORD103727,CUST00848,2026-03-21,PROD0268:1:34.77|PROD0275:1:91.6,126.37,Store Credit,Shipped
ORD103728,CUST00661,2026-05-21,PROD0163:3:76.48|PROD0275:2:91.6|PROD0238:3:88.09|PROD0024:2:45.08,767.07,PayPal,Out for Delivery
ORD103729,CUST00804,2026-02-10,PROD0249:1:9.97,9.97,Apple Pay,Delivered
ORD103730,CUST00709,2025-09-27,PROD0224:2:131.68,263.36,Apple Pay,Shipped
ORD103731,CUST00349,2026-02-18,PROD0150:3:90.15,270.45,Visa,Delivered
ORD103732,CUST01070,2026-07-08,PROD0118:3:5.27|PROD0097:3:10.79|PROD0017:2:145.85,339.88,Store Credit,Delivered
ORD103733,CUST00392,2025-12-09,PROD0159:3:20.43,61.29,Visa,Returned
ORD103734,CUST00790,2025-11-20,PROD0009:3:31.16,93.48,PayPal,Returned
ORD103735,CUST00711,2026-04-12,PROD0275:3:91.6,274.8,Visa,Delivered
ORD103736,CUST00565,2025-10-14,PROD0245:5:74.39|PROD0169:4:47.11|PROD0121:4:31.31|PROD0010:2:98.26,882.15,Store Credit,Delivered
ORD103737,CUST00183,2026-01-12,PROD0023:3:18.55|PROD0271:5:9.6,103.65,Amex,Delivered
ORD103738,CUST01160,2026-05-25,PROD0057:2:37.8,75.6,Apple Pay,Delivered
ORD103739,CUST00561,2025-08-29,PROD0221:2:21.66|PROD0259:4:27.72,154.2,Visa,Delivered
ORD103740,CUST00714,2026-07-05,PROD0047:5:58.31,291.55,Mastercard,Processing
ORD103741,CUST01039,2025-09-14,PROD0019:3:32.14,96.42,Mastercard,Out for Delivery
ORD103742,CUST00662,2026-06-24,PROD0123:3:38.34|PROD0004:5:9.47,162.37,Visa,Processing
ORD103743,CUST01024,2026-07-19,PROD0145:1:16.58,16.58,PayPal,Delivered
ORD103744,CUST00181,2025-09-02,PROD0047:5:58.31|PROD0271:2:9.6,310.75,Store Credit,Processing
ORD103745,CUST00172,2026-01-12,PROD0220:4:35.61,142.44,Amex,Processing
ORD103746,CUST00889,2025-09-07,PROD0288:5:79.59|PROD0246:3:61.05,581.1,Mastercard,Cancelled
ORD103747,CUST00617,2026-07-30,PROD0039:2:35.25,70.5,Amex,Delivered
ORD103748,CUST00334,2026-07-30,PROD0080:1:101.65,101.65,Apple Pay,Processing
ORD103749,CUST00686,2025-11-15,PROD0106:1:116.2,116.2,PayPal,Delivered
ORD103750,CUST00007,2026-02-03,PROD0152:1:34.78,34.78,Store Credit,Delivered
ORD103751,CUST00118,2025-08-02,PROD0198:3:74.76,224.28,Apple Pay,Shipped
ORD103752,CUST00958,2025-10-07,PROD0166:2:36.87|PROD0149:2:111.96|PROD0131:5:11.48,355.06,Visa,Delivered
ORD103753,CUST01039,2026-01-07,PROD0221:1:21.66,21.66,Apple Pay,Delivered
ORD103754,CUST00247,2026-07-08,PROD0125:2:19.13|PROD0253:2:45.08,128.42,PayPal,Out for Delivery
ORD103755,CUST00759,2026-06-18,PROD0078:1:167.27,167.27,Visa,Processing
ORD103756,CUST00647,2025-08-14,PROD0282:4:114.39|PROD0111:5:31.83|PROD0026:5:54.92|PROD0260:2:135.73,1162.77,Mastercard,Cancelled
ORD103757,CUST00319,2025-08-31,PROD0043:5:53.62,268.1,PayPal,Shipped
ORD103758,CUST00070,2026-01-08,PROD0266:2:101.77|PROD0216:3:7.93|PROD0092:5:55.86|PROD0278:5:43.45,723.88,Store Credit,Delivered
ORD103759,CUST00588,2025-08-25,PROD0146:4:25.49,101.96,Mastercard,Delivered
ORD103760,CUST00237,2026-05-24,PROD0242:1:23.74,23.74,Store Credit,Cancelled
ORD103761,CUST00700,2026-02-05,PROD0075:2:42.82,85.64,Apple Pay,Cancelled
ORD103762,CUST00647,2026-05-08,PROD0155:4:146.86,587.44,Store Credit,Delivered
ORD103763,CUST00803,2026-01-28,PROD0193:5:29.24|PROD0214:1:21.47,167.67,Mastercard,Delivered
ORD103764,CUST00588,2025-11-03,PROD0089:2:58.99|PROD0214:2:21.47,160.92,Apple Pay,Delivered
ORD103765,CUST01180,2026-05-29,PROD0045:3:17.66,52.98,PayPal,Delivered
ORD103766,CUST00242,2025-08-21,PROD0050:3:15.03,45.09,Mastercard,Cancelled
ORD103767,CUST00636,2026-06-22,PROD0214:1:21.47,21.47,Amex,Delivered
ORD103768,CUST00889,2025-12-31,PROD0223:1:26.93,26.93,Amex,Processing
ORD103769,CUST00628,2025-12-24,PROD0203:1:248.58,248.58,PayPal,Shipped
ORD103770,CUST00636,2026-03-09,PROD0007:5:167.26|PROD0019:5:32.14,997.0,Mastercard,Out for Delivery
ORD103771,CUST01172,2026-03-03,PROD0129:2:19.99,39.98,Visa,Delivered
ORD103772,CUST00711,2025-11-09,PROD0149:2:111.96,223.92,PayPal,Processing
ORD103773,CUST00998,2026-07-23,PROD0217:2:240.36,480.72,Store Credit,Delivered
ORD103774,CUST00247,2026-07-12,PROD0170:5:12.14,60.7,Mastercard,Delayed
ORD103775,CUST01052,2026-04-22,PROD0173:5:42.3|PROD0241:5:95.92|PROD0243:3:47.44,833.42,Visa,Delivered
ORD103776,CUST00083,2026-04-17,PROD0085:4:87.79,351.16,Amex,Delivered
ORD103777,CUST00901,2025-12-08,PROD0039:5:35.25,176.25,Mastercard,Out for Delivery
ORD103778,CUST00555,2026-04-25,PROD0276:5:75.04,375.2,PayPal,Processing
ORD103779,CUST00193,2025-12-15,PROD0135:4:13.02,52.08,PayPal,Delivered
ORD103780,CUST00956,2025-12-23,PROD0057:3:37.8,113.4,PayPal,Delayed
ORD103781,CUST01143,2025-12-03,PROD0227:5:148.49,742.45,Mastercard,Delivered
ORD103782,CUST00899,2025-12-02,PROD0232:3:130.11|PROD0011:1:22.2,412.53,Apple Pay,Delivered
ORD103783,CUST00398,2026-05-14,PROD0017:2:145.85|PROD0205:2:97.84,487.38,PayPal,Cancelled
ORD103784,CUST01155,2026-01-19,PROD0257:3:46.24|PROD0147:2:129.73|PROD0020:1:33.7|PROD0008:1:165.66,597.54,Apple Pay,Returned
ORD103785,CUST00853,2026-02-28,PROD0200:2:39.66|PROD0227:5:148.49|PROD0294:5:28.58,964.67,PayPal,Processing
ORD103786,CUST00399,2026-02-13,PROD0017:5:145.85|PROD0253:5:45.08,954.65,Apple Pay,Shipped
ORD103787,CUST00499,2026-04-22,PROD0007:1:167.26,167.26,Mastercard,Cancelled
ORD103788,CUST00892,2025-12-20,PROD0098:1:87.67,87.67,Apple Pay,Shipped
ORD103789,CUST00906,2025-10-29,PROD0169:1:47.11,47.11,Apple Pay,Delivered
ORD103790,CUST00519,2026-04-01,PROD0004:1:9.47,9.47,Store Credit,Delivered
ORD103791,CUST00193,2025-12-28,PROD0146:5:25.49|PROD0099:1:133.23|PROD0258:1:29.27,289.95,Apple Pay,Delivered
ORD103792,CUST01171,2026-02-21,PROD0215:4:59.37|PROD0163:2:76.48,390.44,Amex,Shipped
ORD103793,CUST00365,2025-09-11,PROD0163:1:76.48|PROD0293:3:26.46|PROD0279:4:19.87,235.34,Mastercard,Delivered
ORD103794,CUST00499,2025-11-04,PROD0009:1:31.16,31.16,Amex,Delivered
ORD103795,CUST00241,2026-03-11,PROD0097:1:10.79|PROD0090:1:15.79,26.58,Apple Pay,Out for Delivery
ORD103796,CUST00745,2026-02-11,PROD0001:3:121.73|PROD0263:4:22.13|PROD0190:1:68.53,522.24,Store Credit,Delivered
ORD103797,CUST00254,2026-04-16,PROD0088:3:38.76,116.28,Apple Pay,Delivered
ORD103798,CUST00767,2025-11-06,PROD0081:5:27.98|PROD0062:5:20.08|PROD0112:2:112.59,465.48,Store Credit,Cancelled
ORD103799,CUST00863,2026-04-15,PROD0145:2:16.58|PROD0096:3:50.63|PROD0254:1:110.83,295.88,Visa,Delivered
ORD103800,CUST00774,2025-09-11,PROD0298:2:12.54|PROD0174:2:22.41,69.9,Visa,Returned
ORD103801,CUST00247,2026-06-14,PROD0240:4:55.35|PROD0276:4:75.04|PROD0045:2:17.66,556.88,Visa,Delivered
ORD103802,CUST00905,2025-07-30,PROD0155:1:146.86|PROD0287:4:49.41|PROD0268:3:34.77|PROD0071:3:156.65,918.76,Mastercard,Delivered
ORD103803,CUST00391,2026-03-08,PROD0075:2:42.82|PROD0289:5:44.66,308.94,Amex,Delivered
ORD103804,CUST00007,2026-06-11,PROD0218:1:151.18|PROD0228:2:11.51,174.2,Store Credit,Delivered
ORD103805,CUST00288,2026-03-17,PROD0104:2:24.87,49.74,Mastercard,Shipped
ORD103806,CUST00272,2026-03-04,PROD0261:4:78.93|PROD0242:1:23.74|PROD0283:5:33.8,508.46,Visa,Delivered
ORD103807,CUST00052,2026-02-21,PROD0220:5:35.61|PROD0200:3:39.66,297.03,Visa,Delivered
ORD103808,CUST00537,2026-04-21,PROD0010:4:98.26,393.04,Amex,Delivered
ORD103809,CUST00354,2025-12-31,PROD0237:4:10.39|PROD0050:2:15.03,71.62,Mastercard,Shipped
ORD103810,CUST00167,2025-12-29,PROD0011:5:22.2|PROD0071:4:156.65|PROD0214:5:21.47,844.95,Mastercard,Shipped
ORD103811,CUST00494,2026-06-24,PROD0133:3:32.07,96.21,Visa,Shipped
ORD103812,CUST00542,2026-02-01,PROD0242:3:23.74,71.22,Store Credit,Out for Delivery
ORD103813,CUST00036,2026-05-29,PROD0164:3:106.62,319.86,Store Credit,Delivered
ORD103814,CUST01169,2025-12-22,PROD0299:2:56.12|PROD0151:5:13.08|PROD0139:2:31.77|PROD0068:2:30.3,301.78,Store Credit,Shipped
ORD103815,CUST00008,2025-12-19,PROD0165:1:38.86|PROD0175:5:37.15,224.61,Amex,Returned
ORD103816,CUST00631,2025-10-24,PROD0033:1:50.93,50.93,Amex,Returned
ORD103817,CUST01033,2026-05-28,PROD0145:2:16.58|PROD0196:2:161.82,356.8,Visa,Returned
ORD103818,CUST00001,2025-08-23,PROD0152:5:34.78|PROD0099:1:133.23|PROD0104:1:24.87|PROD0164:3:106.62,651.86,Amex,Delivered
ORD103819,CUST00518,2025-09-14,PROD0200:4:39.66,158.64,Amex,Returned
ORD103820,CUST01149,2026-03-21,PROD0052:4:62.04,248.16,PayPal,Delivered
ORD103821,CUST01048,2026-02-18,PROD0197:3:10.66,31.98,PayPal,Delivered
ORD103822,CUST00751,2026-06-01,PROD0095:3:26.42,79.26,Apple Pay,Cancelled
ORD103823,CUST00709,2025-11-23,PROD0103:4:35.6,142.4,Mastercard,Shipped
ORD103824,CUST00583,2026-03-14,PROD0149:1:111.96,111.96,Mastercard,Delivered
ORD103825,CUST00425,2025-08-22,PROD0145:3:16.58,49.74,Amex,Delivered
ORD103826,CUST01058,2025-09-23,PROD0160:4:27.79,111.16,PayPal,Delivered
ORD103827,CUST00206,2025-08-12,PROD0193:2:29.24,58.48,Amex,Out for Delivery
ORD103828,CUST00291,2025-09-12,PROD0210:4:78.45,313.8,Amex,Processing
ORD103829,CUST00858,2026-03-21,PROD0029:4:81.59,326.36,Visa,Cancelled
ORD103830,CUST00326,2026-04-10,PROD0084:4:98.15|PROD0100:3:81.87,638.21,PayPal,Processing
ORD103831,CUST00090,2026-03-22,PROD0211:4:15.2|PROD0181:1:4.29,65.09,Visa,Delivered
ORD103832,CUST01049,2026-05-24,PROD0174:2:22.41|PROD0230:3:7.64,67.74,Store Credit,Out for Delivery
ORD103833,CUST00651,2026-06-20,PROD0297:5:171.88,859.4,Amex,Cancelled
ORD103834,CUST00980,2026-04-18,PROD0288:5:79.59|PROD0126:1:82.81|PROD0105:4:114.17,937.44,Mastercard,Returned
ORD103835,CUST00900,2025-12-04,PROD0021:3:148.05|PROD0273:1:84.74,528.89,Mastercard,Shipped
ORD103836,CUST00190,2026-05-06,PROD0187:1:21.11|PROD0214:1:21.47|PROD0293:2:26.46|PROD0045:1:17.66,113.16,Store Credit,Returned
ORD103837,CUST00549,2025-09-18,PROD0039:2:35.25|PROD0203:1:248.58|PROD0208:4:29.11|PROD0051:2:43.91,523.34,Store Credit,Delivered
ORD103838,CUST00041,2026-04-19,PROD0004:4:9.47|PROD0162:3:142.57,465.59,Apple Pay,Returned
ORD103839,CUST00500,2026-04-12,PROD0111:5:31.83,159.15,Mastercard,Shipped
ORD103840,CUST01049,2026-05-03,PROD0012:2:54.17|PROD0176:1:106.09|PROD0225:1:129.56,343.99,Store Credit,Shipped
ORD103841,CUST00912,2026-06-22,PROD0152:3:34.78,104.34,PayPal,Processing
ORD103842,CUST00354,2025-11-16,PROD0057:2:37.8,75.6,Visa,Shipped
ORD103843,CUST00286,2025-11-08,PROD0287:2:49.41|PROD0181:4:4.29|PROD0203:5:248.58|PROD0283:3:33.8,1460.28,Apple Pay,Delivered
ORD103844,CUST00497,2025-12-15,PROD0220:2:35.61,71.22,Mastercard,Shipped
ORD103845,CUST00906,2025-11-29,PROD0229:1:30.85,30.85,Mastercard,Processing
ORD103846,CUST00314,2026-04-05,PROD0066:1:117.07,117.07,Store Credit,Delivered
ORD103847,CUST01047,2026-03-16,PROD0130:3:30.13,90.39,Apple Pay,Delivered
ORD103848,CUST01052,2025-08-27,PROD0008:5:165.66,828.3,Store Credit,Delivered
ORD103849,CUST00463,2025-12-19,PROD0253:1:45.08,45.08,Apple Pay,Delivered
ORD103850,CUST00592,2025-09-09,PROD0041:2:26.94,53.88,Mastercard,Out for Delivery
ORD103851,CUST00547,2026-04-13,PROD0118:1:5.27,5.27,PayPal,Shipped
ORD103852,CUST00090,2026-02-19,PROD0176:5:106.09,530.45,Amex,Processing
ORD103853,CUST00873,2026-05-09,PROD0052:1:62.04,62.04,Store Credit,Out for Delivery
ORD103854,CUST00505,2026-06-19,PROD0282:3:114.39,343.17,Mastercard,Shipped
ORD103855,CUST00542,2025-11-13,PROD0014:4:232.45,929.8,Visa,Delivered
ORD103856,CUST00551,2025-11-25,PROD0175:1:37.15,37.15,Mastercard,Shipped
ORD103857,CUST00520,2025-10-21,PROD0189:5:116.79|PROD0263:4:22.13,672.47,Mastercard,Shipped
ORD103858,CUST00933,2026-05-28,PROD0136:5:75.27|PROD0262:5:174.58,1249.25,Visa,Delivered
ORD103859,CUST00451,2026-05-19,PROD0283:3:33.8,101.4,PayPal,Processing
ORD103860,CUST00868,2025-08-03,PROD0130:5:30.13|PROD0093:5:119.59|PROD0246:2:61.05|PROD0021:5:148.05,1610.95,Amex,Returned
ORD103861,CUST00752,2025-11-18,PROD0211:1:15.2|PROD0119:4:234.85|PROD0129:4:19.99|PROD0228:5:11.51,1092.11,PayPal,Delivered
ORD103862,CUST00519,2026-05-23,PROD0280:1:218.73,218.73,Amex,Shipped
ORD103863,CUST00242,2026-02-14,PROD0205:4:97.84|PROD0132:1:14.3,405.66,Amex,Shipped
ORD103864,CUST01183,2026-05-08,PROD0160:1:27.79|PROD0061:3:25.67,104.8,Mastercard,Delivered
ORD103865,CUST00066,2025-10-30,PROD0175:3:37.15|PROD0253:2:45.08|PROD0278:3:43.45|PROD0213:4:69.08,608.28,PayPal,Shipped
ORD103866,CUST00198,2025-09-24,PROD0086:3:41.13|PROD0142:5:68.42,465.49,Amex,Delivered
ORD103867,CUST00386,2026-02-25,PROD0082:4:33.12,132.48,Mastercard,Processing
ORD103868,CUST01092,2026-05-27,PROD0262:2:174.58|PROD0074:4:30.72,472.04,Amex,Delivered
ORD103869,CUST00069,2025-10-15,PROD0094:4:136.82|PROD0066:3:117.07|PROD0140:5:235.93|PROD0098:1:87.67,2165.81,Mastercard,Delivered
ORD103870,CUST00562,2026-07-07,PROD0227:4:148.49|PROD0239:2:87.92|PROD0062:1:20.08,789.88,Store Credit,Out for Delivery
ORD103871,CUST01058,2025-09-24,PROD0294:1:28.58,28.58,Store Credit,Shipped
ORD103872,CUST00958,2025-08-22,PROD0116:5:9.23|PROD0171:5:115.91,625.7,PayPal,Processing
ORD103873,CUST00921,2025-11-15,PROD0157:1:160.75,160.75,Store Credit,Delayed
ORD103874,CUST00751,2026-03-26,PROD0222:3:52.54|PROD0232:2:130.11,417.84,PayPal,Processing
ORD103875,CUST00374,2025-09-07,PROD0176:2:106.09,212.18,Mastercard,Processing
ORD103876,CUST00334,2025-09-12,PROD0103:2:35.6|PROD0104:2:24.87|PROD0251:4:9.74|PROD0105:3:114.17,502.41,Store Credit,Delayed
ORD103877,CUST00365,2026-03-26,PROD0298:1:12.54,12.54,Mastercard,Shipped
ORD103878,CUST00335,2026-05-14,PROD0041:2:26.94|PROD0086:5:41.13|PROD0007:4:167.26|PROD0161:1:19.26,947.83,Store Credit,Delivered
ORD103879,CUST00135,2026-06-16,PROD0065:3:99.72|PROD0078:4:167.27,968.24,Amex,Delivered
ORD103880,CUST01074,2026-01-25,PROD0213:4:69.08,276.32,Visa,Processing
ORD103881,CUST00902,2025-08-23,PROD0035:1:186.35,186.35,Amex,Shipped
ORD103882,CUST01032,2025-11-12,PROD0053:4:30.53,122.12,Visa,Shipped
ORD103883,CUST00968,2026-05-05,PROD0287:4:49.41,197.64,Store Credit,Processing
ORD103884,CUST00737,2026-05-07,PROD0062:4:20.08|PROD0271:2:9.6,99.52,Mastercard,Delivered
ORD103885,CUST00115,2026-02-20,PROD0091:1:94.44|PROD0055:3:32.88|PROD0005:4:41.87|PROD0026:1:54.92,415.48,Amex,Processing
ORD103886,CUST00319,2026-01-14,PROD0265:1:21.16|PROD0174:2:22.41|PROD0020:4:33.7,200.78,Store Credit,Cancelled
ORD103887,CUST00130,2025-12-31,PROD0106:5:116.2,581.0,Mastercard,Delivered
ORD103888,CUST01199,2026-03-03,PROD0122:1:113.13,113.13,Amex,Processing
ORD103889,CUST00439,2025-10-12,PROD0010:3:98.26,294.78,Apple Pay,Cancelled
ORD103890,CUST00322,2026-06-14,PROD0199:5:192.45,962.25,Mastercard,Delivered
ORD103891,CUST00516,2026-04-16,PROD0224:2:131.68|PROD0118:5:5.27|PROD0016:5:12.58,352.61,Mastercard,Delivered
ORD103892,CUST00728,2025-11-05,PROD0259:4:27.72|PROD0096:2:50.63,212.14,Apple Pay,Delivered
ORD103893,CUST00237,2025-11-17,PROD0062:4:20.08,80.32,Mastercard,Delivered
ORD103894,CUST00439,2025-11-11,PROD0242:3:23.74|PROD0026:3:54.92|PROD0191:3:66.03,434.07,Amex,Delivered
ORD103895,CUST00905,2025-11-10,PROD0021:4:148.05,592.2,Mastercard,Delivered
ORD103896,CUST00561,2025-09-18,PROD0283:4:33.8,135.2,PayPal,Shipped
ORD103897,CUST01180,2026-01-06,PROD0156:4:41.63|PROD0176:5:106.09,696.97,PayPal,Delivered
ORD103898,CUST01179,2026-01-22,PROD0076:3:22.51,67.53,Store Credit,Delivered
ORD103899,CUST00921,2025-11-30,PROD0084:1:98.15,98.15,Visa,Delivered
ORD103900,CUST00105,2025-10-06,PROD0009:5:31.16|PROD0261:3:78.93,392.59,Apple Pay,Delivered
ORD103901,CUST00989,2026-04-08,PROD0295:4:56.15,224.6,Store Credit,Delayed
ORD103902,CUST00107,2026-01-15,PROD0293:1:26.46|PROD0125:5:19.13,122.11,Amex,Cancelled
ORD103903,CUST00735,2026-04-04,PROD0014:1:232.45|PROD0168:3:193.82,813.91,Amex,Processing
ORD103904,CUST00409,2025-08-05,PROD0032:2:22.58,45.16,PayPal,Returned
ORD103905,CUST00241,2025-08-28,PROD0051:2:43.91|PROD0249:4:9.97|PROD0054:2:55.49|PROD0187:5:21.11,344.23,PayPal,Cancelled
ORD103906,CUST00662,2025-12-11,PROD0286:5:11.4,57.0,Store Credit,Delivered
ORD103907,CUST00692,2025-12-25,PROD0033:4:50.93,203.72,Apple Pay,Delivered
ORD103908,CUST00084,2026-05-29,PROD0054:5:55.49,277.45,Store Credit,Shipped
ORD103909,CUST00943,2026-05-05,PROD0096:2:50.63,101.26,PayPal,Delivered
ORD103910,CUST00631,2025-12-06,PROD0101:1:170.06,170.06,Store Credit,Delivered
ORD103911,CUST01028,2026-06-28,PROD0089:5:58.99,294.95,Mastercard,Returned
ORD103912,CUST00364,2026-05-31,PROD0262:1:174.58,174.58,Amex,Delivered
ORD103913,CUST00863,2025-10-20,PROD0221:3:21.66,64.98,Store Credit,Shipped
ORD103914,CUST00303,2025-11-26,PROD0272:1:27.45|PROD0055:3:32.88|PROD0066:2:117.07|PROD0114:2:67.83,495.89,Mastercard,Delayed
ORD103915,CUST00984,2025-11-15,PROD0288:1:79.59,79.59,Visa,Returned
ORD103916,CUST01143,2025-09-16,PROD0017:4:145.85,583.4,Amex,Processing
ORD103917,CUST00059,2025-08-23,PROD0027:5:8.85|PROD0018:5:13.24,110.45,Store Credit,Delivered
ORD103918,CUST00130,2026-01-11,PROD0156:1:41.63,41.63,Mastercard,Delivered
ORD103919,CUST00934,2026-01-15,PROD0267:2:85.78,171.56,Visa,Delivered
ORD103920,CUST00848,2025-09-16,PROD0124:4:57.05,228.2,Visa,Cancelled
ORD103921,CUST00620,2025-12-18,PROD0156:1:41.63,41.63,Apple Pay,Delivered
ORD103922,CUST00777,2026-01-24,PROD0152:2:34.78|PROD0277:3:30.38,160.7,Visa,Returned
ORD103923,CUST00615,2026-03-29,PROD0029:2:81.59|PROD0182:2:235.58,634.34,Apple Pay,Out for Delivery
ORD103924,CUST00393,2026-06-26,PROD0139:1:31.77,31.77,Apple Pay,Returned
ORD103925,CUST01087,2026-03-28,PROD0227:4:148.49|PROD0232:4:130.11|PROD0185:2:34.57|PROD0242:4:23.74,1278.5,Apple Pay,Delivered
ORD103926,CUST00400,2026-07-25,PROD0120:4:80.47|PROD0288:5:79.59,719.83,Store Credit,Delivered
ORD103927,CUST00989,2026-06-28,PROD0197:5:10.66|PROD0060:1:25.69|PROD0220:1:35.61,114.6,Amex,Delayed
ORD103928,CUST00610,2026-04-24,PROD0154:3:191.73,575.19,Store Credit,Delivered
ORD103929,CUST00673,2026-05-31,PROD0050:1:15.03|PROD0300:2:18.47|PROD0268:5:34.77,225.82,Mastercard,Cancelled
ORD103930,CUST01049,2026-07-23,PROD0156:3:41.63|PROD0041:2:26.94|PROD0164:5:106.62,711.87,Store Credit,Processing
ORD103931,CUST00007,2026-03-28,PROD0233:5:82.05|PROD0046:5:33.24|PROD0098:5:87.67|PROD0190:4:68.53,1288.92,PayPal,Delivered
ORD103932,CUST01009,2026-04-12,PROD0277:4:30.38,121.52,PayPal,Out for Delivery
ORD103933,CUST00924,2026-03-28,PROD0164:5:106.62,533.1,Visa,Delivered
ORD103934,CUST00215,2025-12-16,PROD0197:4:10.66,42.64,Visa,Delivered
ORD103935,CUST01036,2026-04-22,PROD0234:4:120.92|PROD0102:5:10.54,536.38,PayPal,Delivered
ORD103936,CUST00214,2026-04-09,PROD0070:2:207.26,414.52,Store Credit,Returned
ORD103937,CUST00399,2025-08-27,PROD0083:3:12.63,37.89,Store Credit,Delivered
ORD103938,CUST00651,2025-08-22,PROD0043:2:53.62,107.24,Apple Pay,Processing
ORD103939,CUST00118,2026-04-06,PROD0177:4:58.87,235.48,Mastercard,Delivered
ORD103940,CUST00193,2026-04-17,PROD0276:2:75.04,150.08,Visa,Delayed
ORD103941,CUST00692,2025-10-26,PROD0218:4:151.18,604.72,Apple Pay,Shipped
ORD103942,CUST00919,2025-10-10,PROD0014:4:232.45,929.8,PayPal,Delayed
ORD103943,CUST00896,2025-09-24,PROD0286:1:11.4,11.4,Store Credit,Processing
ORD103944,CUST00520,2026-01-14,PROD0037:4:94.05|PROD0031:4:213.56|PROD0101:1:170.06,1400.5,PayPal,Delivered
ORD103945,CUST00863,2025-09-02,PROD0231:2:10.76|PROD0040:3:6.69,41.59,Visa,Delivered
ORD103946,CUST00981,2026-04-30,PROD0215:3:59.37,178.11,Store Credit,Returned
ORD103947,CUST00221,2026-04-20,PROD0161:5:19.26,96.3,Visa,Shipped
ORD103948,CUST00506,2026-01-06,PROD0001:2:121.73,243.46,Store Credit,Delayed
ORD103949,CUST00382,2025-11-11,PROD0202:3:14.1|PROD0169:2:47.11,136.52,Visa,Delivered
ORD103950,CUST00572,2026-03-14,PROD0113:3:29.87,89.61,PayPal,Processing
ORD103951,CUST00425,2026-02-10,PROD0114:1:67.83,67.83,Store Credit,Delivered
ORD103952,CUST00644,2026-04-08,PROD0072:4:70.01,280.04,Mastercard,Delivered
ORD103953,CUST00818,2026-03-10,PROD0214:3:21.47,64.41,Visa,Shipped
ORD103954,CUST01036,2025-11-06,PROD0186:4:24.16,96.64,Visa,Delivered
ORD103955,CUST01118,2025-09-06,PROD0243:2:47.44,94.88,Mastercard,Delivered
ORD103956,CUST00206,2026-04-12,PROD0232:4:130.11,520.44,Mastercard,Delivered
ORD103957,CUST00466,2025-11-03,PROD0266:5:101.77,508.85,Store Credit,Delivered
ORD103958,CUST01164,2025-11-03,PROD0149:3:111.96,335.88,Store Credit,Delivered
ORD103959,CUST00824,2025-08-20,PROD0090:5:15.79,78.95,PayPal,Delivered
ORD103960,CUST00110,2025-11-03,PROD0110:3:36.36|PROD0089:4:58.99,345.04,Visa,Delivered
ORD103961,CUST00339,2025-08-24,PROD0119:1:234.85,234.85,Visa,Delivered
ORD103962,CUST00559,2026-03-29,PROD0201:3:12.0|PROD0247:2:72.46,180.92,Store Credit,Delivered
ORD103963,CUST00042,2025-12-30,PROD0299:3:56.12|PROD0159:4:20.43|PROD0263:3:22.13|PROD0094:1:136.82,453.29,Store Credit,Delivered
ORD103964,CUST00901,2026-03-03,PROD0217:5:240.36,1201.8,Amex,Delivered
ORD103965,CUST00107,2026-07-15,PROD0037:5:94.05,470.25,Store Credit,Delivered
ORD103966,CUST00965,2026-02-14,PROD0260:3:135.73,407.19,Store Credit,Returned
ORD103967,CUST00281,2025-09-04,PROD0186:1:24.16,24.16,Apple Pay,Delivered
ORD103968,CUST00995,2025-08-11,PROD0185:2:34.57,69.14,Store Credit,Delivered
ORD103969,CUST00494,2026-04-13,PROD0042:4:241.7|PROD0284:3:36.34,1075.82,Visa,Cancelled
ORD103970,CUST00177,2025-12-06,PROD0074:4:30.72,122.88,Apple Pay,Delivered
ORD103971,CUST01059,2026-06-18,PROD0164:2:106.62|PROD0194:5:48.76|PROD0243:3:47.44,599.36,Mastercard,Delivered
ORD103972,CUST00719,2025-10-14,PROD0127:2:12.52,25.04,Apple Pay,Delivered
ORD103973,CUST00955,2026-07-02,PROD0193:1:29.24,29.24,Amex,Delivered
ORD103974,CUST01186,2026-04-15,PROD0043:2:53.62|PROD0264:3:25.7|PROD0295:2:56.15,296.64,Mastercard,Delivered
ORD103975,CUST00551,2026-04-16,PROD0016:5:12.58,62.9,PayPal,Delivered
ORD103976,CUST00092,2026-04-29,PROD0043:3:53.62,160.86,Amex,Returned
ORD103977,CUST00110,2025-11-03,PROD0119:2:234.85,469.7,Amex,Returned
ORD103978,CUST00518,2025-11-19,PROD0175:1:37.15,37.15,Store Credit,Delivered
ORD103979,CUST01049,2026-03-02,PROD0196:5:161.82,809.1,Amex,Delivered
ORD103980,CUST00076,2025-09-12,PROD0115:2:182.29|PROD0118:2:5.27,375.12,Mastercard,Delivered
ORD103981,CUST00625,2025-09-25,PROD0029:3:81.59|PROD0125:1:19.13,263.9,Mastercard,Delivered
ORD103982,CUST00839,2025-11-23,PROD0277:1:30.38|PROD0090:4:15.79|PROD0065:5:99.72|PROD0221:4:21.66,678.78,Store Credit,Shipped
ORD103983,CUST01186,2026-02-26,PROD0279:2:19.87|PROD0277:5:30.38|PROD0209:5:12.86,255.94,PayPal,Shipped
ORD103984,CUST00650,2025-09-12,PROD0066:2:117.07|PROD0270:5:25.5|PROD0157:2:160.75|PROD0298:3:12.54,720.76,Store Credit,Delivered
ORD103985,CUST00751,2026-06-05,PROD0257:4:46.24,184.96,Apple Pay,Delivered
ORD103986,CUST00662,2025-11-07,PROD0122:5:113.13,565.65,PayPal,Out for Delivery
ORD103987,CUST00228,2025-09-05,PROD0198:3:74.76,224.28,Apple Pay,Delayed
ORD103988,CUST00806,2026-04-25,PROD0145:4:16.58,66.32,Mastercard,Delivered
ORD103989,CUST00166,2025-11-10,PROD0137:2:26.99|PROD0236:1:37.87,91.85,Visa,Cancelled
ORD103990,CUST00436,2026-05-13,PROD0114:1:67.83,67.83,Store Credit,Processing
ORD103991,CUST00637,2025-12-16,PROD0075:2:42.82,85.64,Visa,Processing
ORD103992,CUST00070,2025-09-11,PROD0252:2:79.63,159.26,Store Credit,Processing
ORD103993,CUST00400,2026-07-29,PROD0036:2:51.6,103.2,Apple Pay,Delayed
ORD103994,CUST00592,2025-08-12,PROD0080:1:101.65,101.65,Apple Pay,Shipped
ORD103995,CUST00079,2026-01-17,PROD0143:2:209.56,419.12,Mastercard,Delivered
ORD103996,CUST00989,2026-04-02,PROD0092:1:55.86|PROD0178:4:137.06,604.1,Mastercard,Returned
ORD103997,CUST00118,2026-01-04,PROD0133:1:32.07|PROD0264:4:25.7|PROD0114:3:67.83,338.36,Mastercard,Processing
ORD103998,CUST00019,2025-09-05,PROD0224:5:131.68,658.4,Apple Pay,Delivered
ORD103999,CUST00818,2026-07-01,PROD0191:5:66.03,330.15,Mastercard,Delivered
ORD104000,CUST00636,2026-04-18,PROD0280:1:218.73|PROD0053:2:30.53,279.79,PayPal,Shipped
ORD104001,CUST00714,2025-11-16,PROD0073:2:197.85,395.7,Amex,Delivered
ORD104002,CUST01172,2025-10-10,PROD0003:3:159.09,477.27,PayPal,Delivered
ORD104003,CUST00955,2026-01-28,PROD0249:2:9.97|PROD0133:1:32.07|PROD0122:1:113.13|PROD0155:5:146.86,899.44,Store Credit,Delivered
ORD104004,CUST00134,2025-12-10,PROD0265:1:21.16,21.16,Mastercard,Processing
ORD104005,CUST00804,2026-07-05,PROD0285:5:33.77|PROD0244:3:28.97|PROD0150:1:90.15,345.91,Visa,Shipped
ORD104006,CUST00384,2026-07-15,PROD0283:3:33.8,101.4,Store Credit,Processing
ORD104007,CUST00303,2025-12-31,PROD0289:4:44.66|PROD0081:3:27.98,262.58,Apple Pay,Shipped
ORD104008,CUST00763,2025-12-19,PROD0279:3:19.87|PROD0094:4:136.82|PROD0171:4:115.91|PROD0149:2:111.96,1294.45,PayPal,Delivered
ORD104009,CUST00239,2025-12-03,PROD0082:5:33.12,165.6,PayPal,Delivered
ORD104010,CUST00642,2025-10-19,PROD0253:1:45.08,45.08,PayPal,Returned
ORD104011,CUST00662,2025-08-24,PROD0138:2:18.75,37.5,PayPal,Delivered
ORD104012,CUST00167,2026-01-04,PROD0292:5:56.02,280.1,Amex,Delivered
ORD104013,CUST00639,2026-05-31,PROD0146:3:25.49,76.47,Visa,Processing
ORD104014,CUST01036,2026-02-10,PROD0222:2:52.54,105.08,Apple Pay,Shipped
ORD104015,CUST00826,2026-01-09,PROD0129:4:19.99|PROD0244:1:28.97|PROD0101:3:170.06,619.11,Apple Pay,Delivered
ORD104016,CUST01083,2026-04-08,PROD0014:5:232.45|PROD0004:5:9.47,1209.6,Amex,Delivered
ORD104017,CUST00889,2025-11-12,PROD0060:2:25.69,51.38,Amex,Delivered
ORD104018,CUST00177,2026-02-26,PROD0020:4:33.7,134.8,Mastercard,Delivered
ORD104019,CUST01180,2026-06-06,PROD0223:4:26.93|PROD0009:5:31.16,263.52,PayPal,Delivered
ORD104020,CUST01196,2026-05-22,PROD0097:3:10.79,32.37,Apple Pay,Delivered
ORD104021,CUST00899,2026-06-07,PROD0078:2:167.27|PROD0214:2:21.47,377.48,Amex,Returned
ORD104022,CUST00532,2025-08-18,PROD0013:2:24.34,48.68,Amex,Delivered
ORD104023,CUST00247,2025-12-02,PROD0102:3:10.54|PROD0128:3:112.67|PROD0194:2:48.76|PROD0103:5:35.6,645.15,Apple Pay,Delivered
ORD104024,CUST01046,2025-09-16,PROD0300:3:18.47,55.41,Visa,Delivered
ORD104025,CUST01118,2026-06-28,PROD0250:5:8.48|PROD0130:1:30.13,72.53,Apple Pay,Delivered
ORD104026,CUST00790,2026-02-16,PROD0272:2:27.45,54.9,Amex,Returned
ORD104027,CUST01058,2026-01-14,PROD0010:1:98.26,98.26,Visa,Delivered
ORD104028,CUST00079,2026-07-18,PROD0015:4:33.9|PROD0043:3:53.62,296.46,Mastercard,Delivered
ORD104029,CUST00499,2026-02-05,PROD0070:5:207.26,1036.3,Visa,Processing
ORD104030,CUST00059,2025-09-23,PROD0141:2:98.61|PROD0092:5:55.86,476.52,Apple Pay,Cancelled
ORD104031,CUST00931,2026-02-11,PROD0267:1:85.78|PROD0177:2:58.87,203.52,Store Credit,Delivered
ORD104032,CUST01127,2025-08-18,PROD0069:5:29.63|PROD0231:1:10.76|PROD0071:4:156.65,785.51,Visa,Delivered
ORD104033,CUST00740,2026-02-15,PROD0087:2:72.87|PROD0193:1:29.24,174.98,Apple Pay,Processing
ORD104034,CUST00816,2026-03-04,PROD0263:1:22.13,22.13,Mastercard,Processing
ORD104035,CUST00552,2025-10-03,PROD0121:5:31.31,156.55,Mastercard,Returned
ORD104036,CUST00022,2025-11-22,PROD0186:3:24.16,72.48,Store Credit,Delivered
ORD104037,CUST00989,2026-07-28,PROD0009:2:31.16|PROD0194:5:48.76|PROD0019:3:32.14|PROD0161:3:19.26,460.32,Apple Pay,Delivered
ORD104038,CUST00551,2026-04-23,PROD0139:4:31.77|PROD0104:3:24.87|PROD0040:5:6.69|PROD0002:1:96.62,331.76,Store Credit,Delivered
ORD104039,CUST00107,2026-05-25,PROD0052:5:62.04,310.2,PayPal,Shipped
ORD104040,CUST00682,2025-10-26,PROD0011:5:22.2|PROD0045:1:17.66|PROD0213:4:69.08,404.98,Mastercard,Delivered
ORD104041,CUST00639,2026-04-13,PROD0285:3:33.77|PROD0010:1:98.26|PROD0221:3:21.66|PROD0215:4:59.37,502.03,Amex,Delivered
ORD104042,CUST00863,2026-04-08,PROD0036:4:51.6,206.4,PayPal,Delivered
ORD104043,CUST00551,2026-06-16,PROD0220:1:35.61|PROD0049:5:79.17,431.46,Store Credit,Delivered
ORD104044,CUST00588,2025-11-30,PROD0013:3:24.34,73.02,Amex,Out for Delivery
ORD104045,CUST00126,2026-02-25,PROD0060:3:25.69|PROD0275:4:91.6,443.47,Visa,Delivered
ORD104046,CUST00631,2026-07-22,PROD0165:3:38.86,116.58,PayPal,Out for Delivery
ORD104047,CUST00728,2026-06-29,PROD0215:3:59.37,178.11,PayPal,Delivered
ORD104048,CUST00891,2026-05-27,PROD0015:2:33.9|PROD0204:3:171.38,581.94,Mastercard,Shipped
ORD104049,CUST00063,2026-06-05,PROD0056:5:242.05|PROD0090:5:15.79,1289.2,Apple Pay,Shipped
ORD104050,CUST00363,2026-04-22,PROD0239:1:87.92,87.92,Store Credit,Delivered
ORD104051,CUST00605,2026-01-30,PROD0193:5:29.24|PROD0116:3:9.23,173.89,Amex,Delivered
ORD104052,CUST00900,2025-11-05,PROD0025:4:16.49|PROD0005:2:41.87|PROD0098:4:87.67,500.38,Apple Pay,Delivered
ORD104053,CUST00935,2026-07-28,PROD0234:4:120.92,483.68,Store Credit,Cancelled
ORD104054,CUST00215,2026-03-05,PROD0211:1:15.2,15.2,Apple Pay,Delivered
ORD104055,CUST00137,2025-08-30,PROD0070:5:207.26|PROD0211:5:15.2|PROD0220:4:35.61,1254.74,Mastercard,Delivered
ORD104056,CUST00035,2026-01-25,PROD0051:4:43.91,175.64,Store Credit,Delivered
ORD104057,CUST00065,2026-01-16,PROD0212:5:40.49|PROD0214:3:21.47,266.86,Mastercard,Cancelled
ORD104058,CUST00869,2026-01-30,PROD0087:5:72.87,364.35,Apple Pay,Delivered
ORD104059,CUST00957,2026-05-23,PROD0226:1:121.6,121.6,Amex,Returned
ORD104060,CUST01165,2025-10-04,PROD0029:5:81.59|PROD0032:3:22.58,475.69,PayPal,Delivered
ORD104061,CUST00398,2025-09-17,PROD0219:4:122.77,491.08,Mastercard,Delivered
ORD104062,CUST01142,2026-03-18,PROD0074:5:30.72,153.6,Amex,Returned
ORD104063,CUST00661,2026-04-04,PROD0090:2:15.79|PROD0038:4:153.69|PROD0300:5:18.47,738.69,Apple Pay,Processing
ORD104064,CUST00829,2026-04-18,PROD0202:2:14.1|PROD0149:5:111.96,588.0,Mastercard,Delivered
ORD104065,CUST01059,2026-03-22,PROD0045:1:17.66,17.66,Amex,Cancelled
ORD104066,CUST00532,2025-10-30,PROD0196:4:161.82,647.28,PayPal,Delivered
ORD104067,CUST00766,2026-02-12,PROD0216:5:7.93,39.65,Mastercard,Delivered
ORD104068,CUST00374,2025-12-26,PROD0227:3:148.49,445.47,Mastercard,Delivered
ORD104069,CUST00267,2026-04-05,PROD0012:1:54.17|PROD0277:3:30.38|PROD0131:2:11.48|PROD0286:4:11.4,213.87,Visa,Delivered
ORD104070,CUST00400,2026-03-04,PROD0123:2:38.34,76.68,Visa,Delivered
ORD104071,CUST00181,2025-09-16,PROD0298:5:12.54|PROD0234:5:120.92,667.3,Visa,Returned
ORD104072,CUST00763,2026-06-01,PROD0235:5:35.87|PROD0057:4:37.8,330.55,PayPal,Shipped
ORD104073,CUST00341,2025-12-15,PROD0280:2:218.73,437.46,Apple Pay,Delivered
ORD104074,CUST00432,2025-10-09,PROD0182:1:235.58,235.58,PayPal,Processing
ORD104075,CUST00039,2026-06-05,PROD0079:1:107.7|PROD0235:4:35.87|PROD0113:4:29.87,370.66,Amex,Delivered
ORD104076,CUST00974,2025-09-15,PROD0257:3:46.24|PROD0144:3:37.09|PROD0005:5:41.87,459.34,Apple Pay,Delivered
ORD104077,CUST00963,2025-08-05,PROD0137:5:26.99,134.95,Store Credit,Out for Delivery
ORD104078,CUST00569,2025-10-12,PROD0260:2:135.73|PROD0120:5:80.47,673.81,Visa,Out for Delivery
ORD104079,CUST00545,2025-10-19,PROD0035:1:186.35,186.35,Mastercard,Cancelled
ORD104080,CUST00801,2025-09-02,PROD0034:4:6.64|PROD0070:4:207.26|PROD0271:3:9.6|PROD0078:4:167.27,1553.48,Amex,Out for Delivery
ORD104081,CUST00499,2026-01-03,PROD0083:4:12.63|PROD0224:2:131.68|PROD0213:1:69.08|PROD0231:1:10.76,393.72,Mastercard,Delivered
ORD104082,CUST01025,2026-03-21,PROD0208:2:29.11,58.22,PayPal,Processing
ORD104083,CUST00090,2026-04-02,PROD0158:5:22.41,112.05,Apple Pay,Delivered
ORD104084,CUST00826,2026-02-16,PROD0023:2:18.55|PROD0079:5:107.7|PROD0254:3:110.83,908.09,Mastercard,Delivered
ORD104085,CUST00690,2026-04-22,PROD0284:1:36.34,36.34,PayPal,Delivered
ORD104086,CUST00891,2025-11-18,PROD0076:2:22.51|PROD0221:2:21.66,88.34,Visa,Delivered
ORD104087,CUST00869,2026-04-02,PROD0200:3:39.66|PROD0094:1:136.82,255.8,Apple Pay,Delivered
ORD104088,CUST00518,2026-07-22,PROD0074:2:30.72,61.44,PayPal,Processing
ORD104089,CUST00972,2025-08-21,PROD0193:1:29.24|PROD0157:1:160.75,189.99,Amex,Delivered
ORD104090,CUST00931,2025-08-10,PROD0254:1:110.83|PROD0140:3:235.93,818.62,Apple Pay,Processing
ORD104091,CUST00758,2025-08-07,PROD0252:4:79.63,318.52,Store Credit,Delivered
ORD104092,CUST00079,2025-10-23,PROD0032:4:22.58|PROD0145:3:16.58|PROD0101:3:170.06,650.24,Visa,Processing
ORD104093,CUST01070,2026-07-29,PROD0219:2:122.77|PROD0026:4:54.92|PROD0091:3:94.44|PROD0071:4:156.65,1375.14,Store Credit,Delivered
ORD104094,CUST00200,2026-03-24,PROD0034:5:6.64|PROD0155:1:146.86,180.06,Apple Pay,Shipped
ORD104095,CUST01102,2025-09-27,PROD0299:4:56.12|PROD0114:5:67.83,563.63,Amex,Delivered
ORD104096,CUST00592,2025-12-05,PROD0243:1:47.44,47.44,Store Credit,Shipped
ORD104097,CUST01049,2026-02-23,PROD0267:2:85.78,171.56,Apple Pay,Delivered
ORD104098,CUST01074,2025-09-10,PROD0094:2:136.82|PROD0033:3:50.93,426.43,Store Credit,Processing
ORD104099,CUST00470,2026-01-17,PROD0069:3:29.63,88.89,PayPal,Delivered
ORD104100,CUST00326,2025-08-21,PROD0002:5:96.62|PROD0078:3:167.27|PROD0264:3:25.7,1062.01,Visa,Delivered
ORD104101,CUST00326,2026-02-07,PROD0172:2:30.66|PROD0190:4:68.53|PROD0131:4:11.48,381.36,Visa,Out for Delivery
ORD104102,CUST00381,2026-04-30,PROD0149:4:111.96,447.84,Store Credit,Shipped
ORD104103,CUST00529,2025-09-23,PROD0257:3:46.24|PROD0189:1:116.79|PROD0151:2:13.08|PROD0197:4:10.66,324.31,Store Credit,Delivered
ORD104104,CUST00446,2026-02-22,PROD0213:2:69.08|PROD0217:5:240.36|PROD0259:3:27.72|PROD0017:3:145.85,1860.67,Store Credit,Delivered
ORD104105,CUST00710,2026-02-25,PROD0149:3:111.96,335.88,Mastercard,Cancelled
ORD104106,CUST00300,2026-06-13,PROD0278:1:43.45|PROD0046:4:33.24,176.41,Store Credit,Delivered
ORD104107,CUST00649,2025-09-15,PROD0053:1:30.53,30.53,Visa,Cancelled
ORD104108,CUST00090,2026-06-16,PROD0293:1:26.46|PROD0076:2:22.51,71.48,Store Credit,Returned
ORD104109,CUST00439,2026-01-31,PROD0170:4:12.14,48.56,Apple Pay,Delivered
ORD104110,CUST00129,2025-12-21,PROD0234:5:120.92|PROD0262:1:174.58|PROD0192:5:129.12,1424.78,Store Credit,Delivered
ORD104111,CUST00673,2025-10-03,PROD0208:2:29.11,58.22,Amex,Processing
ORD104112,CUST00113,2025-11-26,PROD0128:1:112.67,112.67,Visa,Shipped
ORD104113,CUST00858,2026-07-05,PROD0216:5:7.93|PROD0284:4:36.34,185.01,PayPal,Processing
ORD104114,CUST00184,2025-08-27,PROD0034:1:6.64,6.64,Mastercard,Delivered
ORD104115,CUST00499,2026-06-18,PROD0104:3:24.87,74.61,Amex,Delivered
ORD104116,CUST00245,2026-04-08,PROD0021:2:148.05|PROD0172:3:30.66|PROD0274:5:126.5|PROD0117:3:34.38,1123.72,PayPal,Delivered
ORD104117,CUST00691,2025-11-13,PROD0095:4:26.42|PROD0260:2:135.73,377.14,Store Credit,Delivered
ORD104118,CUST01028,2025-12-14,PROD0205:1:97.84|PROD0182:4:235.58,1040.16,Amex,Returned
ORD104119,CUST00828,2026-05-17,PROD0052:3:62.04,186.12,PayPal,Shipped
ORD104120,CUST00508,2025-08-17,PROD0076:2:22.51,45.02,Visa,Delivered
ORD104121,CUST00496,2025-09-25,PROD0149:1:111.96|PROD0081:1:27.98,139.94,Visa,Delivered
ORD104122,CUST00177,2025-08-19,PROD0190:3:68.53,205.59,Visa,Delivered
ORD104123,CUST00569,2025-10-10,PROD0242:3:23.74,71.22,PayPal,Delivered
ORD104124,CUST00709,2025-10-07,PROD0107:5:106.43,532.15,Visa,Processing
ORD104125,CUST00740,2025-09-24,PROD0042:3:241.7,725.1,Apple Pay,Delivered
ORD104126,CUST00958,2025-12-16,PROD0131:4:11.48,45.92,Mastercard,Delivered
ORD104127,CUST00376,2026-06-17,PROD0155:3:146.86,440.58,Visa,Delivered
ORD104128,CUST00221,2025-12-23,PROD0267:1:85.78,85.78,Store Credit,Processing
ORD104129,CUST00889,2026-03-09,PROD0138:5:18.75|PROD0007:5:167.26|PROD0015:5:33.9,1099.55,Apple Pay,Cancelled
ORD104130,CUST00382,2026-03-16,PROD0241:2:95.92,191.84,Amex,Delivered
ORD104131,CUST00128,2025-08-29,PROD0128:1:112.67,112.67,Apple Pay,Returned
ORD104132,CUST01147,2025-12-29,PROD0184:2:76.1|PROD0018:5:13.24,218.4,Mastercard,Shipped
ORD104133,CUST00060,2025-11-09,PROD0244:2:28.97|PROD0152:2:34.78,127.5,PayPal,Shipped
ORD104134,CUST00644,2025-12-23,PROD0208:4:29.11|PROD0069:1:29.63,146.07,Mastercard,Delivered
ORD104135,CUST00562,2026-03-28,PROD0130:3:30.13,90.39,Store Credit,Processing
ORD104136,CUST00822,2026-05-10,PROD0054:1:55.49,55.49,Visa,Processing
ORD104137,CUST00806,2026-04-28,PROD0075:1:42.82|PROD0042:4:241.7|PROD0096:1:50.63,1060.25,Apple Pay,Cancelled
ORD104138,CUST00860,2025-10-09,PROD0047:5:58.31,291.55,Apple Pay,Delivered
ORD104139,CUST00363,2025-10-10,PROD0049:1:79.17|PROD0001:4:121.73,566.09,Store Credit,Delivered
ORD104140,CUST00069,2026-05-10,PROD0030:4:27.16|PROD0278:4:43.45|PROD0195:3:16.36,331.52,Apple Pay,Shipped
ORD104141,CUST00480,2025-11-30,PROD0108:3:128.9|PROD0198:4:74.76,685.74,Amex,Shipped
ORD104142,CUST00272,2026-04-24,PROD0240:2:55.35,110.7,PayPal,Delivered
ORD104143,CUST00340,2026-02-27,PROD0187:2:21.11|PROD0096:2:50.63,143.48,Store Credit,Delivered
ORD104144,CUST00620,2026-04-05,PROD0070:1:207.26,207.26,Store Credit,Delivered
ORD104145,CUST00592,2026-01-05,PROD0115:1:182.29,182.29,Amex,Delivered
ORD104146,CUST00477,2026-05-02,PROD0246:4:61.05,244.2,Visa,Delivered
ORD104147,CUST00290,2026-05-10,PROD0104:1:24.87|PROD0210:5:78.45|PROD0227:5:148.49,1159.57,Apple Pay,Shipped
ORD104148,CUST00990,2026-04-25,PROD0090:2:15.79,31.58,Amex,Shipped
ORD104149,CUST00682,2025-10-10,PROD0119:3:234.85|PROD0203:3:248.58,1450.29,Store Credit,Delivered
ORD104150,CUST00768,2025-11-23,PROD0003:5:159.09,795.45,Store Credit,Shipped
ORD104151,CUST00965,2025-12-26,PROD0034:3:6.64|PROD0244:3:28.97,106.83,Amex,Returned
ORD104152,CUST01049,2026-01-10,PROD0015:2:33.9,67.8,Store Credit,Delivered
ORD104153,CUST00784,2026-03-27,PROD0243:2:47.44|PROD0029:1:81.59|PROD0102:3:10.54|PROD0128:5:112.67,771.44,Apple Pay,Processing
ORD104154,CUST00241,2025-11-07,PROD0065:3:99.72|PROD0262:5:174.58,1172.06,PayPal,Processing
ORD104155,CUST00118,2025-11-21,PROD0197:5:10.66|PROD0012:5:54.17|PROD0150:5:90.15|PROD0258:2:29.27,833.44,Mastercard,Delivered
ORD104156,CUST00082,2026-07-17,PROD0238:5:88.09|PROD0034:5:6.64,473.65,Apple Pay,Shipped
ORD104157,CUST00221,2025-12-18,PROD0209:4:12.86,51.44,Visa,Returned
ORD104158,CUST01070,2025-08-30,PROD0234:2:120.92|PROD0281:4:37.35|PROD0051:4:43.91,566.88,Amex,Delayed
ORD104159,CUST00559,2025-09-01,PROD0075:4:42.82,171.28,Store Credit,Delivered
ORD104160,CUST00400,2026-04-28,PROD0122:4:113.13|PROD0057:2:37.8|PROD0206:5:37.39,715.07,Mastercard,Delivered
ORD104161,CUST01198,2026-07-04,PROD0184:1:76.1,76.1,PayPal,Delivered
ORD104162,CUST00542,2025-10-24,PROD0188:1:10.76|PROD0245:5:74.39,382.71,Apple Pay,Delivered
ORD104163,CUST00692,2025-11-26,PROD0034:3:6.64|PROD0210:2:78.45,176.82,Amex,Processing
ORD104164,CUST00825,2025-09-19,PROD0181:4:4.29,17.16,Store Credit,Shipped
ORD104165,CUST00670,2025-11-08,PROD0095:3:26.42,79.26,Apple Pay,Delivered
ORD104166,CUST01148,2026-04-16,PROD0145:4:16.58|PROD0029:4:81.59|PROD0083:1:12.63,405.31,PayPal,Delivered
ORD104167,CUST00035,2025-12-08,PROD0075:2:42.82,85.64,Visa,Out for Delivery
ORD104168,CUST00905,2025-12-17,PROD0244:3:28.97|PROD0213:4:69.08|PROD0186:1:24.16|PROD0222:4:52.54,597.55,Visa,Delivered
ORD104169,CUST00972,2025-12-22,PROD0012:4:54.17,216.68,Visa,Out for Delivery
ORD104170,CUST00382,2025-08-02,PROD0294:3:28.58,85.74,Apple Pay,Processing
ORD104171,CUST00118,2025-12-06,PROD0193:1:29.24,29.24,Amex,Returned
ORD104172,CUST00239,2026-07-07,PROD0266:2:101.77,203.54,Mastercard,Processing
ORD104173,CUST00392,2025-12-01,PROD0226:5:121.6|PROD0013:5:24.34,729.7,Amex,Shipped
ORD104174,CUST00628,2026-07-27,PROD0274:1:126.5,126.5,Visa,Out for Delivery
ORD104175,CUST00774,2025-09-20,PROD0285:5:33.77,168.85,Amex,Returned
ORD104176,CUST01148,2026-05-28,PROD0003:1:159.09|PROD0218:1:151.18,310.27,Mastercard,Processing
ORD104177,CUST00799,2026-03-28,PROD0215:5:59.37,296.85,Store Credit,Delivered
ORD104178,CUST01115,2026-01-31,PROD0296:1:70.76,70.76,PayPal,Shipped
ORD104179,CUST01005,2026-04-23,PROD0193:2:29.24|PROD0130:2:30.13,118.74,Amex,Delivered
ORD104180,CUST00542,2025-11-07,PROD0082:2:33.12|PROD0199:3:192.45,643.59,Store Credit,Delivered
ORD104181,CUST00905,2026-01-23,PROD0231:2:10.76,21.52,Visa,Shipped
ORD104182,CUST00438,2026-01-20,PROD0300:4:18.47|PROD0205:2:97.84,269.56,Mastercard,Shipped
ORD104183,CUST00686,2025-12-25,PROD0293:1:26.46,26.46,Apple Pay,Cancelled
ORD104184,CUST00745,2026-03-16,PROD0142:5:68.42|PROD0202:5:14.1,412.6,PayPal,Cancelled
ORD104185,CUST00696,2026-07-15,PROD0243:1:47.44,47.44,Amex,Delivered
ORD104186,CUST00059,2026-02-03,PROD0234:2:120.92,241.84,Visa,Delivered
ORD104187,CUST00172,2025-12-16,PROD0126:5:82.81,414.05,Visa,Delivered
ORD104188,CUST00326,2026-05-18,PROD0130:1:30.13,30.13,Amex,Cancelled
ORD104189,CUST00160,2026-06-10,PROD0253:1:45.08,45.08,Mastercard,Processing
ORD104190,CUST00820,2025-10-29,PROD0210:2:78.45,156.9,Amex,Delivered
ORD104191,CUST00839,2025-09-01,PROD0120:5:80.47,402.35,Amex,Delivered
ORD104192,CUST00910,2026-02-23,PROD0264:2:25.7|PROD0063:1:122.4|PROD0057:1:37.8,211.6,PayPal,Cancelled
ORD104193,CUST00649,2026-01-23,PROD0025:3:16.49|PROD0130:2:30.13|PROD0011:5:22.2|PROD0247:2:72.46,365.65,Mastercard,Shipped
ORD104194,CUST00190,2026-06-29,PROD0147:5:129.73|PROD0086:3:41.13|PROD0100:3:81.87,1017.65,Mastercard,Shipped
ORD104195,CUST00030,2025-11-10,PROD0039:1:35.25,35.25,Store Credit,Shipped
ORD104196,CUST00745,2026-01-16,PROD0256:3:7.79|PROD0040:1:6.69|PROD0069:2:29.63|PROD0287:5:49.41,336.37,Visa,Delivered
ORD104197,CUST00628,2025-09-26,PROD0237:2:10.39,20.78,Apple Pay,Delivered
ORD104198,CUST00388,2025-12-03,PROD0014:3:232.45,697.35,Apple Pay,Returned
ORD104199,CUST00592,2026-04-22,PROD0118:3:5.27,15.81,Visa,Processing
ORD104200,CUST00821,2026-05-07,PROD0300:5:18.47,92.35,Amex,Shipped
ORD104201,CUST00134,2026-04-05,PROD0155:2:146.86,293.72,Mastercard,Delayed
ORD104202,CUST01025,2025-12-19,PROD0246:2:61.05|PROD0031:5:213.56|PROD0151:1:13.08,1202.98,Apple Pay,Returned
ORD104203,CUST00740,2026-06-20,PROD0251:2:9.74|PROD0294:5:28.58,162.38,Amex,Delivered
ORD104204,CUST00554,2026-05-29,PROD0051:4:43.91,175.64,PayPal,Shipped
ORD104205,CUST00382,2025-10-26,PROD0036:2:51.6,103.2,Mastercard,Returned
ORD104206,CUST01143,2025-10-06,PROD0113:5:29.87,149.35,Store Credit,Shipped
ORD104207,CUST00030,2026-06-10,PROD0041:3:26.94|PROD0298:4:12.54,130.98,Amex,Delivered
ORD104208,CUST01161,2026-04-16,PROD0038:3:153.69|PROD0020:1:33.7|PROD0179:3:22.52|PROD0103:2:35.6,633.53,Amex,Delivered
ORD104209,CUST01195,2025-11-25,PROD0208:3:29.11,87.33,Mastercard,Delivered
ORD104210,CUST00661,2025-12-04,PROD0193:3:29.24|PROD0068:5:30.3,239.22,Visa,Shipped
ORD104211,CUST00365,2026-03-18,PROD0083:2:12.63,25.26,Mastercard,Cancelled
ORD104212,CUST01082,2026-03-03,PROD0240:1:55.35,55.35,Visa,Delivered
ORD104213,CUST00644,2025-10-16,PROD0165:1:38.86,38.86,PayPal,Delivered
ORD104214,CUST00030,2025-09-14,PROD0135:3:13.02,39.06,Amex,Delivered
ORD104215,CUST00447,2026-06-13,PROD0007:4:167.26,669.04,Amex,Delivered
ORD104216,CUST00822,2025-08-02,PROD0276:4:75.04,300.16,Apple Pay,Processing
ORD104217,CUST00869,2025-08-24,PROD0012:3:54.17,162.51,Amex,Delivered
ORD104218,CUST00412,2026-02-21,PROD0152:3:34.78,104.34,Store Credit,Delivered
ORD104219,CUST01127,2026-07-13,PROD0227:1:148.49|PROD0166:5:36.87|PROD0075:2:42.82,418.48,Store Credit,Delivered
ORD104220,CUST00848,2025-09-27,PROD0069:5:29.63|PROD0014:4:232.45,1077.95,Amex,Delivered
ORD104221,CUST00287,2026-05-30,PROD0297:5:171.88,859.4,Mastercard,Delivered
ORD104222,CUST00949,2026-06-14,PROD0230:3:7.64,22.92,PayPal,Delivered
ORD104223,CUST01028,2026-06-18,PROD0264:4:25.7|PROD0063:2:122.4|PROD0184:4:76.1,652.0,Apple Pay,Delivered
ORD104224,CUST00777,2025-08-09,PROD0272:3:27.45|PROD0063:4:122.4|PROD0236:4:37.87|PROD0030:3:27.16,804.91,Amex,Returned
ORD104225,CUST01164,2025-10-21,PROD0294:2:28.58,57.16,Visa,Delivered
ORD104226,CUST00584,2026-03-01,PROD0282:4:114.39,457.56,Store Credit,Delivered
ORD104227,CUST00608,2025-11-08,PROD0249:3:9.97|PROD0216:2:7.93|PROD0258:2:29.27|PROD0074:5:30.72,257.91,Amex,Delivered
ORD104228,CUST00864,2026-04-26,PROD0016:4:12.58,50.32,Apple Pay,Cancelled
ORD104229,CUST00148,2025-11-03,PROD0016:3:12.58|PROD0242:3:23.74,108.96,Store Credit,Delivered
ORD104230,CUST00253,2025-10-11,PROD0232:1:130.11,130.11,Mastercard,Out for Delivery
ORD104231,CUST00889,2025-08-14,PROD0181:2:4.29,8.58,Visa,Delivered
ORD104232,CUST00350,2026-03-23,PROD0072:2:70.01,140.02,Mastercard,Shipped
ORD104233,CUST00565,2026-05-05,PROD0242:2:23.74,47.48,Store Credit,Delayed
ORD104234,CUST00604,2025-11-02,PROD0284:5:36.34|PROD0028:4:89.71,540.54,Visa,Shipped
ORD104235,CUST00270,2026-07-24,PROD0231:3:10.76,32.28,PayPal,Shipped
ORD104236,CUST00328,2026-05-13,PROD0041:1:26.94,26.94,Store Credit,Delivered
ORD104237,CUST00639,2026-07-08,PROD0219:3:122.77,368.31,Mastercard,Shipped
ORD104238,CUST01199,2025-11-20,PROD0016:1:12.58,12.58,Visa,Delivered
ORD104239,CUST00615,2025-08-10,PROD0285:1:33.77|PROD0044:4:79.04|PROD0255:3:175.96,877.81,Store Credit,Delivered
ORD104240,CUST00242,2025-12-04,PROD0102:1:10.54,10.54,PayPal,Out for Delivery
ORD104241,CUST00497,2025-09-30,PROD0188:2:10.76|PROD0257:1:46.24|PROD0174:5:22.41,179.81,Amex,Delivered
ORD104242,CUST01101,2026-04-07,PROD0069:3:29.63,88.89,Amex,Delivered
ORD104243,CUST01198,2025-10-18,PROD0158:3:22.41,67.23,Mastercard,Delivered
ORD104244,CUST00822,2026-04-27,PROD0006:5:6.78|PROD0036:2:51.6,137.1,PayPal,Shipped
ORD104245,CUST00551,2026-07-17,PROD0236:1:37.87|PROD0064:4:87.33,387.19,Store Credit,Delivered
ORD104246,CUST00714,2025-10-06,PROD0134:4:178.43,713.72,Mastercard,Out for Delivery
ORD104247,CUST01032,2025-11-12,PROD0152:3:34.78,104.34,PayPal,Delivered
ORD104248,CUST00407,2026-05-07,PROD0219:1:122.77|PROD0062:3:20.08|PROD0094:3:136.82,593.47,PayPal,Returned
ORD104249,CUST01074,2026-06-24,PROD0179:5:22.52|PROD0044:1:79.04,191.64,Apple Pay,Delivered
ORD104250,CUST00853,2025-10-11,PROD0282:1:114.39,114.39,Amex,Processing
ORD104251,CUST00561,2026-06-06,PROD0102:5:10.54,52.7,Amex,Delivered
ORD104252,CUST00347,2025-11-10,PROD0056:2:242.05|PROD0136:3:75.27|PROD0046:1:33.24,743.15,Store Credit,Delivered
ORD104253,CUST00137,2025-09-05,PROD0013:4:24.34|PROD0198:4:74.76,396.4,PayPal,Delivered
ORD104254,CUST01004,2026-01-17,PROD0145:5:16.58,82.9,PayPal,Returned
ORD104255,CUST00187,2025-10-23,PROD0246:4:61.05,244.2,PayPal,Processing
ORD104256,CUST01052,2025-09-19,PROD0200:3:39.66|PROD0196:3:161.82,604.44,Store Credit,Delivered
ORD104257,CUST00906,2025-09-12,PROD0228:4:11.51,46.04,Amex,Delivered
ORD104258,CUST00186,2025-10-22,PROD0190:4:68.53,274.12,Store Credit,Processing
ORD104259,CUST01048,2025-10-27,PROD0072:1:70.01,70.01,Apple Pay,Shipped
ORD104260,CUST01087,2026-03-19,PROD0184:4:76.1|PROD0175:1:37.15|PROD0160:1:27.79|PROD0205:3:97.84,662.86,Apple Pay,Delivered
ORD104261,CUST00940,2025-08-15,PROD0052:1:62.04,62.04,Store Credit,Delivered
ORD104262,CUST00035,2025-11-06,PROD0071:4:156.65,626.6,Visa,Returned
ORD104263,CUST00347,2025-10-09,PROD0160:3:27.79|PROD0055:4:32.88|PROD0134:3:178.43,750.18,Visa,Delivered
ORD104264,CUST00406,2026-05-18,PROD0213:5:69.08,345.4,Amex,Cancelled
ORD104265,CUST00605,2025-11-25,PROD0193:2:29.24,58.48,Visa,Out for Delivery
ORD104266,CUST00647,2025-10-29,PROD0195:5:16.36,81.8,Apple Pay,Processing
ORD104267,CUST00186,2026-03-27,PROD0292:4:56.02|PROD0197:2:10.66,245.4,Store Credit,Delivered
ORD104268,CUST00052,2025-09-28,PROD0112:5:112.59|PROD0156:4:41.63|PROD0270:3:25.5|PROD0244:5:28.97,950.82,Visa,Delivered
ORD104269,CUST00322,2025-10-12,PROD0026:2:54.92|PROD0188:3:10.76|PROD0274:5:126.5,774.62,Amex,Delayed
ORD104270,CUST00784,2026-03-16,PROD0276:2:75.04,150.08,Visa,Delivered
ORD104271,CUST00966,2026-06-29,PROD0207:1:26.58|PROD0051:5:43.91,246.13,Store Credit,Returned
ORD104272,CUST01174,2026-06-07,PROD0093:2:119.59,239.18,Mastercard,Delivered
ORD104273,CUST00065,2025-08-23,PROD0289:4:44.66,178.64,Visa,Delivered
ORD104274,CUST00560,2025-09-02,PROD0049:5:79.17,395.85,Mastercard,Shipped
ORD104275,CUST00170,2026-05-01,PROD0164:3:106.62,319.86,Mastercard,Delivered
ORD104276,CUST00463,2026-03-04,PROD0193:3:29.24|PROD0115:2:182.29|PROD0009:4:31.16|PROD0230:4:7.64,607.5,Store Credit,Delivered
ORD104277,CUST00968,2025-08-27,PROD0210:5:78.45|PROD0011:2:22.2,436.65,Visa,Delivered
ORD104278,CUST00673,2025-11-10,PROD0281:5:37.35,186.75,Apple Pay,Delivered
ORD104279,CUST00700,2026-05-13,PROD0078:1:167.27|PROD0179:4:22.52,257.35,Visa,Delivered
ORD104280,CUST00221,2025-11-28,PROD0159:4:20.43,81.72,Mastercard,Delivered
ORD104281,CUST00170,2026-05-12,PROD0097:2:10.79,21.58,PayPal,Processing
ORD104282,CUST00045,2026-06-09,PROD0090:5:15.79,78.95,Amex,Delivered
ORD104283,CUST00107,2025-08-28,PROD0295:5:56.15,280.75,Mastercard,Delivered
ORD104284,CUST00972,2025-10-12,PROD0253:3:45.08,135.24,PayPal,Delivered
ORD104285,CUST00616,2026-03-12,PROD0247:3:72.46,217.38,Apple Pay,Cancelled
ORD104286,CUST00396,2026-02-14,PROD0249:1:9.97,9.97,Mastercard,Returned
ORD104287,CUST01046,2026-06-09,PROD0105:4:114.17|PROD0056:5:242.05,1666.93,Mastercard,Shipped
ORD104288,CUST00616,2025-08-13,PROD0208:5:29.11,145.55,PayPal,Delivered
ORD104289,CUST00723,2025-10-28,PROD0277:3:30.38|PROD0004:2:9.47,110.08,Visa,Out for Delivery
ORD104290,CUST00715,2025-08-09,PROD0171:1:115.91|PROD0056:1:242.05|PROD0002:5:96.62,841.06,Amex,Processing
ORD104291,CUST01186,2026-05-11,PROD0087:3:72.87|PROD0203:4:248.58,1212.93,Visa,Delivered
ORD104292,CUST00161,2026-02-04,PROD0081:4:27.98|PROD0121:3:31.31|PROD0297:2:171.88,549.61,PayPal,Delivered
ORD104293,CUST00184,2026-05-20,PROD0217:3:240.36,721.08,Apple Pay,Delivered
ORD104294,CUST00572,2026-04-03,PROD0156:4:41.63|PROD0054:2:55.49,277.5,Mastercard,Delivered
ORD104295,CUST00200,2026-01-05,PROD0020:2:33.7,67.4,Visa,Delivered
ORD104296,CUST00784,2026-01-07,PROD0194:4:48.76,195.04,Store Credit,Out for Delivery
ORD104297,CUST00728,2025-12-04,PROD0078:1:167.27,167.27,Store Credit,Delivered
ORD104298,CUST00863,2025-10-09,PROD0122:2:113.13,226.26,Store Credit,Cancelled
ORD104299,CUST00589,2026-01-01,PROD0205:5:97.84|PROD0036:3:51.6|PROD0047:3:58.31|PROD0236:5:37.87,1008.28,Apple Pay,Processing
ORD104300,CUST00728,2026-07-13,PROD0043:5:53.62|PROD0226:3:121.6|PROD0006:3:6.78|PROD0151:1:13.08,666.32,Mastercard,Delivered
ORD104301,CUST00935,2025-11-24,PROD0270:1:25.5,25.5,PayPal,Out for Delivery
ORD104302,CUST00997,2025-10-03,PROD0239:4:87.92,351.68,Amex,Shipped
ORD104303,CUST00480,2025-08-25,PROD0148:3:59.66,178.98,Apple Pay,Delivered
ORD104304,CUST01115,2025-09-06,PROD0217:4:240.36,961.44,Amex,Processing
ORD104305,CUST00975,2025-10-21,PROD0269:2:144.62|PROD0127:3:12.52,326.8,Amex,Processing
ORD104306,CUST00551,2026-05-08,PROD0056:2:242.05,484.1,PayPal,Delivered
ORD104307,CUST00161,2026-04-13,PROD0204:5:171.38,856.9,Apple Pay,Delivered
ORD104308,CUST00620,2026-03-28,PROD0241:5:95.92,479.6,Apple Pay,Delivered
ORD104309,CUST00319,2026-03-03,PROD0054:4:55.49|PROD0112:2:112.59|PROD0223:5:26.93|PROD0007:3:167.26,1083.57,Store Credit,Delayed
ORD104310,CUST00432,2026-04-05,PROD0300:5:18.47,92.35,PayPal,Processing
ORD104311,CUST00293,2026-06-14,PROD0128:2:112.67,225.34,PayPal,Processing
ORD104312,CUST00430,2026-06-10,PROD0221:1:21.66|PROD0016:3:12.58,59.4,PayPal,Returned
ORD104313,CUST00715,2025-12-16,PROD0187:5:21.11,105.55,Amex,Delivered
ORD104314,CUST00292,2026-02-09,PROD0015:3:33.9,101.7,Mastercard,Delayed
ORD104315,CUST00700,2025-11-04,PROD0031:4:213.56|PROD0167:2:13.38,881.0,PayPal,Delivered
ORD104316,CUST00826,2026-06-11,PROD0132:5:14.3,71.5,Apple Pay,Shipped
ORD104317,CUST00281,2026-01-27,PROD0136:4:75.27,301.08,Apple Pay,Delivered
ORD104318,CUST00837,2026-06-26,PROD0201:3:12.0,36.0,Store Credit,Delivered
ORD104319,CUST01143,2026-05-07,PROD0211:2:15.2,30.4,Apple Pay,Delivered
ORD104320,CUST00177,2025-12-06,PROD0272:1:27.45,27.45,PayPal,Returned
ORD104321,CUST00188,2025-10-07,PROD0249:4:9.97|PROD0112:3:112.59|PROD0058:2:90.72|PROD0234:4:120.92,1042.77,Apple Pay,Shipped
ORD104322,CUST00949,2025-09-09,PROD0196:3:161.82,485.46,Apple Pay,Delayed
ORD104323,CUST00904,2025-08-23,PROD0135:5:13.02,65.1,PayPal,Processing
ORD104324,CUST01052,2025-12-15,PROD0111:2:31.83,63.66,Amex,Shipped
ORD104325,CUST00179,2025-08-17,PROD0074:5:30.72,153.6,Amex,Delivered
ORD104326,CUST00508,2025-11-15,PROD0278:2:43.45,86.9,Store Credit,Delivered
ORD104327,CUST00384,2025-10-10,PROD0054:5:55.49|PROD0051:4:43.91,453.09,PayPal,Processing
ORD104328,CUST00814,2026-07-08,PROD0162:5:142.57,712.85,Mastercard,Processing
ORD104329,CUST00730,2026-02-08,PROD0266:5:101.77,508.85,Mastercard,Out for Delivery
ORD104330,CUST01189,2026-03-28,PROD0249:2:9.97,19.94,Amex,Delivered
ORD104331,CUST00365,2025-11-15,PROD0046:1:33.24,33.24,Amex,Processing
ORD104332,CUST00474,2026-02-13,PROD0073:1:197.85|PROD0010:3:98.26,492.63,PayPal,Processing
ORD104333,CUST00639,2025-12-08,PROD0047:2:58.31|PROD0090:5:15.79,195.57,Apple Pay,Returned
ORD104334,CUST01182,2025-12-08,PROD0077:1:34.86|PROD0213:1:69.08|PROD0164:5:106.62,637.04,Store Credit,Delivered
ORD104335,CUST00076,2025-10-23,PROD0280:1:218.73,218.73,PayPal,Shipped
ORD104336,CUST00334,2025-12-29,PROD0167:2:13.38|PROD0243:1:47.44,74.2,Store Credit,Processing
ORD104337,CUST00060,2026-03-28,PROD0097:5:10.79,53.95,PayPal,Delivered
ORD104338,CUST00981,2026-01-23,PROD0004:3:9.47,28.41,Visa,Delivered
ORD104339,CUST00561,2025-10-31,PROD0290:2:105.75|PROD0224:2:131.68,474.86,Mastercard,Shipped
ORD104340,CUST01102,2026-03-12,PROD0232:3:130.11,390.33,Apple Pay,Delivered
ORD104341,CUST00065,2026-07-30,PROD0219:4:122.77,491.08,Apple Pay,Shipped
ORD104342,CUST00683,2025-08-26,PROD0129:4:19.99|PROD0244:3:28.97,166.87,Visa,Processing
ORD104343,CUST00711,2026-02-10,PROD0153:4:32.56,130.24,Visa,Delivered
ORD104344,CUST00931,2026-01-08,PROD0096:1:50.63|PROD0195:5:16.36,132.43,Visa,Delivered
ORD104345,CUST00615,2025-10-12,PROD0038:4:153.69,614.76,PayPal,Shipped
ORD104346,CUST00745,2025-09-02,PROD0221:5:21.66,108.3,Amex,Returned
ORD104347,CUST00848,2025-09-16,PROD0163:4:76.48|PROD0175:2:37.15|PROD0223:4:26.93|PROD0187:2:21.11,530.16,Store Credit,Shipped
ORD104348,CUST00734,2026-07-10,PROD0019:2:32.14,64.28,PayPal,Delivered
ORD104349,CUST00834,2025-12-19,PROD0064:3:87.33,261.99,Visa,Cancelled
ORD104350,CUST01165,2026-07-09,PROD0045:5:17.66|PROD0078:2:167.27,422.84,Mastercard,Delivered
ORD104351,CUST00239,2025-08-01,PROD0038:3:153.69|PROD0109:4:29.51,579.11,Visa,Delivered
ORD104352,CUST01186,2026-03-07,PROD0228:4:11.51,46.04,Visa,Returned
ORD104353,CUST00486,2026-06-10,PROD0164:1:106.62|PROD0001:5:121.73|PROD0176:2:106.09|PROD0113:2:29.87,987.19,Visa,Delayed
ORD104354,CUST01072,2026-05-02,PROD0265:2:21.16|PROD0285:4:33.77,177.4,Mastercard,Delivered
ORD104355,CUST00906,2026-03-16,PROD0190:4:68.53,274.12,PayPal,Shipped
ORD104356,CUST00892,2026-04-10,PROD0260:3:135.73,407.19,Mastercard,Processing
ORD104357,CUST00398,2026-05-29,PROD0232:5:130.11,650.55,Mastercard,Delivered
ORD104358,CUST00532,2026-01-07,PROD0197:2:10.66,21.32,Visa,Delivered
ORD104359,CUST00934,2025-09-24,PROD0028:5:89.71,448.55,Visa,Processing
ORD104360,CUST00400,2026-07-13,PROD0203:2:248.58|PROD0035:3:186.35|PROD0112:2:112.59|PROD0168:5:193.82,2250.49,PayPal,Returned
ORD104361,CUST01072,2026-06-19,PROD0238:3:88.09|PROD0069:4:29.63|PROD0143:3:209.56,1011.47,Store Credit,Processing
ORD104362,CUST01136,2026-03-16,PROD0299:1:56.12|PROD0069:1:29.63,85.75,Store Credit,Delivered
ORD104363,CUST00432,2026-01-10,PROD0214:1:21.47,21.47,Visa,Delivered
ORD104364,CUST00336,2025-08-13,PROD0187:3:21.11,63.33,Store Credit,Shipped
ORD104365,CUST00701,2026-04-03,PROD0096:1:50.63,50.63,PayPal,Delivered
ORD104366,CUST00871,2025-12-02,PROD0120:5:80.47|PROD0253:2:45.08,492.51,Mastercard,Processing
ORD104367,CUST01052,2025-09-26,PROD0256:5:7.79,38.95,Visa,Delivered
ORD104368,CUST00774,2026-06-09,PROD0222:4:52.54|PROD0170:5:12.14|PROD0047:1:58.31,329.17,PayPal,Delivered
ORD104369,CUST00012,2026-01-15,PROD0042:4:241.7,966.8,Mastercard,Cancelled
ORD104370,CUST01165,2026-01-25,PROD0187:4:21.11|PROD0008:5:165.66|PROD0056:5:242.05|PROD0279:1:19.87,2142.86,Visa,Cancelled
ORD104371,CUST00267,2025-11-02,PROD0135:2:13.02|PROD0074:2:30.72,87.48,Apple Pay,Delivered
ORD104372,CUST00012,2025-10-27,PROD0043:3:53.62|PROD0089:2:58.99,278.84,Mastercard,Processing
ORD104373,CUST01102,2026-06-20,PROD0127:4:12.52|PROD0009:1:31.16|PROD0112:2:112.59,306.42,PayPal,Delivered
ORD104374,CUST00319,2025-11-24,PROD0263:1:22.13,22.13,Visa,Delivered
ORD104375,CUST00860,2025-11-12,PROD0102:3:10.54|PROD0149:4:111.96|PROD0098:5:87.67|PROD0125:3:19.13,975.2,Visa,Delivered
ORD104376,CUST00420,2026-02-15,PROD0168:1:193.82,193.82,Amex,Delivered
ORD104377,CUST01059,2026-07-03,PROD0285:3:33.77|PROD0148:4:59.66,339.95,Mastercard,Shipped
ORD104378,CUST01143,2026-03-08,PROD0002:4:96.62|PROD0087:2:72.87,532.22,Mastercard,Delivered
ORD104379,CUST00409,2025-12-31,PROD0009:3:31.16|PROD0251:1:9.74,103.22,Visa,Delayed
ORD104380,CUST00686,2026-05-20,PROD0215:4:59.37,237.48,Store Credit,Delayed
ORD104381,CUST00905,2025-08-31,PROD0020:2:33.7,67.4,Store Credit,Delivered
ORD104382,CUST00974,2025-11-11,PROD0048:2:19.97,39.94,Mastercard,Cancelled
ORD104383,CUST00126,2026-06-26,PROD0085:5:87.79,438.95,Visa,Delivered
ORD104384,CUST00615,2026-04-13,PROD0094:1:136.82,136.82,PayPal,Delivered
ORD104385,CUST00636,2025-09-10,PROD0222:1:52.54,52.54,Mastercard,Delivered
ORD104386,CUST00518,2025-12-02,PROD0117:3:34.38,103.14,Mastercard,Shipped
ORD104387,CUST00382,2026-01-12,PROD0126:5:82.81,414.05,PayPal,Delivered
ORD104388,CUST00281,2025-11-25,PROD0186:3:24.16|PROD0202:2:14.1|PROD0159:1:20.43|PROD0033:3:50.93,273.9,Mastercard,Delivered
ORD104389,CUST00414,2026-03-23,PROD0131:2:11.48,22.96,Amex,Shipped
ORD104390,CUST00774,2025-08-25,PROD0147:1:129.73,129.73,Store Credit,Delivered
ORD104391,CUST00616,2026-03-31,PROD0097:5:10.79|PROD0070:4:207.26|PROD0062:1:20.08,903.07,Amex,Delivered
ORD104392,CUST00200,2026-06-11,PROD0070:1:207.26,207.26,Store Credit,Delivered
ORD104393,CUST00400,2026-07-15,PROD0197:2:10.66|PROD0075:3:42.82,149.78,PayPal,Out for Delivery
ORD104394,CUST01102,2026-03-17,PROD0118:3:5.27,15.81,Visa,Out for Delivery
ORD104395,CUST00128,2026-05-22,PROD0143:1:209.56|PROD0194:4:48.76,404.6,Mastercard,Delivered
ORD104396,CUST00551,2026-04-06,PROD0033:2:50.93,101.86,Mastercard,Delivered
ORD104397,CUST00221,2025-08-12,PROD0152:5:34.78,173.9,Mastercard,Delivered
ORD104398,CUST00970,2026-05-03,PROD0160:3:27.79|PROD0199:3:192.45,660.72,Visa,Delivered
ORD104399,CUST00122,2026-03-04,PROD0043:5:53.62|PROD0128:2:112.67,493.44,Visa,Processing
ORD104400,CUST00869,2026-06-14,PROD0074:1:30.72,30.72,PayPal,Shipped
ORD104401,CUST00844,2026-07-27,PROD0149:5:111.96,559.8,PayPal,Delivered
ORD104402,CUST00965,2026-04-21,PROD0272:4:27.45|PROD0228:2:11.51|PROD0010:2:98.26,329.34,Store Credit,Delivered
ORD104403,CUST01063,2025-09-24,PROD0034:3:6.64,19.92,Apple Pay,Returned
ORD104404,CUST00715,2025-10-28,PROD0276:3:75.04|PROD0080:5:101.65|PROD0015:3:33.9|PROD0247:5:72.46,1197.37,Apple Pay,Delivered
ORD104405,CUST00382,2025-09-23,PROD0123:3:38.34|PROD0038:1:153.69,268.71,Visa,Delivered
ORD104406,CUST00673,2026-05-03,PROD0177:4:58.87|PROD0032:5:22.58|PROD0029:5:81.59|PROD0270:2:25.5,807.33,Amex,Returned
ORD104407,CUST00955,2026-04-20,PROD0070:4:207.26,829.04,Visa,Delivered
ORD104408,CUST01030,2026-02-17,PROD0055:2:32.88|PROD0253:3:45.08|PROD0024:2:45.08|PROD0121:2:31.31,353.78,Visa,Delivered
ORD104409,CUST01115,2025-10-21,PROD0202:1:14.1,14.1,Visa,Shipped
ORD104410,CUST00931,2025-08-07,PROD0018:5:13.24,66.2,Visa,Delivered
ORD104411,CUST00854,2025-10-31,PROD0206:1:37.39,37.39,Mastercard,Delivered
ORD104412,CUST00314,2026-02-07,PROD0003:2:159.09|PROD0213:5:69.08,663.58,PayPal,Delivered
ORD104413,CUST00561,2025-09-07,PROD0038:2:153.69|PROD0104:3:24.87|PROD0211:3:15.2,427.59,Visa,Delivered
ORD104414,CUST00586,2026-01-09,PROD0271:2:9.6,19.2,Store Credit,Cancelled
ORD104415,CUST01161,2025-08-09,PROD0297:4:171.88,687.52,Visa,Shipped
ORD104416,CUST01004,2026-02-22,PROD0263:3:22.13,66.39,Mastercard,Processing
ORD104417,CUST00826,2026-03-11,PROD0220:3:35.61,106.83,Visa,Delivered
ORD104418,CUST00535,2026-06-27,PROD0007:4:167.26,669.04,Mastercard,Shipped
ORD104419,CUST01164,2025-12-20,PROD0286:5:11.4,57.0,Amex,Cancelled
ORD104420,CUST00213,2025-12-12,PROD0039:2:35.25,70.5,Store Credit,Returned
ORD104421,CUST00520,2026-03-22,PROD0275:1:91.6,91.6,PayPal,Returned
ORD104422,CUST00022,2026-02-18,PROD0002:3:96.62,289.86,Apple Pay,Returned
ORD104423,CUST00519,2026-04-19,PROD0240:1:55.35,55.35,PayPal,Cancelled
ORD104424,CUST00242,2025-11-30,PROD0116:1:9.23|PROD0285:5:33.77|PROD0075:2:42.82|PROD0055:1:32.88,296.6,Visa,Delivered
ORD104425,CUST01039,2025-08-10,PROD0262:4:174.58|PROD0144:5:37.09,883.77,Store Credit,Delivered
ORD104426,CUST00745,2026-03-02,PROD0008:1:165.66|PROD0219:2:122.77,411.2,Store Credit,Cancelled
ORD104427,CUST00303,2026-07-14,PROD0283:2:33.8|PROD0085:3:87.79|PROD0094:2:136.82,604.61,Amex,Delivered
ORD104428,CUST00972,2026-05-04,PROD0275:1:91.6|PROD0228:4:11.51|PROD0078:5:167.27,973.99,PayPal,Delivered
ORD104429,CUST01050,2026-06-15,PROD0258:2:29.27,58.54,Mastercard,Shipped
ORD104430,CUST00943,2026-02-07,PROD0159:5:20.43,102.15,Store Credit,Returned
ORD104431,CUST00518,2026-04-09,PROD0005:5:41.87|PROD0002:1:96.62|PROD0112:3:112.59,643.74,Amex,Shipped
ORD104432,CUST00013,2025-08-04,PROD0273:3:84.74|PROD0108:2:128.9,512.02,Store Credit,Delivered
ORD104433,CUST01049,2025-08-31,PROD0227:4:148.49|PROD0267:4:85.78|PROD0155:1:146.86|PROD0112:1:112.59,1196.53,Apple Pay,Processing
ORD104434,CUST00383,2026-01-29,PROD0293:5:26.46,132.3,Apple Pay,Returned
ORD104435,CUST00126,2026-05-29,PROD0219:1:122.77,122.77,Apple Pay,Delivered
ORD104436,CUST00267,2025-11-30,PROD0161:1:19.26|PROD0287:5:49.41|PROD0295:3:56.15|PROD0261:2:78.93,592.62,Amex,Processing
ORD104437,CUST00630,2026-01-31,PROD0160:2:27.79,55.58,Mastercard,Delivered
ORD104438,CUST00774,2026-05-24,PROD0300:2:18.47,36.94,Apple Pay,Cancelled
ORD104439,CUST01027,2025-10-20,PROD0026:4:54.92,219.68,PayPal,Delivered
ORD104440,CUST00860,2026-05-31,PROD0104:2:24.87,49.74,Apple Pay,Processing
ORD104441,CUST00552,2026-03-23,PROD0156:3:41.63,124.89,Visa,Processing
ORD104442,CUST01044,2025-10-11,PROD0108:1:128.9,128.9,Amex,Delivered
ORD104443,CUST00499,2025-11-19,PROD0137:4:26.99|PROD0087:1:72.87,180.83,Amex,Shipped
ORD104444,CUST00592,2025-11-28,PROD0163:3:76.48|PROD0112:5:112.59|PROD0293:3:26.46,871.77,Visa,Delivered
ORD104445,CUST01142,2026-04-13,PROD0105:2:114.17|PROD0243:4:47.44,418.1,Visa,Delivered
ORD104446,CUST00959,2025-12-21,PROD0048:5:19.97|PROD0063:3:122.4,467.05,PayPal,Delivered
ORD104447,CUST00872,2025-08-30,PROD0086:5:41.13|PROD0176:4:106.09|PROD0165:5:38.86,824.31,PayPal,Delivered
ORD104448,CUST00928,2025-12-02,PROD0178:2:137.06|PROD0155:2:146.86|PROD0022:3:55.37|PROD0188:1:10.76,744.71,Visa,Processing
ORD104449,CUST00690,2026-07-15,PROD0185:1:34.57,34.57,PayPal,Delayed
ORD104450,CUST00060,2025-09-04,PROD0036:3:51.6,154.8,Amex,Delivered
ORD104451,CUST00802,2025-09-02,PROD0163:1:76.48,76.48,Visa,Delivered
ORD104452,CUST01052,2025-08-15,PROD0205:2:97.84,195.68,Visa,Delivered
ORD104453,CUST00965,2026-05-05,PROD0020:2:33.7|PROD0092:5:55.86,346.7,Mastercard,Processing
ORD104454,CUST00901,2026-07-23,PROD0144:4:37.09,148.36,Apple Pay,Delivered
ORD104455,CUST00649,2026-01-10,PROD0106:5:116.2,581.0,Store Credit,Delayed
ORD104456,CUST00176,2026-04-19,PROD0275:1:91.6|PROD0230:1:7.64,99.24,Mastercard,Delivered
ORD104457,CUST00134,2025-09-10,PROD0008:2:165.66,331.32,Store Credit,Delivered
ORD104458,CUST00494,2025-10-09,PROD0234:2:120.92|PROD0150:5:90.15|PROD0124:1:57.05|PROD0289:5:44.66,972.94,Apple Pay,Delivered
ORD104459,CUST00288,2026-07-08,PROD0068:4:30.3,121.2,Store Credit,Shipped
ORD104460,CUST00390,2025-11-04,PROD0113:2:29.87|PROD0012:1:54.17,113.91,Store Credit,Processing
ORD104461,CUST00052,2025-08-05,PROD0262:3:174.58,523.74,Mastercard,Delivered
ORD104462,CUST00916,2026-01-09,PROD0115:4:182.29|PROD0075:1:42.82|PROD0194:1:48.76,820.74,Mastercard,Delivered
ORD104463,CUST00035,2026-01-09,PROD0025:5:16.49,82.45,Store Credit,Processing
ORD104464,CUST00045,2025-10-26,PROD0093:3:119.59|PROD0209:5:12.86,423.07,PayPal,Delivered
ORD104465,CUST00644,2026-01-29,PROD0249:3:9.97,29.91,Visa,Delivered
ORD104466,CUST00588,2025-08-06,PROD0136:5:75.27,376.35,Amex,Delivered
ORD104467,CUST00949,2026-04-23,PROD0219:4:122.77,491.08,Apple Pay,Delivered
ORD104468,CUST00774,2026-05-09,PROD0007:1:167.26|PROD0213:5:69.08,512.66,Visa,Delivered
ORD104469,CUST00206,2026-01-08,PROD0211:2:15.2,30.4,Mastercard,Delivered
ORD104470,CUST00314,2026-01-02,PROD0263:5:22.13,110.65,Amex,Delivered
ORD104471,CUST00241,2026-01-03,PROD0257:1:46.24,46.24,Amex,Delivered
ORD104472,CUST00961,2025-11-16,PROD0007:1:167.26|PROD0006:3:6.78,187.6,Mastercard,Delivered
ORD104473,CUST00569,2026-04-05,PROD0294:2:28.58|PROD0168:5:193.82,1026.26,Visa,Delivered
ORD104474,CUST00069,2026-01-15,PROD0138:5:18.75,93.75,Mastercard,Delivered
ORD104475,CUST00729,2026-07-22,PROD0027:4:8.85,35.4,Visa,Delivered
ORD104476,CUST00547,2026-01-29,PROD0208:2:29.11,58.22,Visa,Returned
ORD104477,CUST00441,2026-04-24,PROD0298:3:12.54,37.62,Mastercard,Delivered
ORD104478,CUST00639,2026-01-16,PROD0206:2:37.39|PROD0267:2:85.78|PROD0116:5:9.23,292.49,Visa,Delayed
ORD104479,CUST00670,2025-09-09,PROD0270:4:25.5|PROD0096:4:50.63,304.52,Visa,Shipped
ORD104480,CUST00895,2025-09-30,PROD0231:4:10.76,43.04,Apple Pay,Processing
ORD104481,CUST01059,2025-12-09,PROD0177:4:58.87,235.48,Amex,Delivered
ORD104482,CUST01074,2026-05-01,PROD0060:1:25.69|PROD0259:1:27.72,53.41,Store Credit,Returned
ORD104483,CUST00666,2025-10-23,PROD0018:4:13.24,52.96,Apple Pay,Delivered
ORD104484,CUST00762,2025-10-11,PROD0029:3:81.59,244.77,Amex,Delivered
ORD104485,CUST00027,2026-04-26,PROD0217:2:240.36|PROD0164:5:106.62|PROD0051:3:43.91,1145.55,Store Credit,Delivered
ORD104486,CUST00069,2026-06-01,PROD0036:2:51.6,103.2,Store Credit,Delayed
ORD104487,CUST00816,2025-10-15,PROD0044:1:79.04,79.04,Store Credit,Cancelled
ORD104488,CUST00971,2026-07-19,PROD0093:2:119.59,239.18,Store Credit,Delivered
ORD104489,CUST00967,2025-11-09,PROD0015:5:33.9,169.5,Visa,Delivered
ORD104490,CUST00092,2026-06-29,PROD0055:5:32.88,164.4,Visa,Delivered
ORD104491,CUST01042,2025-12-06,PROD0200:3:39.66|PROD0282:1:114.39,233.37,PayPal,Shipped
ORD104492,CUST00581,2025-10-20,PROD0026:2:54.92|PROD0028:5:89.71,558.39,PayPal,Delayed
ORD104493,CUST01004,2025-08-16,PROD0149:4:111.96,447.84,Apple Pay,Shipped
ORD104494,CUST00701,2026-03-24,PROD0066:4:117.07|PROD0024:2:45.08,558.44,PayPal,Shipped
ORD104495,CUST00186,2025-09-01,PROD0232:5:130.11|PROD0246:4:61.05|PROD0058:4:90.72,1257.63,Apple Pay,Delivered
ORD104496,CUST00860,2026-05-07,PROD0269:3:144.62|PROD0277:2:30.38|PROD0147:3:129.73|PROD0160:3:27.79,967.18,Amex,Delivered
ORD104497,CUST00662,2025-12-26,PROD0089:4:58.99,235.96,Mastercard,Delivered
ORD104498,CUST00784,2026-01-07,PROD0048:2:19.97|PROD0239:2:87.92|PROD0277:1:30.38,246.16,PayPal,Delivered
ORD104499,CUST00363,2026-04-25,PROD0214:4:21.47|PROD0252:1:79.63,165.51,Amex,Delivered
ORD104500,CUST01118,2025-10-31,PROD0095:5:26.42,132.1,Apple Pay,Cancelled
ORD104501,CUST00336,2025-08-07,PROD0179:1:22.52,22.52,PayPal,Processing
ORD104502,CUST00616,2025-10-28,PROD0207:1:26.58,26.58,Visa,Shipped
ORD104503,CUST00115,2026-06-18,PROD0240:2:55.35|PROD0060:1:25.69,136.39,PayPal,Processing
ORD104504,CUST00968,2026-02-06,PROD0099:2:133.23,266.46,Mastercard,Cancelled
ORD104505,CUST00051,2026-03-02,PROD0115:4:182.29,729.16,Amex,Shipped
ORD104506,CUST00818,2026-01-29,PROD0164:5:106.62,533.1,Apple Pay,Shipped
ORD104507,CUST00647,2025-09-04,PROD0268:1:34.77,34.77,Amex,Delivered
ORD104508,CUST00336,2025-09-27,PROD0004:3:9.47|PROD0149:2:111.96|PROD0095:3:26.42,331.59,Amex,Returned
ORD104509,CUST00407,2026-03-08,PROD0185:2:34.57,69.14,Amex,Shipped
ORD104510,CUST01036,2025-10-16,PROD0072:4:70.01,280.04,Apple Pay,Returned
ORD104511,CUST00108,2026-04-26,PROD0278:1:43.45,43.45,Mastercard,Returned
ORD104512,CUST00221,2026-02-01,PROD0059:4:125.94,503.76,Mastercard,Delivered
ORD104513,CUST00701,2026-06-30,PROD0130:3:30.13|PROD0288:2:79.59,249.57,Visa,Delivered
ORD104514,CUST00564,2026-05-13,PROD0243:5:47.44,237.2,Amex,Out for Delivery
ORD104515,CUST00682,2026-06-13,PROD0169:2:47.11|PROD0118:4:5.27,115.3,Visa,Delivered
ORD104516,CUST00532,2026-06-22,PROD0111:4:31.83|PROD0209:2:12.86|PROD0129:5:19.99,252.99,Apple Pay,Delivered
ORD104517,CUST00326,2026-05-24,PROD0243:1:47.44,47.44,Amex,Delivered
ORD104518,CUST00507,2025-08-12,PROD0169:3:47.11,141.33,Visa,Delivered
ORD104519,CUST00966,2026-03-10,PROD0196:3:161.82,485.46,Store Credit,Delivered
ORD104520,CUST00949,2026-02-10,PROD0158:5:22.41|PROD0209:1:12.86,124.91,Mastercard,Delivered
ORD104521,CUST01059,2026-04-10,PROD0192:4:129.12|PROD0174:2:22.41|PROD0290:4:105.75,984.3,Mastercard,Delivered
ORD104522,CUST00488,2026-06-21,PROD0012:3:54.17|PROD0124:2:57.05|PROD0237:4:10.39,318.17,PayPal,Cancelled
ORD104523,CUST00719,2026-01-28,PROD0034:4:6.64,26.56,Visa,Shipped
ORD104524,CUST00683,2025-09-13,PROD0112:5:112.59,562.95,Store Credit,Shipped
ORD104525,CUST00363,2026-04-02,PROD0061:3:25.67,77.01,Mastercard,Processing
ORD104526,CUST01072,2025-08-25,PROD0117:1:34.38|PROD0264:5:25.7,162.88,Amex,Delivered
ORD104527,CUST00958,2025-12-04,PROD0203:1:248.58|PROD0028:4:89.71,607.42,Apple Pay,Shipped
ORD104528,CUST00400,2026-04-17,PROD0234:3:120.92,362.76,Mastercard,Delivered
ORD104529,CUST00022,2025-08-30,PROD0133:1:32.07,32.07,Mastercard,Delivered
ORD104530,CUST00632,2025-11-14,PROD0074:3:30.72|PROD0134:1:178.43|PROD0209:1:12.86|PROD0251:5:9.74,332.15,Amex,Delivered
ORD104531,CUST00042,2026-03-26,PROD0115:1:182.29|PROD0215:4:59.37,419.77,Mastercard,Out for Delivery
ORD104532,CUST00022,2025-11-26,PROD0106:4:116.2|PROD0096:5:50.63,717.95,Mastercard,Delivered
ORD104533,CUST00365,2026-06-01,PROD0213:4:69.08|PROD0282:3:114.39|PROD0034:3:6.64,639.41,Visa,Shipped
ORD104534,CUST00319,2026-07-06,PROD0208:1:29.11,29.11,Apple Pay,Delivered
ORD104535,CUST01080,2026-04-01,PROD0068:3:30.3|PROD0253:3:45.08|PROD0044:1:79.04|PROD0283:2:33.8,372.78,Mastercard,Delivered
ORD104536,CUST01072,2025-12-25,PROD0263:4:22.13,88.52,PayPal,Returned
ORD104537,CUST00974,2026-05-30,PROD0169:2:47.11|PROD0252:1:79.63,173.85,Mastercard,Delivered
ORD104538,CUST01120,2025-12-09,PROD0271:5:9.6|PROD0046:2:33.24|PROD0125:2:19.13|PROD0274:1:126.5,279.24,PayPal,Delivered
ORD104539,CUST01130,2025-10-06,PROD0101:1:170.06|PROD0250:1:8.48,178.54,Visa,Cancelled
ORD104540,CUST00022,2026-05-10,PROD0054:1:55.49|PROD0004:1:9.47|PROD0128:4:112.67,515.64,Visa,Delivered
ORD104541,CUST00905,2026-04-26,PROD0011:3:22.2|PROD0224:2:131.68|PROD0019:5:32.14,490.66,Visa,Shipped
ORD104542,CUST00981,2025-12-24,PROD0162:1:142.57,142.57,PayPal,Delivered
ORD104543,CUST00177,2026-01-15,PROD0045:1:17.66,17.66,Amex,Shipped
ORD104544,CUST00531,2026-05-25,PROD0069:5:29.63,148.15,Mastercard,Shipped
ORD104545,CUST00343,2026-03-06,PROD0139:4:31.77,127.08,Store Credit,Delivered
ORD104546,CUST00552,2026-03-13,PROD0102:4:10.54|PROD0003:2:159.09|PROD0279:3:19.87,419.95,Mastercard,Cancelled
ORD104547,CUST00651,2025-08-19,PROD0085:3:87.79,263.37,Apple Pay,Delayed
ORD104548,CUST00972,2026-04-07,PROD0256:3:7.79,23.37,Mastercard,Processing
ORD104549,CUST00892,2025-11-11,PROD0167:4:13.38|PROD0171:3:115.91,401.25,Amex,Delivered
ORD104550,CUST00374,2025-12-07,PROD0122:2:113.13|PROD0025:5:16.49|PROD0300:2:18.47|PROD0085:3:87.79,609.02,Amex,Delivered
ORD104551,CUST00092,2026-02-08,PROD0161:5:19.26,96.3,Apple Pay,Delivered
ORD104552,CUST00398,2025-09-02,PROD0049:4:79.17,316.68,Mastercard,Out for Delivery
ORD104553,CUST01102,2025-10-02,PROD0137:3:26.99|PROD0152:1:34.78|PROD0170:4:12.14,164.31,Apple Pay,Delivered
ORD104554,CUST00561,2025-12-14,PROD0027:1:8.85,8.85,Amex,Delivered
ORD104555,CUST00772,2026-01-01,PROD0079:1:107.7,107.7,Store Credit,Delayed
ORD104556,CUST00971,2025-10-02,PROD0103:1:35.6,35.6,Apple Pay,Delivered
ORD104557,CUST00060,2026-04-27,PROD0013:1:24.34,24.34,Amex,Delivered
ORD104558,CUST01005,2025-11-27,PROD0292:5:56.02,280.1,Visa,Delivered
ORD104559,CUST01184,2026-02-11,PROD0246:2:61.05|PROD0270:2:25.5,173.1,Mastercard,Out for Delivery
ORD104560,CUST00767,2025-10-12,PROD0070:4:207.26,829.04,Visa,Cancelled
ORD104561,CUST00644,2025-12-23,PROD0272:5:27.45,137.25,Mastercard,Processing
ORD104562,CUST00336,2026-06-09,PROD0041:3:26.94|PROD0070:2:207.26,495.34,Store Credit,Delivered
ORD104563,CUST00242,2025-10-11,PROD0180:4:13.81,55.24,Mastercard,Delivered
ORD104564,CUST00561,2025-11-26,PROD0025:5:16.49,82.45,Mastercard,Delivered
ORD104565,CUST00281,2025-11-06,PROD0224:2:131.68|PROD0148:3:59.66|PROD0245:1:74.39|PROD0138:5:18.75,610.48,Amex,Shipped
ORD104566,CUST00790,2025-10-10,PROD0206:3:37.39,112.17,Store Credit,Cancelled
ORD104567,CUST00161,2026-05-20,PROD0187:1:21.11,21.11,Mastercard,Delivered
ORD104568,CUST00127,2025-11-06,PROD0184:2:76.1,152.2,Amex,Delivered
ORD104569,CUST00033,2025-07-31,PROD0151:1:13.08|PROD0072:5:70.01,363.13,Mastercard,Delivered
ORD104570,CUST00178,2025-08-20,PROD0012:1:54.17,54.17,Visa,Processing
ORD104571,CUST00009,2025-11-21,PROD0109:2:29.51,59.02,Apple Pay,Delivered
ORD104572,CUST00687,2026-02-19,PROD0071:4:156.65,626.6,Amex,Delivered
ORD104573,CUST00059,2026-02-10,PROD0086:2:41.13|PROD0117:3:34.38|PROD0250:5:8.48,227.8,Mastercard,Processing
ORD104574,CUST00237,2026-07-23,PROD0195:4:16.36|PROD0028:5:89.71,513.99,Visa,Delivered
ORD104575,CUST00989,2025-08-29,PROD0272:2:27.45|PROD0040:3:6.69|PROD0212:5:40.49|PROD0190:5:68.53,620.07,Apple Pay,Delivered
ORD104576,CUST00272,2025-11-23,PROD0122:2:113.13|PROD0140:3:235.93,934.05,Amex,Shipped
ORD104577,CUST00539,2026-04-25,PROD0063:5:122.4|PROD0161:5:19.26|PROD0229:2:30.85|PROD0234:2:120.92,1011.84,Apple Pay,Delivered
ORD104578,CUST01153,2026-05-21,PROD0006:1:6.78,6.78,PayPal,Delivered
ORD104579,CUST00063,2025-10-24,PROD0140:2:235.93|PROD0158:5:22.41,583.91,Store Credit,Delivered
ORD104580,CUST00382,2026-05-30,PROD0275:2:91.6,183.2,Mastercard,Delayed
ORD104581,CUST00872,2026-05-11,PROD0010:2:98.26,196.52,Store Credit,Returned
ORD104582,CUST00367,2025-12-17,PROD0152:3:34.78|PROD0006:1:6.78|PROD0107:4:106.43,536.84,Apple Pay,Delivered
ORD104583,CUST00444,2026-04-22,PROD0012:3:54.17,162.51,Visa,Delivered
ORD104584,CUST00042,2026-03-01,PROD0138:2:18.75,37.5,Apple Pay,Delivered
ORD104585,CUST00314,2025-12-05,PROD0063:1:122.4|PROD0259:3:27.72|PROD0242:1:23.74,229.3,Mastercard,Shipped
ORD104586,CUST00455,2025-10-26,PROD0141:3:98.61|PROD0005:1:41.87|PROD0267:4:85.78,680.82,Mastercard,Delivered
ORD104587,CUST01155,2025-10-06,PROD0142:3:68.42,205.26,Visa,Returned
ORD104588,CUST00872,2025-11-12,PROD0093:5:119.59|PROD0064:1:87.33,685.28,PayPal,Returned
ORD104589,CUST00130,2025-10-09,PROD0260:4:135.73|PROD0218:2:151.18,845.28,Store Credit,Delayed
ORD104590,CUST00670,2026-07-02,PROD0193:2:29.24,58.48,Visa,Delayed
ORD104591,CUST00673,2026-01-25,PROD0132:5:14.3|PROD0023:3:18.55,127.15,Apple Pay,Returned
ORD104592,CUST00287,2025-12-03,PROD0101:5:170.06|PROD0168:5:193.82|PROD0010:3:98.26|PROD0202:3:14.1,2156.48,Apple Pay,Delivered
ORD104593,CUST00970,2026-05-04,PROD0202:4:14.1,56.4,Amex,Delivered
ORD104594,CUST00949,2026-01-28,PROD0057:4:37.8|PROD0076:1:22.51,173.71,Visa,Processing
ORD104595,CUST00400,2026-03-02,PROD0116:4:9.23,36.92,Apple Pay,Delivered
ORD104596,CUST00745,2025-09-13,PROD0091:4:94.44|PROD0113:1:29.87|PROD0276:3:75.04,632.75,Store Credit,Delivered
ORD104597,CUST00132,2025-12-13,PROD0044:1:79.04|PROD0005:1:41.87,120.91,Amex,Shipped
ORD104598,CUST00060,2026-04-14,PROD0018:1:13.24|PROD0271:1:9.6,22.84,PayPal,Shipped
ORD104599,CUST00447,2025-12-16,PROD0214:3:21.47,64.41,Mastercard,Delayed
ORD104600,CUST01160,2025-10-06,PROD0190:1:68.53,68.53,Visa,Delivered
ORD104601,CUST00354,2026-03-30,PROD0254:4:110.83,443.32,Store Credit,Processing
ORD104602,CUST00892,2026-05-22,PROD0206:4:37.39|PROD0127:3:12.52|PROD0226:3:121.6,551.92,Apple Pay,Delayed
ORD104603,CUST00783,2026-03-14,PROD0047:3:58.31|PROD0205:2:97.84|PROD0085:3:87.79,633.98,Store Credit,Delivered
ORD104604,CUST00215,2025-12-04,PROD0233:1:82.05|PROD0068:2:30.3|PROD0245:1:74.39|PROD0182:3:235.58,923.78,PayPal,Shipped
ORD104605,CUST00889,2026-05-09,PROD0027:4:8.85,35.4,Amex,Shipped
ORD104606,CUST00371,2026-06-26,PROD0166:5:36.87|PROD0026:4:54.92|PROD0193:4:29.24,520.99,Apple Pay,Out for Delivery
ORD104607,CUST00759,2026-07-27,PROD0244:3:28.97,86.91,Apple Pay,Delivered
ORD104608,CUST00719,2026-04-16,PROD0033:4:50.93|PROD0068:2:30.3|PROD0119:5:234.85,1438.57,Mastercard,Delivered
ORD104609,CUST00115,2025-11-15,PROD0297:5:171.88|PROD0032:3:22.58,927.14,Visa,Delivered
ORD104610,CUST00063,2026-04-25,PROD0202:3:14.1|PROD0061:1:25.67,67.97,PayPal,Out for Delivery
ORD104611,CUST00468,2026-01-21,PROD0055:1:32.88|PROD0001:4:121.73,519.8,PayPal,Out for Delivery
ORD104612,CUST00620,2026-06-30,PROD0235:1:35.87|PROD0097:3:10.79|PROD0144:2:37.09,142.42,Apple Pay,Delivered
ORD104613,CUST00494,2026-04-25,PROD0281:1:37.35,37.35,PayPal,Shipped
ORD104614,CUST00784,2026-02-28,PROD0083:4:12.63,50.52,Apple Pay,Shipped
ORD104615,CUST00785,2025-10-15,PROD0151:4:13.08|PROD0275:5:91.6|PROD0274:2:126.5,763.32,Visa,Cancelled
ORD104616,CUST01150,2025-10-11,PROD0100:4:81.87,327.48,Amex,Delivered
ORD104617,CUST00784,2026-01-26,PROD0239:1:87.92,87.92,Visa,Delivered
ORD104618,CUST01048,2026-07-01,PROD0156:3:41.63|PROD0055:1:32.88|PROD0280:4:218.73,1032.69,Visa,Delivered
ORD104619,CUST01005,2026-03-23,PROD0275:3:91.6,274.8,Apple Pay,Shipped
ORD104620,CUST00588,2025-11-25,PROD0146:4:25.49|PROD0262:4:174.58,800.28,Visa,Delivered
ORD104621,CUST00090,2025-11-09,PROD0216:3:7.93,23.79,Visa,Processing
ORD104622,CUST00206,2026-07-09,PROD0186:1:24.16,24.16,Store Credit,Delivered
ORD104623,CUST00267,2025-09-23,PROD0194:2:48.76,97.52,Store Credit,Cancelled
ORD104624,CUST01048,2026-07-06,PROD0053:2:30.53|PROD0299:5:56.12|PROD0016:3:12.58|PROD0230:5:7.64,417.6,Mastercard,Processing
ORD104625,CUST00989,2025-11-15,PROD0217:4:240.36|PROD0001:4:121.73,1448.36,Visa,Delayed
ORD104626,CUST00592,2026-02-05,PROD0258:2:29.27,58.54,Mastercard,Out for Delivery
ORD104627,CUST00774,2026-03-28,PROD0077:3:34.86,104.58,Store Credit,Delivered
ORD104628,CUST00239,2025-10-20,PROD0101:2:170.06|PROD0123:1:38.34|PROD0087:1:72.87|PROD0047:5:58.31,742.88,PayPal,Delivered
ORD104629,CUST01028,2025-09-19,PROD0148:2:59.66,119.32,Amex,Delivered
ORD104630,CUST00012,2025-09-04,PROD0132:5:14.3|PROD0150:1:90.15|PROD0158:3:22.41|PROD0200:5:39.66,427.18,Amex,Shipped
ORD104631,CUST00967,2026-03-21,PROD0280:4:218.73,874.92,PayPal,Returned
ORD104632,CUST00740,2026-02-04,PROD0156:1:41.63,41.63,Visa,Delivered
ORD104633,CUST00651,2026-01-03,PROD0044:2:79.04,158.08,Store Credit,Delivered
ORD104634,CUST00790,2026-05-05,PROD0226:3:121.6|PROD0229:5:30.85|PROD0278:3:43.45,649.4,Apple Pay,Shipped
ORD104635,CUST01180,2026-05-26,PROD0030:2:27.16|PROD0117:3:34.38|PROD0273:4:84.74,496.42,Store Credit,Returned
ORD104636,CUST00244,2026-01-15,PROD0027:5:8.85|PROD0035:4:186.35,789.65,Visa,Delivered
ORD104637,CUST00198,2026-07-22,PROD0131:4:11.48|PROD0012:1:54.17|PROD0238:2:88.09|PROD0221:3:21.66,341.25,PayPal,Returned
ORD104638,CUST00970,2026-07-09,PROD0145:4:16.58,66.32,Apple Pay,Delivered
ORD104639,CUST00777,2026-05-06,PROD0125:3:19.13|PROD0279:5:19.87|PROD0111:2:31.83,220.4,PayPal,Delivered
ORD104640,CUST01143,2026-01-31,PROD0062:1:20.08,20.08,Amex,Delivered
ORD104641,CUST00715,2026-02-22,PROD0058:1:90.72,90.72,Visa,Processing
ORD104642,CUST00347,2025-07-31,PROD0094:4:136.82|PROD0226:1:121.6|PROD0047:3:58.31|PROD0068:3:30.3,934.71,Store Credit,Delivered
ORD104643,CUST00247,2025-08-28,PROD0098:3:87.67,263.01,Mastercard,Shipped
ORD104644,CUST00172,2026-01-31,PROD0257:4:46.24|PROD0050:5:15.03|PROD0044:1:79.04|PROD0185:2:34.57,408.29,Apple Pay,Delivered
ORD104645,CUST00783,2026-07-07,PROD0134:5:178.43,892.15,Apple Pay,Delivered
ORD104646,CUST00186,2025-10-24,PROD0276:3:75.04,225.12,Amex,Processing
ORD104647,CUST00439,2025-09-28,PROD0049:5:79.17|PROD0280:2:218.73|PROD0094:5:136.82|PROD0276:1:75.04,1592.45,Amex,Delivered
ORD104648,CUST00439,2025-10-16,PROD0184:3:76.1,228.3,Apple Pay,Delivered
ORD104649,CUST01054,2026-06-28,PROD0013:1:24.34|PROD0170:5:12.14,85.04,Apple Pay,Shipped
ORD104650,CUST00267,2025-11-16,PROD0126:3:82.81,248.43,Visa,Delivered
ORD104651,CUST00636,2026-01-31,PROD0147:1:129.73,129.73,Apple Pay,Delivered
ORD104652,CUST00740,2026-04-06,PROD0020:5:33.7|PROD0062:4:20.08,248.82,Apple Pay,Returned
ORD104653,CUST00463,2026-03-01,PROD0050:5:15.03|PROD0090:5:15.79,154.1,Mastercard,Delivered
ORD104654,CUST00638,2026-03-13,PROD0148:2:59.66,119.32,Store Credit,Delivered
ORD104655,CUST00909,2025-10-18,PROD0005:2:41.87,83.74,Apple Pay,Delayed
ORD104656,CUST00107,2025-08-24,PROD0060:3:25.69|PROD0084:5:98.15,567.82,Visa,Delivered
ORD104657,CUST00494,2026-05-08,PROD0001:5:121.73,608.65,Amex,Shipped
ORD104658,CUST00554,2025-08-28,PROD0051:3:43.91,131.73,Mastercard,Out for Delivery
ORD104659,CUST00213,2025-12-11,PROD0009:4:31.16,124.64,Apple Pay,Delivered
ORD104660,CUST00076,2026-05-05,PROD0205:5:97.84|PROD0118:1:5.27,494.47,Visa,Delivered
ORD104661,CUST00272,2026-03-24,PROD0038:3:153.69,461.07,Store Credit,Delivered
ORD104662,CUST00900,2026-07-28,PROD0228:1:11.51|PROD0270:3:25.5|PROD0171:3:115.91|PROD0114:3:67.83,639.23,Amex,Delivered
ORD104663,CUST01155,2025-11-14,PROD0164:1:106.62|PROD0005:1:41.87|PROD0275:2:91.6|PROD0181:4:4.29,348.85,Store Credit,Delivered
ORD104664,CUST00051,2026-01-19,PROD0212:1:40.49,40.49,Store Credit,Delivered
ORD104665,CUST01058,2025-11-12,PROD0272:5:27.45|PROD0076:1:22.51|PROD0191:2:66.03|PROD0210:5:78.45,684.07,PayPal,Delivered
ORD104666,CUST00076,2025-08-19,PROD0160:1:27.79,27.79,Store Credit,Delivered
ORD104667,CUST00511,2025-08-31,PROD0273:4:84.74|PROD0162:5:142.57,1051.81,Store Credit,Cancelled
ORD104668,CUST00651,2025-12-15,PROD0095:4:26.42|PROD0010:3:98.26|PROD0263:2:22.13,444.72,PayPal,Processing
ORD104669,CUST01180,2026-04-23,PROD0025:2:16.49|PROD0093:4:119.59|PROD0182:5:235.58|PROD0209:1:12.86,1702.1,Apple Pay,Delivered
ORD104670,CUST00949,2026-02-04,PROD0253:4:45.08,180.32,PayPal,Shipped
ORD104671,CUST00161,2026-06-02,PROD0225:2:129.56,259.12,Visa,Delivered
ORD104672,CUST00767,2026-01-03,PROD0237:5:10.39,51.95,PayPal,Processing
ORD104673,CUST00494,2025-12-11,PROD0276:4:75.04,300.16,Store Credit,Shipped
ORD104674,CUST00247,2026-06-05,PROD0064:3:87.33,261.99,PayPal,Delivered
ORD104675,CUST01160,2025-10-08,PROD0220:3:35.61,106.83,Amex,Delivered
ORD104676,CUST00773,2026-05-30,PROD0177:5:58.87|PROD0118:5:5.27|PROD0082:2:33.12|PROD0053:1:30.53,417.47,Amex,Cancelled
ORD104677,CUST00510,2025-08-22,PROD0262:4:174.58,698.32,Amex,Processing
ORD104678,CUST00012,2025-11-25,PROD0288:4:79.59|PROD0023:4:18.55,392.56,Visa,Delivered
ORD104679,CUST00957,2026-01-14,PROD0194:1:48.76|PROD0243:4:47.44,238.52,Apple Pay,Out for Delivery
ORD104680,CUST00896,2025-12-03,PROD0289:3:44.66|PROD0118:4:5.27,155.06,Apple Pay,Delivered
ORD104681,CUST01105,2026-01-29,PROD0005:1:41.87|PROD0220:2:35.61,113.09,PayPal,Delivered
ORD104682,CUST01087,2026-01-11,PROD0164:5:106.62|PROD0280:4:218.73,1408.02,Mastercard,Shipped
ORD104683,CUST00519,2025-09-04,PROD0244:1:28.97,28.97,PayPal,Delivered
ORD104684,CUST00181,2025-10-14,PROD0029:4:81.59|PROD0221:5:21.66|PROD0023:2:18.55,471.76,Apple Pay,Cancelled
ORD104685,CUST00190,2026-03-12,PROD0140:1:235.93|PROD0205:3:97.84|PROD0256:4:7.79,560.61,Mastercard,Processing
ORD104686,CUST00620,2026-06-26,PROD0020:1:33.7,33.7,Visa,Returned
ORD104687,CUST00250,2026-06-09,PROD0197:5:10.66|PROD0275:4:91.6,419.7,Apple Pay,Cancelled
ORD104688,CUST00083,2026-05-24,PROD0158:2:22.41,44.82,PayPal,Delivered
ORD104689,CUST01072,2026-06-15,PROD0018:4:13.24,52.96,Amex,Shipped
ORD104690,CUST00520,2026-06-14,PROD0168:1:193.82|PROD0067:4:11.15,238.42,Amex,Delayed
ORD104691,CUST01044,2025-11-10,PROD0241:1:95.92|PROD0021:3:148.05,540.07,PayPal,Delivered
ORD104692,CUST00363,2026-05-14,PROD0265:3:21.16,63.48,Visa,Delivered
ORD104693,CUST00392,2026-07-09,PROD0205:3:97.84|PROD0274:1:126.5|PROD0033:3:50.93,572.81,Visa,Delivered
ORD104694,CUST00989,2025-09-16,PROD0098:2:87.67,175.34,Store Credit,Delivered
ORD104695,CUST00070,2026-04-23,PROD0174:3:22.41,67.23,Visa,Delivered
ORD104696,CUST00712,2026-07-19,PROD0071:3:156.65,469.95,Visa,Delivered
ORD104697,CUST00008,2026-05-07,PROD0300:5:18.47|PROD0298:2:12.54|PROD0163:5:76.48|PROD0287:2:49.41,598.65,Apple Pay,Processing
ORD104698,CUST00213,2026-05-22,PROD0219:1:122.77|PROD0097:5:10.79,176.72,Apple Pay,Delivered
ORD104699,CUST00715,2026-05-28,PROD0155:5:146.86,734.3,Visa,Returned
ORD104700,CUST00090,2026-05-29,PROD0249:4:9.97|PROD0007:3:167.26,541.66,Amex,Cancelled
ORD104701,CUST00446,2026-05-05,PROD0080:1:101.65|PROD0124:5:57.05|PROD0140:1:235.93,622.83,Store Credit,Delivered
ORD104702,CUST00296,2026-03-06,PROD0077:5:34.86,174.3,Amex,Delivered
ORD104703,CUST00644,2025-09-30,PROD0056:4:242.05|PROD0158:5:22.41,1080.25,Store Credit,Processing
ORD104704,CUST00449,2025-11-11,PROD0257:3:46.24|PROD0193:5:29.24|PROD0111:4:31.83|PROD0136:2:75.27,562.78,Mastercard,Delivered
ORD104705,CUST00921,2025-12-09,PROD0250:4:8.48|PROD0185:2:34.57|PROD0271:5:9.6,151.06,Store Credit,Cancelled
ORD104706,CUST01115,2025-08-23,PROD0155:1:146.86|PROD0161:1:19.26,166.12,Amex,Delivered
ORD104707,CUST00774,2025-11-08,PROD0027:2:8.85,17.7,Mastercard,Delivered
ORD104708,CUST00193,2025-10-03,PROD0157:5:160.75,803.75,Apple Pay,Delivered
ORD104709,CUST01118,2026-06-24,PROD0184:2:76.1|PROD0279:5:19.87,251.55,PayPal,Delivered
ORD104710,CUST01004,2025-11-14,PROD0254:2:110.83,221.66,Apple Pay,Delivered
ORD104711,CUST00768,2026-04-14,PROD0140:5:235.93|PROD0129:4:19.99,1259.61,Store Credit,Shipped
ORD104712,CUST00126,2025-10-27,PROD0284:1:36.34,36.34,Mastercard,Delivered
ORD104713,CUST00544,2026-07-24,PROD0149:2:111.96,223.92,Visa,Cancelled
ORD104714,CUST00678,2025-08-07,PROD0029:5:81.59,407.95,Amex,Delayed
ORD104715,CUST00926,2025-11-26,PROD0092:4:55.86,223.44,Store Credit,Cancelled
ORD104716,CUST00551,2026-07-16,PROD0083:1:12.63|PROD0219:4:122.77,503.71,Amex,Delivered
ORD104717,CUST00052,2025-09-02,PROD0220:5:35.61|PROD0046:5:33.24|PROD0111:5:31.83,503.4,Mastercard,Processing
ORD104718,CUST00673,2026-05-26,PROD0228:3:11.51|PROD0144:3:37.09,145.8,Mastercard,Delivered
ORD104719,CUST00407,2026-07-22,PROD0148:2:59.66,119.32,PayPal,Processing
ORD104720,CUST01164,2025-09-20,PROD0190:5:68.53,342.65,Apple Pay,Shipped
ORD104721,CUST00172,2026-07-11,PROD0002:2:96.62|PROD0178:1:137.06|PROD0138:1:18.75|PROD0066:2:117.07,583.19,Mastercard,Delivered
ORD104722,CUST00363,2026-01-21,PROD0232:3:130.11,390.33,Store Credit,Out for Delivery
ORD104723,CUST00129,2025-09-08,PROD0293:3:26.46,79.38,Amex,Delivered
ORD104724,CUST00818,2025-10-25,PROD0079:2:107.7,215.4,Store Credit,Processing
ORD104725,CUST00520,2026-07-26,PROD0002:2:96.62,193.24,Apple Pay,Shipped
ORD104726,CUST00706,2025-10-21,PROD0267:5:85.78,428.9,PayPal,Shipped
ORD104727,CUST00335,2026-04-21,PROD0217:2:240.36|PROD0218:3:151.18|PROD0177:5:58.87,1228.61,Store Credit,Delivered
ORD104728,CUST00519,2026-04-22,PROD0275:2:91.6,183.2,Store Credit,Shipped
ORD104729,CUST01197,2025-12-02,PROD0207:2:26.58|PROD0217:1:240.36|PROD0225:5:129.56,941.32,Visa,Processing
ORD104730,CUST01165,2025-08-01,PROD0089:4:58.99,235.96,Mastercard,Processing
ORD104731,CUST00569,2026-03-07,PROD0042:1:241.7,241.7,PayPal,Delivered
ORD104732,CUST01044,2025-12-13,PROD0175:4:37.15,148.6,Apple Pay,Processing
ORD104733,CUST00460,2026-04-21,PROD0076:3:22.51,67.53,Amex,Delivered
ORD104734,CUST00935,2026-01-15,PROD0014:3:232.45|PROD0059:3:125.94,1075.17,Store Credit,Delivered
ORD104735,CUST00569,2025-09-03,PROD0228:3:11.51,34.53,Store Credit,Delivered
ORD104736,CUST00463,2026-01-20,PROD0251:4:9.74|PROD0063:4:122.4,528.56,Visa,Delivered
ORD104737,CUST00657,2026-05-14,PROD0131:3:11.48,34.44,Store Credit,Delivered
ORD104738,CUST00909,2026-03-06,PROD0274:5:126.5,632.5,Store Credit,Returned
ORD104739,CUST00247,2026-07-09,PROD0087:4:72.87,291.48,Apple Pay,Delivered
ORD104740,CUST00287,2026-06-17,PROD0185:4:34.57|PROD0072:2:70.01,278.3,PayPal,Delivered
ORD104741,CUST00701,2025-08-27,PROD0089:4:58.99,235.96,Visa,Processing
ORD104742,CUST00446,2026-02-12,PROD0111:5:31.83|PROD0173:5:42.3,370.65,PayPal,Delivered
ORD104743,CUST01170,2026-06-23,PROD0155:3:146.86,440.58,Mastercard,Delivered
ORD104744,CUST01183,2026-07-13,PROD0289:1:44.66,44.66,Store Credit,Delivered
ORD104745,CUST00940,2026-07-24,PROD0133:1:32.07,32.07,Store Credit,Delivered
ORD104746,CUST00822,2025-08-29,PROD0011:4:22.2,88.8,Store Credit,Delivered
ORD104747,CUST01146,2025-11-17,PROD0111:2:31.83|PROD0027:4:8.85|PROD0016:2:12.58|PROD0296:2:70.76,265.74,Mastercard,Shipped
ORD104748,CUST00869,2025-09-02,PROD0181:4:4.29,17.16,Visa,Cancelled
ORD104749,CUST00927,2026-04-07,PROD0063:4:122.4,489.6,PayPal,Delivered
ORD104750,CUST00692,2026-04-25,PROD0123:2:38.34|PROD0210:2:78.45|PROD0275:5:91.6,691.58,Mastercard,Shipped
ORD104751,CUST00012,2025-08-04,PROD0100:1:81.87,81.87,PayPal,Shipped
ORD104752,CUST01099,2025-11-13,PROD0099:2:133.23|PROD0050:5:15.03|PROD0280:1:218.73,560.34,Mastercard,Processing
ORD104753,CUST00178,2026-01-13,PROD0123:1:38.34|PROD0080:5:101.65,546.59,Apple Pay,Returned
ORD104754,CUST00161,2025-08-31,PROD0259:3:27.72|PROD0066:5:117.07|PROD0031:1:213.56,882.07,Visa,Delivered
ORD104755,CUST00167,2026-06-04,PROD0209:4:12.86|PROD0242:3:23.74|PROD0056:2:242.05|PROD0292:4:56.02,830.84,Apple Pay,Out for Delivery
ORD104756,CUST00565,2025-11-14,PROD0290:4:105.75|PROD0209:4:12.86,474.44,Visa,Delivered
ORD104757,CUST00147,2026-07-01,PROD0194:4:48.76,195.04,Amex,Delivered
ORD104758,CUST00463,2025-10-04,PROD0015:4:33.9,135.6,Store Credit,Delivered
ORD104759,CUST00749,2025-08-14,PROD0033:5:50.93,254.65,Amex,Delivered
ORD104760,CUST00355,2025-08-24,PROD0189:5:116.79,583.95,Store Credit,Out for Delivery
ORD104761,CUST00690,2026-05-29,PROD0068:2:30.3,60.6,PayPal,Delivered
ORD104762,CUST00446,2026-05-31,PROD0191:2:66.03,132.06,Store Credit,Delivered
ORD104763,CUST00821,2026-02-03,PROD0186:3:24.16|PROD0036:4:51.6|PROD0238:4:88.09,631.24,Mastercard,Returned
ORD104764,CUST01186,2026-04-25,PROD0150:3:90.15|PROD0221:1:21.66,292.11,Amex,Delivered
ORD104765,CUST00832,2026-01-24,PROD0202:1:14.1,14.1,PayPal,Delivered
ORD104766,CUST00271,2025-10-26,PROD0063:3:122.4|PROD0133:4:32.07,495.48,Mastercard,Cancelled
ORD104767,CUST00816,2025-11-18,PROD0298:2:12.54|PROD0255:2:175.96|PROD0036:4:51.6,583.4,Visa,Delivered
ORD104768,CUST00542,2026-04-14,PROD0274:5:126.5|PROD0025:4:16.49|PROD0042:1:241.7,940.16,PayPal,Delivered
ORD104769,CUST00070,2026-07-11,PROD0066:4:117.07,468.28,Mastercard,Processing
ORD104770,CUST00921,2026-06-27,PROD0263:3:22.13,66.39,PayPal,Delivered
ORD104771,CUST01141,2026-03-01,PROD0058:4:90.72|PROD0135:3:13.02|PROD0114:5:67.83,741.09,Mastercard,Shipped
ORD104772,CUST01048,2025-08-29,PROD0189:5:116.79|PROD0056:2:242.05|PROD0271:5:9.6,1116.05,PayPal,Delivered
ORD104773,CUST00518,2025-09-26,PROD0088:2:38.76|PROD0090:5:15.79|PROD0018:2:13.24|PROD0038:1:153.69,336.64,Apple Pay,Delivered
ORD104774,CUST00998,2025-10-27,PROD0126:2:82.81|PROD0124:2:57.05|PROD0077:1:34.86|PROD0290:1:105.75,420.33,Mastercard,Delivered
ORD104775,CUST00891,2025-10-08,PROD0049:4:79.17,316.68,Apple Pay,Returned
ORD104776,CUST00354,2026-06-06,PROD0087:5:72.87,364.35,Apple Pay,Delivered
ORD104777,CUST00272,2025-11-02,PROD0087:4:72.87,291.48,Store Credit,Processing
ORD104778,CUST00631,2025-10-22,PROD0252:2:79.63|PROD0083:5:12.63|PROD0170:5:12.14,283.11,PayPal,Delivered
ORD104779,CUST00788,2026-05-03,PROD0019:5:32.14,160.7,Amex,Delivered
ORD104780,CUST00519,2026-04-21,PROD0273:2:84.74,169.48,Store Credit,Returned
ORD104781,CUST00889,2026-05-11,PROD0140:2:235.93|PROD0061:2:25.67,523.2,PayPal,Delivered
ORD104782,CUST01131,2025-09-02,PROD0237:2:10.39|PROD0112:3:112.59,358.55,Amex,Shipped
ORD104783,CUST00790,2026-01-27,PROD0252:2:79.63,159.26,Store Credit,Shipped
ORD104784,CUST00715,2026-07-19,PROD0244:4:28.97,115.88,Apple Pay,Delivered
ORD104785,CUST00018,2026-07-26,PROD0223:4:26.93,107.72,Store Credit,Shipped
ORD104786,CUST01002,2025-08-13,PROD0248:1:78.55|PROD0098:2:87.67,253.89,Mastercard,Shipped
ORD104787,CUST00225,2025-08-30,PROD0026:2:54.92|PROD0291:5:12.15,170.59,Visa,Cancelled
ORD104788,CUST00008,2025-11-08,PROD0279:5:19.87|PROD0272:1:27.45|PROD0247:3:72.46,344.18,Amex,Delivered
ORD104789,CUST00161,2026-02-16,PROD0145:2:16.58,33.16,Apple Pay,Shipped
ORD104790,CUST01158,2025-09-13,PROD0155:2:146.86,293.72,Mastercard,Returned
ORD104791,CUST00035,2026-04-27,PROD0169:5:47.11|PROD0160:4:27.79|PROD0131:2:11.48,369.67,Mastercard,Delivered
ORD104792,CUST00239,2025-12-13,PROD0013:5:24.34,121.7,Visa,Delivered
ORD104793,CUST00790,2026-06-03,PROD0014:4:232.45,929.8,Visa,Delivered
ORD104794,CUST00628,2025-08-05,PROD0090:2:15.79,31.58,Amex,Delivered
ORD104795,CUST01111,2026-06-22,PROD0186:1:24.16,24.16,PayPal,Out for Delivery
ORD104796,CUST00319,2026-06-20,PROD0055:3:32.88|PROD0177:4:58.87,334.12,Apple Pay,Delivered
ORD104797,CUST00272,2025-11-02,PROD0102:4:10.54,42.16,Mastercard,Delivered
ORD104798,CUST01176,2026-01-09,PROD0078:3:167.27|PROD0185:3:34.57,605.52,Apple Pay,Processing
ORD104799,CUST01059,2026-01-09,PROD0198:2:74.76,149.52,Visa,Out for Delivery
ORD104800,CUST01028,2025-09-16,PROD0286:4:11.4|PROD0154:4:191.73|PROD0153:1:32.56,845.08,PayPal,Shipped
ORD104801,CUST00900,2026-07-30,PROD0283:3:33.8|PROD0267:2:85.78,272.96,Store Credit,Delivered
ORD104802,CUST00237,2026-01-10,PROD0016:3:12.58|PROD0127:2:12.52|PROD0058:5:90.72,516.38,Mastercard,Processing
ORD104803,CUST01059,2025-11-06,PROD0183:2:73.54,147.08,Apple Pay,Delivered
ORD104804,CUST00215,2025-08-31,PROD0095:2:26.42|PROD0211:1:15.2,68.04,PayPal,Cancelled
ORD104805,CUST00505,2025-09-21,PROD0232:2:130.11,260.22,Amex,Delivered
ORD104806,CUST00211,2025-09-29,PROD0276:1:75.04,75.04,PayPal,Processing
ORD104807,CUST00860,2025-10-19,PROD0280:4:218.73,874.92,Apple Pay,Delivered
ORD104808,CUST01072,2026-05-01,PROD0100:1:81.87|PROD0008:3:165.66|PROD0206:3:37.39,691.02,Visa,Delivered
ORD104809,CUST00905,2025-09-13,PROD0300:4:18.47|PROD0159:1:20.43|PROD0069:1:29.63,123.94,PayPal,Delivered
ORD104810,CUST00662,2026-03-28,PROD0286:3:11.4|PROD0034:5:6.64,67.4,Apple Pay,Delivered
ORD104811,CUST01164,2025-09-23,PROD0137:2:26.99,53.98,Amex,Delivered
ORD104812,CUST00873,2026-06-15,PROD0201:3:12.0|PROD0132:2:14.3,64.6,PayPal,Processing
ORD104813,CUST01048,2025-08-12,PROD0004:3:9.47|PROD0016:2:12.58|PROD0158:1:22.41,75.98,Mastercard,Shipped
ORD104814,CUST00853,2025-11-08,PROD0211:4:15.2|PROD0254:5:110.83,614.95,Amex,Delivered
ORD104815,CUST00806,2026-02-10,PROD0074:1:30.72,30.72,Store Credit,Delivered
ORD104816,CUST01155,2025-11-15,PROD0012:5:54.17|PROD0082:1:33.12,303.97,Mastercard,Delivered
ORD104817,CUST00620,2026-01-17,PROD0007:2:167.26|PROD0044:3:79.04,571.64,Mastercard,Out for Delivery
ORD104818,CUST00552,2025-10-29,PROD0063:1:122.4|PROD0232:2:130.11,382.62,Mastercard,Delivered
ORD104819,CUST00520,2026-02-07,PROD0277:5:30.38|PROD0214:1:21.47,173.37,Visa,Delivered
ORD104820,CUST00967,2026-06-19,PROD0127:4:12.52|PROD0261:3:78.93,286.87,PayPal,Shipped
ORD104821,CUST01030,2025-11-05,PROD0139:4:31.77|PROD0121:1:31.31|PROD0011:3:22.2|PROD0129:2:19.99,264.97,Apple Pay,Delivered
ORD104822,CUST00905,2026-03-04,PROD0046:3:33.24|PROD0041:2:26.94|PROD0077:3:34.86|PROD0271:4:9.6,296.58,Store Credit,Shipped
ORD104823,CUST00857,2025-10-10,PROD0099:4:133.23,532.92,PayPal,Delivered
ORD104824,CUST00578,2026-07-02,PROD0056:1:242.05,242.05,Amex,Delivered
ORD104825,CUST01029,2026-06-29,PROD0025:4:16.49|PROD0243:5:47.44,303.16,Mastercard,Delivered
ORD104826,CUST01158,2026-01-26,PROD0027:4:8.85,35.4,Amex,Delivered
ORD104827,CUST00077,2026-03-03,PROD0250:2:8.48|PROD0053:5:30.53,169.61,Apple Pay,Delivered
ORD104828,CUST00354,2025-08-27,PROD0158:4:22.41|PROD0289:3:44.66|PROD0151:2:13.08,249.78,Mastercard,Delivered
ORD104829,CUST00355,2026-02-16,PROD0087:4:72.87|PROD0290:2:105.75,502.98,Store Credit,Delivered
ORD104830,CUST00547,2026-05-30,PROD0187:1:21.11|PROD0029:3:81.59|PROD0181:3:4.29|PROD0116:2:9.23,297.21,Visa,Processing
ORD104831,CUST00532,2026-03-26,PROD0029:4:81.59,326.36,Apple Pay,Delivered
ORD104832,CUST00911,2025-12-23,PROD0126:2:82.81,165.62,PayPal,Shipped
ORD104833,CUST00161,2026-04-22,PROD0263:2:22.13,44.26,Store Credit,Out for Delivery
ORD104834,CUST00822,2026-02-16,PROD0200:2:39.66,79.32,Apple Pay,Shipped
ORD104835,CUST00438,2025-09-16,PROD0182:1:235.58,235.58,Visa,Delivered
ORD104836,CUST00425,2025-09-13,PROD0250:3:8.48,25.44,Visa,Delivered
ORD104837,CUST01164,2026-04-10,PROD0294:2:28.58|PROD0028:5:89.71|PROD0030:5:27.16|PROD0045:3:17.66,694.49,Apple Pay,Shipped
ORD104838,CUST00700,2025-08-27,PROD0298:4:12.54|PROD0151:4:13.08,102.48,Visa,Shipped
ORD104839,CUST00562,2026-04-24,PROD0127:3:12.52,37.56,Store Credit,Returned
ORD104840,CUST00677,2025-11-25,PROD0069:1:29.63,29.63,Apple Pay,Delivered
ORD104841,CUST00463,2026-05-26,PROD0131:2:11.48|PROD0013:4:24.34,120.32,Apple Pay,Out for Delivery
ORD104842,CUST01144,2026-06-21,PROD0096:4:50.63,202.52,Visa,Delivered
ORD104843,CUST00891,2026-01-15,PROD0165:2:38.86,77.72,Store Credit,Delivered
ORD104844,CUST01072,2026-03-23,PROD0204:1:171.38,171.38,PayPal,Returned
ORD104845,CUST01070,2026-01-16,PROD0070:1:207.26,207.26,Mastercard,Processing
ORD104846,CUST00221,2026-05-30,PROD0292:5:56.02|PROD0151:5:13.08,345.5,Apple Pay,Delivered
ORD104847,CUST01180,2025-11-23,PROD0196:3:161.82|PROD0231:1:10.76,496.22,PayPal,Shipped
ORD104848,CUST00367,2026-05-24,PROD0252:1:79.63,79.63,Store Credit,Delivered
ORD104849,CUST00790,2026-04-01,PROD0268:4:34.77|PROD0252:4:79.63,457.6,Mastercard,Shipped
ORD104850,CUST00632,2026-02-07,PROD0126:4:82.81|PROD0146:4:25.49,433.2,Visa,Delivered
ORD104851,CUST00267,2025-09-30,PROD0045:5:17.66|PROD0091:1:94.44,182.74,Store Credit,Returned
ORD104852,CUST00530,2026-04-12,PROD0172:3:30.66,91.98,Mastercard,Shipped
ORD104853,CUST00284,2026-03-01,PROD0010:3:98.26|PROD0238:1:88.09,382.87,Store Credit,Out for Delivery
ORD104854,CUST00206,2026-03-22,PROD0102:4:10.54|PROD0272:5:27.45|PROD0066:5:117.07|PROD0260:5:135.73,1443.41,Apple Pay,Out for Delivery
ORD104855,CUST00692,2025-09-17,PROD0087:5:72.87,364.35,Apple Pay,Delivered
ORD104856,CUST00551,2025-11-20,PROD0150:3:90.15,270.45,Apple Pay,Processing
ORD104857,CUST00126,2025-11-12,PROD0259:2:27.72,55.44,Store Credit,Delivered
ORD104858,CUST01032,2026-06-09,PROD0040:1:6.69,6.69,Store Credit,Delivered
ORD104859,CUST00970,2026-04-03,PROD0122:5:113.13,565.65,Visa,Out for Delivery
ORD104860,CUST00870,2026-05-24,PROD0236:1:37.87,37.87,Mastercard,Delivered
ORD104861,CUST00374,2026-02-25,PROD0102:1:10.54,10.54,PayPal,Delivered
ORD104862,CUST00559,2026-02-05,PROD0206:5:37.39|PROD0214:2:21.47,229.89,Apple Pay,Delivered
ORD104863,CUST00715,2026-02-06,PROD0112:2:112.59|PROD0022:2:55.37,335.92,Visa,Delivered
ORD104864,CUST00642,2026-01-13,PROD0285:3:33.77,101.31,Visa,Out for Delivery
ORD104865,CUST00508,2026-03-07,PROD0077:2:34.86,69.72,Visa,Out for Delivery
ORD104866,CUST01183,2026-03-24,PROD0054:2:55.49,110.98,Mastercard,Delivered
ORD104867,CUST01026,2025-09-26,PROD0174:1:22.41,22.41,PayPal,Delivered
ORD104868,CUST00409,2026-01-08,PROD0159:2:20.43,40.86,Visa,Cancelled
ORD104869,CUST01017,2025-11-04,PROD0288:2:79.59|PROD0184:3:76.1|PROD0279:2:19.87,427.22,Mastercard,Delivered
ORD104870,CUST00636,2026-02-12,PROD0295:1:56.15,56.15,Visa,Delivered
ORD104871,CUST01058,2026-04-19,PROD0027:4:8.85|PROD0269:2:144.62|PROD0275:3:91.6|PROD0021:4:148.05,1191.64,Store Credit,Processing
ORD104872,CUST00745,2026-06-01,PROD0023:3:18.55,55.65,Mastercard,Delivered
ORD104873,CUST00286,2025-12-22,PROD0206:5:37.39,186.95,Apple Pay,Delivered
ORD104874,CUST00876,2025-08-16,PROD0028:2:89.71|PROD0033:1:50.93|PROD0087:2:72.87,376.09,Amex,Delivered
ORD104875,CUST01183,2026-07-20,PROD0210:1:78.45|PROD0293:2:26.46|PROD0260:2:135.73,402.83,Visa,Delivered
ORD104876,CUST00562,2025-10-30,PROD0055:3:32.88|PROD0156:4:41.63|PROD0041:1:26.94,292.1,Amex,Shipped
ORD104877,CUST00768,2026-05-29,PROD0208:1:29.11|PROD0062:1:20.08,49.19,Amex,Out for Delivery
ORD104878,CUST01048,2026-01-23,PROD0119:4:234.85,939.4,Visa,Returned
ORD104879,CUST00743,2025-10-24,PROD0190:5:68.53,342.65,Mastercard,Shipped
ORD104880,CUST00575,2025-09-03,PROD0266:4:101.77,407.08,Visa,Shipped
ORD104881,CUST01147,2026-05-31,PROD0188:3:10.76,32.28,Amex,Shipped
ORD104882,CUST00374,2026-02-06,PROD0172:2:30.66|PROD0005:2:41.87|PROD0025:1:16.49,161.55,Apple Pay,Shipped
ORD104883,CUST00682,2025-09-08,PROD0071:3:156.65|PROD0263:5:22.13,580.6,Visa,Delivered
ORD104884,CUST00336,2025-10-15,PROD0009:1:31.16|PROD0055:1:32.88|PROD0101:1:170.06,234.1,PayPal,Delivered
ORD104885,CUST00042,2026-02-22,PROD0142:5:68.42,342.1,Amex,Delivered
ORD104886,CUST00816,2025-11-05,PROD0206:3:37.39|PROD0017:4:145.85,695.57,Amex,Shipped
ORD104887,CUST00076,2025-09-01,PROD0008:4:165.66|PROD0211:1:15.2,677.84,Apple Pay,Shipped
ORD104888,CUST00184,2026-01-19,PROD0285:4:33.77,135.08,Amex,Delivered
ORD104889,CUST00288,2026-05-12,PROD0073:3:197.85|PROD0265:1:21.16,614.71,Amex,Returned
ORD104890,CUST00790,2026-01-16,PROD0138:1:18.75|PROD0057:5:37.8|PROD0221:5:21.66|PROD0125:2:19.13,354.31,PayPal,Cancelled
ORD104891,CUST00079,2025-07-30,PROD0290:2:105.75,211.5,Mastercard,Delivered
ORD104892,CUST00991,2026-07-30,PROD0147:1:129.73|PROD0258:4:29.27,246.81,Store Credit,Shipped
ORD104893,CUST00482,2026-04-03,PROD0262:1:174.58,174.58,Apple Pay,Processing
ORD104894,CUST00569,2025-10-07,PROD0012:5:54.17,270.85,Amex,Shipped
ORD104895,CUST01004,2025-08-30,PROD0014:4:232.45,929.8,PayPal,Delivered
ORD104896,CUST00670,2026-03-26,PROD0194:3:48.76|PROD0247:5:72.46|PROD0004:5:9.47|PROD0095:1:26.42,582.35,PayPal,Delayed
ORD104897,CUST01013,2026-04-29,PROD0037:3:94.05|PROD0031:2:213.56,709.27,Amex,Shipped
ORD104898,CUST01165,2026-01-08,PROD0194:4:48.76,195.04,Store Credit,Shipped
ORD104899,CUST00662,2026-02-09,PROD0048:3:19.97|PROD0045:2:17.66,95.23,Apple Pay,Delivered
ORD104900,CUST00647,2026-03-07,PROD0229:5:30.85|PROD0211:4:15.2,215.05,Store Credit,Shipped
ORD104901,CUST00070,2025-12-01,PROD0218:3:151.18,453.54,Amex,Out for Delivery
ORD104902,CUST00728,2025-09-19,PROD0183:4:73.54,294.16,PayPal,Processing
ORD104903,CUST00768,2025-11-20,PROD0242:5:23.74,118.7,Visa,Delivered
ORD104904,CUST00529,2026-06-12,PROD0119:2:234.85,469.7,Mastercard,Delivered
ORD104905,CUST00118,2025-08-25,PROD0231:1:10.76,10.76,Mastercard,Delivered
ORD104906,CUST00799,2026-06-27,PROD0161:2:19.26|PROD0246:3:61.05,221.67,Amex,Cancelled
ORD104907,CUST00931,2026-05-16,PROD0198:4:74.76,299.04,Apple Pay,Delivered
ORD104908,CUST00382,2026-02-22,PROD0288:3:79.59|PROD0113:5:29.87,388.12,Store Credit,Delivered
ORD104909,CUST00818,2026-04-16,PROD0217:5:240.36,1201.8,Mastercard,Delivered
ORD104910,CUST01065,2026-06-18,PROD0047:1:58.31,58.31,Store Credit,Shipped
ORD104911,CUST00652,2025-09-27,PROD0040:1:6.69,6.69,PayPal,Returned
ORD104912,CUST00351,2025-10-22,PROD0101:4:170.06,680.24,Store Credit,Processing
ORD104913,CUST01120,2025-12-17,PROD0198:3:74.76|PROD0025:2:16.49,257.26,Apple Pay,Returned
ORD104914,CUST01070,2025-11-05,PROD0257:3:46.24|PROD0192:5:129.12|PROD0047:4:58.31,1017.56,Visa,Shipped
ORD104915,CUST00650,2026-06-20,PROD0004:4:9.47,37.88,PayPal,Cancelled
ORD104916,CUST00200,2025-12-07,PROD0266:1:101.77,101.77,Apple Pay,Returned
ORD104917,CUST00749,2025-11-01,PROD0216:2:7.93,15.86,PayPal,Delivered
ORD104918,CUST00701,2026-01-15,PROD0183:5:73.54|PROD0196:3:161.82,853.16,Visa,Delivered
ORD104919,CUST00210,2025-12-10,PROD0049:5:79.17,395.85,PayPal,Delivered
ORD104920,CUST00494,2026-07-28,PROD0115:1:182.29,182.29,Amex,Shipped
ORD104921,CUST00356,2026-03-16,PROD0247:4:72.46,289.84,PayPal,Shipped
ORD104922,CUST01118,2026-03-29,PROD0074:5:30.72|PROD0232:5:130.11|PROD0058:2:90.72,985.59,Amex,Delivered
ORD104923,CUST01115,2026-01-22,PROD0231:3:10.76|PROD0204:3:171.38|PROD0036:2:51.6|PROD0124:2:57.05,763.72,Mastercard,Delivered
ORD104924,CUST00432,2025-08-13,PROD0089:5:58.99,294.95,Amex,Delivered
ORD104925,CUST00958,2026-05-31,PROD0114:1:67.83|PROD0059:5:125.94,697.53,PayPal,Shipped
ORD104926,CUST00350,2026-02-18,PROD0011:1:22.2|PROD0198:3:74.76,246.48,Mastercard,Delivered
ORD104927,CUST00767,2026-04-11,PROD0002:2:96.62|PROD0221:2:21.66|PROD0127:5:12.52|PROD0212:5:40.49,501.61,Mastercard,Cancelled
ORD104928,CUST00115,2025-12-02,PROD0164:2:106.62,213.24,Mastercard,Delivered
ORD104929,CUST00439,2026-04-24,PROD0142:4:68.42,273.68,Mastercard,Processing
ORD104930,CUST00091,2025-12-14,PROD0096:4:50.63|PROD0158:5:22.41|PROD0173:4:42.3,483.77,Mastercard,Delivered
ORD104931,CUST00822,2026-06-24,PROD0082:5:33.12|PROD0114:1:67.83,233.43,Mastercard,Delivered
ORD104932,CUST00714,2025-09-11,PROD0172:3:30.66|PROD0063:3:122.4,459.18,PayPal,Delivered
ORD104933,CUST00900,2026-03-26,PROD0286:4:11.4|PROD0249:3:9.97,75.51,Apple Pay,Returned
ORD104934,CUST01149,2025-08-17,PROD0070:1:207.26,207.26,Mastercard,Delivered
ORD104935,CUST00940,2025-08-23,PROD0144:3:37.09|PROD0181:2:4.29,119.85,PayPal,Delivered
ORD104936,CUST01155,2025-10-05,PROD0283:1:33.8|PROD0099:2:133.23|PROD0229:1:30.85|PROD0088:2:38.76,408.63,Mastercard,Out for Delivery
ORD104937,CUST01048,2025-12-16,PROD0154:3:191.73,575.19,Mastercard,Delivered
ORD104938,CUST01172,2025-12-01,PROD0240:4:55.35,221.4,Visa,Delivered
ORD104939,CUST00299,2026-06-21,PROD0078:3:167.27|PROD0173:5:42.3,713.31,Store Credit,Shipped
ORD104940,CUST00386,2026-05-08,PROD0296:3:70.76,212.28,Mastercard,Returned
ORD104941,CUST00170,2026-06-06,PROD0202:2:14.1|PROD0289:1:44.66,72.86,Apple Pay,Shipped
ORD104942,CUST00818,2026-07-23,PROD0171:4:115.91,463.64,Visa,Out for Delivery
ORD104943,CUST00821,2025-11-28,PROD0298:1:12.54|PROD0209:2:12.86,38.26,Mastercard,Delivered
ORD104944,CUST00592,2026-07-17,PROD0224:3:131.68,395.04,Store Credit,Out for Delivery
ORD104945,CUST00720,2025-12-16,PROD0043:5:53.62|PROD0170:4:12.14,316.66,Store Credit,Delivered
ORD104946,CUST00675,2025-09-02,PROD0191:5:66.03|PROD0288:4:79.59,648.51,Store Credit,Returned
ORD104947,CUST00499,2026-04-24,PROD0289:1:44.66,44.66,PayPal,Processing
ORD104948,CUST01155,2025-08-14,PROD0259:4:27.72,110.88,Store Credit,Returned
ORD104949,CUST00296,2025-10-20,PROD0008:5:165.66,828.3,Mastercard,Processing
ORD104950,CUST00017,2026-04-11,PROD0231:5:10.76,53.8,Amex,Delivered
ORD104951,CUST00022,2026-06-21,PROD0120:4:80.47,321.88,Store Credit,Delivered
ORD104952,CUST00931,2025-10-09,PROD0118:5:5.27|PROD0254:5:110.83|PROD0190:4:68.53,854.62,Mastercard,Out for Delivery
ORD104953,CUST00760,2025-08-07,PROD0165:3:38.86|PROD0241:5:95.92,596.18,Store Credit,Processing
ORD104954,CUST00958,2025-11-07,PROD0084:1:98.15|PROD0292:5:56.02,378.25,Apple Pay,Shipped
ORD104955,CUST00818,2025-12-05,PROD0184:2:76.1,152.2,Visa,Shipped
ORD104956,CUST00334,2026-05-04,PROD0001:3:121.73,365.19,Mastercard,Delivered
ORD104957,CUST00520,2026-04-13,PROD0198:2:74.76,149.52,Amex,Processing
ORD104958,CUST00206,2026-07-18,PROD0158:5:22.41,112.05,PayPal,Delivered
ORD104959,CUST00237,2026-01-08,PROD0142:1:68.42|PROD0157:3:160.75,550.67,Apple Pay,Delivered
ORD104960,CUST00068,2025-10-16,PROD0053:1:30.53,30.53,Mastercard,Delivered
ORD104961,CUST00438,2026-01-06,PROD0086:1:41.13,41.13,Store Credit,Delivered
ORD104962,CUST00735,2026-07-20,PROD0021:2:148.05,296.1,Visa,Processing
ORD104963,CUST00777,2025-10-03,PROD0298:4:12.54|PROD0252:1:79.63,129.79,Mastercard,Delivered
ORD104964,CUST00186,2026-07-07,PROD0299:3:56.12|PROD0180:1:13.81|PROD0076:1:22.51|PROD0176:2:106.09,416.86,Visa,Delivered
ORD104965,CUST00565,2026-04-14,PROD0233:4:82.05|PROD0080:5:101.65,836.45,Visa,Shipped
ORD104966,CUST00673,2025-11-01,PROD0115:1:182.29,182.29,Mastercard,Shipped
ORD104967,CUST00381,2026-06-21,PROD0164:1:106.62,106.62,Mastercard,Delivered
ORD104968,CUST00670,2026-01-23,PROD0058:2:90.72|PROD0212:1:40.49|PROD0275:3:91.6|PROD0101:2:170.06,836.85,Apple Pay,Delivered
ORD104969,CUST01148,2026-01-12,PROD0143:1:209.56,209.56,Amex,Delivered
ORD104970,CUST00680,2026-04-26,PROD0082:4:33.12|PROD0016:5:12.58,195.38,Apple Pay,Delayed
ORD104971,CUST00396,2025-11-06,PROD0268:3:34.77,104.31,Store Credit,Delivered
ORD104972,CUST00053,2025-09-24,PROD0087:4:72.87,291.48,PayPal,Processing
ORD104973,CUST00398,2026-05-17,PROD0165:1:38.86|PROD0081:4:27.98|PROD0040:4:6.69,177.54,Store Credit,Cancelled
ORD104974,CUST00024,2025-10-23,PROD0029:3:81.59,244.77,Mastercard,Returned
ORD104975,CUST00252,2026-02-07,PROD0012:2:54.17,108.34,Amex,Processing
ORD104976,CUST00384,2026-06-15,PROD0029:5:81.59|PROD0240:2:55.35,518.65,Visa,Delivered
ORD104977,CUST00628,2025-08-22,PROD0174:2:22.41|PROD0299:1:56.12,100.94,Apple Pay,Shipped
ORD104978,CUST00558,2025-09-14,PROD0061:4:25.67|PROD0263:2:22.13,146.94,Mastercard,Delivered
ORD104979,CUST00389,2026-03-08,PROD0060:5:25.69|PROD0059:3:125.94|PROD0186:3:24.16|PROD0195:3:16.36,627.83,Apple Pay,Cancelled
ORD104980,CUST00267,2026-03-21,PROD0280:3:218.73|PROD0284:3:36.34,765.21,Mastercard,Delivered
ORD104981,CUST00547,2025-12-13,PROD0089:2:58.99,117.98,Store Credit,Delivered
ORD104982,CUST00572,2025-09-17,PROD0285:1:33.77|PROD0220:2:35.61,104.99,Store Credit,Delivered
ORD104983,CUST00976,2026-06-20,PROD0067:4:11.15,44.6,PayPal,Delivered
ORD104984,CUST00839,2026-04-16,PROD0199:2:192.45|PROD0175:1:37.15|PROD0005:2:41.87|PROD0025:2:16.49,538.77,Amex,Delivered
ORD104985,CUST01164,2025-09-25,PROD0108:2:128.9,257.8,Store Credit,Processing
ORD104986,CUST00107,2025-10-13,PROD0173:5:42.3,211.5,Mastercard,Delivered
ORD104987,CUST00439,2026-05-04,PROD0172:4:30.66|PROD0022:5:55.37,399.49,Mastercard,Delivered
ORD104988,CUST01049,2025-08-24,PROD0281:5:37.35,186.75,Apple Pay,Delivered
ORD104989,CUST00670,2025-11-04,PROD0142:5:68.42,342.1,Visa,Returned
ORD104990,CUST00605,2025-07-31,PROD0058:2:90.72|PROD0025:2:16.49,214.42,Mastercard,Delivered
ORD104991,CUST00288,2025-09-09,PROD0130:3:30.13|PROD0088:5:38.76|PROD0111:2:31.83,347.85,PayPal,Delivered
ORD104992,CUST00494,2025-09-22,PROD0143:2:209.56,419.12,Visa,Delivered
ORD104993,CUST00639,2025-08-28,PROD0126:3:82.81,248.43,Apple Pay,Delivered
ORD104994,CUST00446,2025-12-12,PROD0065:2:99.72|PROD0282:4:114.39,657.0,Amex,Processing
ORD104995,CUST00588,2025-09-09,PROD0265:3:21.16,63.48,PayPal,Delayed
ORD104996,CUST00092,2025-11-21,PROD0283:1:33.8|PROD0291:1:12.15|PROD0124:4:57.05,274.15,Mastercard,Delivered
ORD104997,CUST00041,2026-03-16,PROD0273:5:84.74,423.7,Mastercard,Delayed
ORD104998,CUST00007,2026-01-08,PROD0017:1:145.85,145.85,PayPal,Returned
ORD104999,CUST00045,2026-07-02,PROD0075:4:42.82|PROD0227:5:148.49|PROD0201:5:12.0,973.73,Store Credit,Delivered
ORD105000,CUST00462,2025-10-03,PROD0014:1:232.45,232.45,Amex,Shipped
