order_id,carrier,tracking_number,shipped_date,estimated_delivery,current_status,last_location
ORD100001,UPS,UP4792261745,2025-09-16,2025-09-18,Delivered,"Raleigh, NC"
ORD100002,DHL,UP2480526205,2025-11-02,2025-11-09,Delivered,"Austin, TX"
ORD100005,USPS,US9596770204,2026-04-30,2026-05-05,Delivered,"Phoenix, AZ"
ORD100006,UPS,DH5942423191,2025-09-08,2025-09-15,Delivered,"Boston, MA"
ORD100007,FedEx,US8999232625,2026-04-05,2026-04-08,Delivered,"Portland, OR"
ORD100008,DHL,DH4312964517,2025-10-21,2025-10-30,Delivered,"Raleigh, NC"
ORD100009,USPS,FE4373674167,2026-06-22,2026-06-29,Delivered,"Nashville, TN"
ORD100010,FedEx,DH2209952243,2026-02-14,2026-02-23,Delivered,"Boston, MA"
ORD100011,USPS,UP6554422145,2026-03-24,2026-03-26,Delivered,"Miami, FL"
ORD100012,UPS,FE3297743956,2026-01-13,2026-01-21,Delivered,"Chicago, IL"
ORD100013,DHL,FE5623687550,2026-06-22,2026-06-27,Returned to Sender,"Salt Lake City, UT"
ORD100014,DHL,FE4408678433,2026-06-08,2026-06-11,Delivered,"Nashville, TN"
ORD100015,UPS,US9786395766,2026-06-11,2026-06-19,Delivered,"Atlanta, GA"
ORD100016,USPS,DH2366484208,2026-07-15,2026-07-19,Delivered,"Atlanta, GA"
ORD100017,DHL,US7620511373,2026-07-31,2026-08-09,Delivered,"Columbus, OH"
ORD100018,UPS,DH6393158644,2025-08-07,2025-08-16,Delayed - carrier exception,"Chicago, IL"
ORD100019,UPS,UP7976165649,2026-05-20,2026-05-29,Delivered,"Austin, TX"
ORD100020,FedEx,FE2699732017,2025-08-11,2025-08-19,Delivered,"Columbus, OH"
ORD100021,USPS,US8604238207,2026-05-19,2026-05-27,In Transit,"Salt Lake City, UT"
ORD100023,DHL,UP3733389690,2025-10-20,2025-10-28,Out for Delivery,"Boston, MA"
ORD100024,FedEx,US9687514170,2026-06-08,2026-06-17,Delivered,"Raleigh, NC"
ORD100025,UPS,UP6153038644,2026-07-01,2026-07-08,Delayed - carrier exception,"San Diego, CA"
ORD100026,UPS,DH1684044771,2025-08-16,2025-08-21,Delivered,"Minneapolis, MN"
ORD100027,FedEx,DH4118282638,2025-08-04,2025-08-07,Delivered,"San Diego, CA"
ORD100028,USPS,FE4100941554,2025-08-20,2025-08-24,Delivered,"Nashville, TN"
ORD100029,DHL,UP8546174134,2026-01-21,2026-01-24,Delivered,"Portland, OR"
ORD100030,USPS,FE6545740371,2026-03-15,2026-03-19,In Transit,"Seattle, WA"
ORD100032,DHL,DH6902842342,2025-12-28,2026-01-04,Delivered,"San Diego, CA"
ORD100033,UPS,US1886606929,2026-06-27,2026-06-30,Delivered,"Phoenix, AZ"
ORD100035,FedEx,FE3246047970,2025-11-24,2025-11-30,Returned to Sender,"Miami, FL"
ORD100036,UPS,FE2300347998,2025-11-02,2025-11-08,Delivered,"Denver, CO"
ORD100038,DHL,US3445250621,2025-09-06,2025-09-11,Delivered,"Columbus, OH"
ORD100040,UPS,US2889973756,2026-06-04,2026-06-10,In Transit,"Atlanta, GA"
ORD100041,USPS,FE7198489640,2026-04-06,2026-04-14,Delivered,"Raleigh, NC"
ORD100042,DHL,FE8235930367,2025-11-02,2025-11-09,Delivered,"Minneapolis, MN"
ORD100044,USPS,DH6617889740,2026-01-15,2026-01-22,Delivered,"Nashville, TN"
ORD100045,USPS,FE1868498641,2026-03-03,2026-03-07,Returned to Sender,"Portland, OR"
ORD100046,USPS,FE1319661174,2025-12-28,2026-01-06,In Transit,"Nashville, TN"
ORD100047,USPS,DH9261825255,2026-04-02,2026-04-09,Delivered,"Atlanta, GA"
ORD100049,FedEx,UP8960435535,2026-05-15,2026-05-21,In Transit,"San Diego, CA"
ORD100050,FedEx,UP7059249464,2025-11-17,2025-11-23,Delivered,"Atlanta, GA"
ORD100051,USPS,FE4154369191,2025-08-25,2025-09-03,Returned to Sender,"Atlanta, GA"
ORD100052,FedEx,DH8807201590,2025-09-28,2025-10-03,In Transit,"Minneapolis, MN"
ORD100053,FedEx,DH7763447547,2025-10-18,2025-10-26,Delivered,"Salt Lake City, UT"
ORD100054,DHL,UP1655432544,2026-02-15,2026-02-22,Delivered,"Miami, FL"
ORD100055,USPS,US4987728980,2026-01-04,2026-01-11,In Transit,"Denver, CO"
ORD100056,DHL,FE2611102142,2026-01-03,2026-01-05,Returned to Sender,"Seattle, WA"
ORD100057,UPS,FE1900388247,2025-11-15,2025-11-18,Delivered,"Denver, CO"
ORD100059,FedEx,DH9057108760,2025-09-27,2025-10-03,Returned to Sender,"Chicago, IL"
ORD100060,FedEx,FE6553755986,2026-06-27,2026-07-06,Delivered,"Minneapolis, MN"
ORD100061,FedEx,UP5423730967,2025-10-21,2025-10-25,Returned to Sender,"Phoenix, AZ"
ORD100062,DHL,FE2750861922,2026-06-17,2026-06-19,Delivered,"Salt Lake City, UT"
ORD100063,FedEx,DH2891571587,2026-06-02,2026-06-10,Delivered,"Denver, CO"
ORD100064,DHL,UP1540448538,2026-01-07,2026-01-10,Delivered,"Portland, OR"
ORD100066,UPS,US7107533494,2025-12-07,2025-12-13,Delivered,"Minneapolis, MN"
ORD100067,DHL,US9640239444,2025-08-17,2025-08-22,Delivered,"Seattle, WA"
ORD100068,DHL,FE8494547983,2026-01-24,2026-01-30,Delivered,"Miami, FL"
ORD100069,FedEx,US2128989501,2026-01-21,2026-01-30,Delivered,"Raleigh, NC"
ORD100070,USPS,UP9045791189,2026-06-24,2026-06-27,Delivered,"Miami, FL"
ORD100072,UPS,US1681825187,2026-04-27,2026-05-02,Delivered,"San Diego, CA"
ORD100073,DHL,DH7305029814,2026-06-21,2026-06-29,Delivered,"Salt Lake City, UT"
ORD100074,DHL,UP5912547369,2025-08-02,2025-08-05,Delivered,"Austin, TX"
ORD100075,UPS,DH1652174484,2026-02-16,2026-02-21,Delivered,"Atlanta, GA"
ORD100076,DHL,US4531495494,2025-12-21,2025-12-30,In Transit,"Chicago, IL"
ORD100077,DHL,DH3512463846,2026-03-21,2026-03-27,Returned to Sender,"Denver, CO"
ORD100078,DHL,DH2811076569,2025-12-29,2026-01-05,Returned to Sender,"Chicago, IL"
ORD100079,DHL,UP7810890924,2025-12-21,2025-12-24,Returned to Sender,"San Diego, CA"
ORD100080,FedEx,FE3472292817,2026-07-07,2026-07-15,In Transit,"Austin, TX"
ORD100082,USPS,DH4444113865,2026-03-13,2026-03-20,Delivered,"Denver, CO"
ORD100083,UPS,UP8079338369,2026-02-01,2026-02-07,Delivered,"Minneapolis, MN"
ORD100084,DHL,US7965576778,2025-10-27,2025-10-30,Delivered,"Raleigh, NC"
ORD100085,USPS,FE1478805564,2026-02-12,2026-02-16,Delivered,"Seattle, WA"
ORD100086,FedEx,FE8143347427,2026-04-18,2026-04-21,Delivered,"Chicago, IL"
ORD100088,USPS,FE3123830957,2026-06-12,2026-06-16,Delayed - carrier exception,"Raleigh, NC"
ORD100089,UPS,DH8738351331,2025-12-04,2025-12-13,Returned to Sender,"Boston, MA"
ORD100090,UPS,FE2346406906,2025-11-29,2025-12-04,Returned to Sender,"Minneapolis, MN"
ORD100091,DHL,FE1735904793,2026-01-26,2026-02-04,In Transit,"Portland, OR"
ORD100093,USPS,US2748661598,2025-09-04,2025-09-13,Returned to Sender,"Atlanta, GA"
ORD100095,DHL,DH8286047197,2025-11-01,2025-11-09,Returned to Sender,"Minneapolis, MN"
ORD100097,FedEx,US3603434915,2025-12-11,2025-12-18,Returned to Sender,"Portland, OR"
ORD100098,DHL,US7714600261,2026-07-15,2026-07-17,Returned to Sender,"Phoenix, AZ"
ORD100099,USPS,UP9123659061,2025-11-06,2025-11-10,Returned to Sender,"Columbus, OH"
ORD100100,USPS,FE3226892666,2026-04-16,2026-04-22,In Transit,"Salt Lake City, UT"
ORD100102,USPS,FE9251167540,2026-01-20,2026-01-28,Returned to Sender,"Austin, TX"
ORD100103,UPS,US2375748554,2026-04-25,2026-05-03,In Transit,"Minneapolis, MN"
ORD100104,DHL,US4001759769,2025-12-28,2026-01-05,Delivered,"Atlanta, GA"
ORD100105,FedEx,DH4002968632,2025-11-05,2025-11-10,Delivered,"Phoenix, AZ"
ORD100106,USPS,FE4884350399,2026-03-22,2026-03-25,Delivered,"Salt Lake City, UT"
ORD100107,USPS,UP9219434313,2026-01-17,2026-01-25,Delivered,"Raleigh, NC"
ORD100108,DHL,UP1957668578,2026-03-01,2026-03-03,Delivered,"San Diego, CA"
ORD100109,USPS,US2123130491,2025-10-22,2025-10-30,Returned to Sender,"Atlanta, GA"
ORD100110,FedEx,FE6333283561,2025-11-11,2025-11-19,Delivered,"Seattle, WA"
ORD100112,DHL,UP9361533765,2025-08-24,2025-08-26,Delivered,"Boston, MA"
ORD100113,UPS,UP2363882153,2025-11-04,2025-11-10,Delivered,"Miami, FL"
ORD100115,DHL,FE4680799911,2025-08-21,2025-08-23,Delivered,"Nashville, TN"
ORD100116,DHL,DH6368890859,2026-05-16,2026-05-22,Returned to Sender,"Raleigh, NC"
ORD100117,UPS,US4178299775,2026-04-02,2026-04-10,Delivered,"Atlanta, GA"
ORD100118,DHL,DH9090093992,2025-10-12,2025-10-19,Delayed - carrier exception,"Chicago, IL"
ORD100119,USPS,DH7048207695,2026-03-15,2026-03-20,Delivered,"Nashville, TN"
ORD100120,UPS,UP4822197299,2026-02-19,2026-02-27,Out for Delivery,"Austin, TX"
ORD100121,UPS,DH4439567874,2026-04-23,2026-04-27,Out for Delivery,"Atlanta, GA"
ORD100122,FedEx,FE1368293703,2026-03-29,2026-03-31,Delivered,"Raleigh, NC"
ORD100123,USPS,FE9200147452,2025-08-27,2025-08-31,Returned to Sender,"Chicago, IL"
ORD100124,DHL,FE7950497861,2026-03-16,2026-03-20,Delivered,"Seattle, WA"
ORD100125,FedEx,UP9075534103,2026-06-17,2026-06-26,Returned to Sender,"Denver, CO"
ORD100126,USPS,FE9102415894,2025-10-27,2025-11-03,Delivered,"Salt Lake City, UT"
ORD100127,FedEx,US8728010542,2026-06-15,2026-06-22,Delivered,"Atlanta, GA"
ORD100128,FedEx,DH1716752400,2026-05-31,2026-06-06,Delayed - carrier exception,"Miami, FL"
ORD100129,FedEx,US3367704310,2026-01-05,2026-01-14,Delivered,"Raleigh, NC"
ORD100130,FedEx,US8287941438,2026-06-16,2026-06-24,Delivered,"Boston, MA"
ORD100131,DHL,FE9217740012,2026-04-20,2026-04-26,In Transit,"Denver, CO"
ORD100132,FedEx,US3651973404,2025-08-11,2025-08-14,Delivered,"Austin, TX"
ORD100133,FedEx,FE5311464848,2026-03-23,2026-03-26,Delivered,"Seattle, WA"
ORD100134,UPS,DH6094109884,2025-11-15,2025-11-24,Delivered,"Nashville, TN"
ORD100135,UPS,FE1325471606,2026-05-31,2026-06-04,Delivered,"Salt Lake City, UT"
ORD100136,USPS,US4158704317,2025-11-25,2025-11-30,Delivered,"Boston, MA"
ORD100137,DHL,FE2915263394,2026-07-16,2026-07-18,Delivered,"Columbus, OH"
ORD100139,UPS,FE8262208232,2026-04-02,2026-04-07,Delivered,"Columbus, OH"
ORD100142,DHL,DH5938782145,2026-02-20,2026-02-23,Delivered,"Austin, TX"
ORD100143,DHL,UP3859542876,2026-04-12,2026-04-21,Delivered,"Boston, MA"
ORD100144,USPS,DH3626916933,2025-09-05,2025-09-09,Delivered,"Phoenix, AZ"
ORD100145,USPS,DH2057033765,2025-12-22,2025-12-24,Delivered,"Portland, OR"
ORD100146,UPS,US4914351005,2026-01-09,2026-01-14,In Transit,"Salt Lake City, UT"
ORD100147,USPS,FE7568016720,2025-12-06,2025-12-10,Delivered,"Columbus, OH"
ORD100149,USPS,US3598804887,2025-08-31,2025-09-04,Delivered,"Minneapolis, MN"
ORD100150,USPS,UP5913698582,2025-11-08,2025-11-10,Delivered,"Atlanta, GA"
ORD100151,DHL,US6469864421,2026-06-27,2026-07-01,Delivered,"Columbus, OH"
ORD100152,USPS,DH2584078422,2026-06-06,2026-06-08,Delivered,"Nashville, TN"
ORD100153,FedEx,FE4065164092,2026-02-10,2026-02-16,Delivered,"Phoenix, AZ"
ORD100154,USPS,US2452377785,2025-09-03,2025-09-06,Delivered,"Minneapolis, MN"
ORD100155,FedEx,UP2926284873,2025-09-05,2025-09-09,In Transit,"Miami, FL"
ORD100156,FedEx,FE4738696633,2025-12-13,2025-12-18,Delivered,"Portland, OR"
ORD100157,FedEx,FE1154642818,2026-02-16,2026-02-24,Delivered,"Miami, FL"
ORD100160,USPS,US2686343515,2026-05-12,2026-05-19,Delayed - carrier exception,"Chicago, IL"
ORD100161,FedEx,UP8504480573,2025-08-14,2025-08-22,Delivered,"Minneapolis, MN"
ORD100162,UPS,US6181245405,2026-05-31,2026-06-02,Delivered,"Chicago, IL"
ORD100165,USPS,FE6497466569,2025-08-05,2025-08-13,Delivered,"San Diego, CA"
ORD100168,DHL,DH1128411449,2026-07-21,2026-07-26,Delivered,"Denver, CO"
ORD100170,FedEx,FE5498095763,2025-12-21,2025-12-30,Out for Delivery,"Minneapolis, MN"
ORD100171,USPS,DH7020595806,2026-02-05,2026-02-09,Delivered,"Phoenix, AZ"
ORD100172,UPS,US9266605491,2025-12-27,2026-01-02,Delivered,"Salt Lake City, UT"
ORD100173,UPS,UP2702311064,2026-05-05,2026-05-09,Delivered,"Nashville, TN"
ORD100174,UPS,US3101012094,2026-04-15,2026-04-19,In Transit,"San Diego, CA"
ORD100175,DHL,FE8060506476,2026-02-07,2026-02-14,Out for Delivery,"San Diego, CA"
ORD100177,USPS,FE1889433605,2026-02-23,2026-02-25,In Transit,"Austin, TX"
ORD100178,USPS,US6960329328,2025-09-04,2025-09-06,Returned to Sender,"San Diego, CA"
ORD100179,DHL,DH4306211706,2026-06-13,2026-06-19,Delivered,"San Diego, CA"
ORD100180,FedEx,DH2449047673,2026-06-13,2026-06-16,Delivered,"Chicago, IL"
ORD100181,UPS,FE2908812198,2025-08-17,2025-08-19,Delivered,"Raleigh, NC"
ORD100182,DHL,US4665991072,2025-12-20,2025-12-29,In Transit,"Seattle, WA"
ORD100183,UPS,DH5483407610,2026-01-16,2026-01-18,Delivered,"Boston, MA"
ORD100184,DHL,US2846721961,2026-07-15,2026-07-17,Delivered,"Portland, OR"
ORD100185,FedEx,FE6831030525,2026-06-23,2026-07-01,Delivered,"Denver, CO"
ORD100186,USPS,DH2774920001,2025-12-03,2025-12-10,Delivered,"Miami, FL"
ORD100187,USPS,FE4485201635,2025-11-13,2025-11-15,Delivered,"Denver, CO"
ORD100188,UPS,UP5586999381,2026-04-04,2026-04-07,Delivered,"Seattle, WA"
ORD100189,DHL,FE9034461003,2026-05-17,2026-05-19,Returned to Sender,"Minneapolis, MN"
ORD100190,DHL,UP7533755475,2025-11-08,2025-11-12,Delayed - carrier exception,"Portland, OR"
ORD100192,USPS,DH7491585197,2026-02-06,2026-02-13,Out for Delivery,"Salt Lake City, UT"
ORD100193,FedEx,US7997023025,2026-07-19,2026-07-26,Delivered,"Miami, FL"
ORD100195,USPS,UP2379296495,2025-11-08,2025-11-12,Out for Delivery,"Minneapolis, MN"
ORD100196,DHL,US6349956494,2026-04-24,2026-04-28,Delivered,"Salt Lake City, UT"
ORD100197,DHL,FE1285814650,2026-05-18,2026-05-21,Delivered,"Boston, MA"
ORD100198,USPS,FE9510811156,2026-04-12,2026-04-20,Delayed - carrier exception,"Chicago, IL"
ORD100199,FedEx,FE4638587707,2026-05-31,2026-06-03,Delivered,"Phoenix, AZ"
ORD100200,FedEx,US8385505320,2026-05-03,2026-05-05,Delivered,"Austin, TX"
ORD100202,USPS,DH1534995217,2025-08-11,2025-08-15,Delivered,"Denver, CO"
ORD100204,FedEx,DH8354809424,2026-07-09,2026-07-14,Delayed - carrier exception,"Denver, CO"
ORD100205,DHL,DH8895090298,2026-02-13,2026-02-20,Delivered,"Austin, TX"
ORD100206,USPS,UP9064791382,2025-10-13,2025-10-19,Delivered,"Chicago, IL"
ORD100207,DHL,DH9199900162,2025-12-03,2025-12-05,In Transit,"Portland, OR"
ORD100208,FedEx,DH2565824150,2026-01-25,2026-01-30,Delivered,"Nashville, TN"
ORD100209,DHL,US1798950117,2026-07-28,2026-08-03,Returned to Sender,"Seattle, WA"
ORD100210,DHL,DH4843660761,2026-04-25,2026-04-29,Delivered,"Atlanta, GA"
ORD100212,UPS,US9678917545,2026-03-24,2026-03-31,Returned to Sender,"Nashville, TN"
ORD100213,USPS,DH6350622684,2026-02-17,2026-02-24,Delivered,"Columbus, OH"
ORD100214,DHL,DH8414122611,2026-07-31,2026-08-06,Returned to Sender,"Portland, OR"
ORD100215,USPS,US9178327285,2026-06-27,2026-07-02,Delayed - carrier exception,"Denver, CO"
ORD100217,DHL,US7385653598,2025-10-14,2025-10-19,Delivered,"Salt Lake City, UT"
ORD100219,DHL,FE6808867808,2026-01-27,2026-02-05,Delivered,"Austin, TX"
ORD100221,USPS,US2580408536,2026-04-18,2026-04-27,Delivered,"Phoenix, AZ"
ORD100222,DHL,US1618266889,2025-10-03,2025-10-10,In Transit,"Raleigh, NC"
ORD100223,UPS,DH4793171654,2025-09-16,2025-09-21,Delivered,"Boston, MA"
ORD100224,FedEx,DH9403205543,2025-12-10,2025-12-19,Delivered,"Denver, CO"
ORD100225,FedEx,DH7371137170,2026-01-18,2026-01-23,In Transit,"Chicago, IL"
ORD100226,UPS,UP5106748068,2026-01-01,2026-01-04,Returned to Sender,"Nashville, TN"
ORD100227,UPS,DH3847057976,2025-09-20,2025-09-23,Delivered,"Chicago, IL"
ORD100228,USPS,UP9580479302,2026-03-12,2026-03-19,Delivered,"Denver, CO"
ORD100229,USPS,DH4664460061,2026-05-28,2026-06-04,Delivered,"Seattle, WA"
ORD100231,FedEx,FE6625408114,2025-08-03,2025-08-10,Delivered,"Raleigh, NC"
ORD100232,FedEx,DH2116615149,2025-09-11,2025-09-17,Delivered,"Seattle, WA"
ORD100233,DHL,DH7480572559,2026-04-22,2026-04-26,Delivered,"San Diego, CA"
ORD100234,UPS,FE1341248580,2026-02-21,2026-03-02,Out for Delivery,"Seattle, WA"
ORD100235,USPS,UP8381504644,2025-10-15,2025-10-22,Delivered,"San Diego, CA"
ORD100236,USPS,FE1210076241,2026-06-25,2026-07-03,Out for Delivery,"Chicago, IL"
ORD100237,UPS,US8333160749,2026-02-17,2026-02-24,Out for Delivery,"Portland, OR"
ORD100238,UPS,UP6070264390,2026-05-17,2026-05-19,Delivered,"Salt Lake City, UT"
ORD100239,UPS,UP5929788567,2026-06-19,2026-06-28,Delivered,"Minneapolis, MN"
ORD100240,FedEx,DH2960379288,2026-04-17,2026-04-22,Returned to Sender,"Boston, MA"
ORD100242,FedEx,UP1174135798,2026-01-09,2026-01-17,Out for Delivery,"Atlanta, GA"
ORD100243,USPS,FE3491838012,2025-12-02,2025-12-10,Returned to Sender,"Austin, TX"
ORD100244,DHL,FE3061002426,2025-12-25,2025-12-27,Delivered,"Raleigh, NC"
ORD100245,FedEx,US1294590834,2025-12-10,2025-12-14,Delivered,"Phoenix, AZ"
ORD100247,FedEx,FE5261135749,2026-04-03,2026-04-09,Delivered,"San Diego, CA"
ORD100248,DHL,DH8781662243,2025-10-22,2025-10-24,Delivered,"Phoenix, AZ"
ORD100250,FedEx,US8997258500,2025-11-10,2025-11-17,Delivered,"Boston, MA"
ORD100251,FedEx,US6351690646,2025-09-20,2025-09-27,Delivered,"Denver, CO"
ORD100252,DHL,UP6500427536,2025-12-28,2026-01-03,Returned to Sender,"Nashville, TN"
ORD100254,FedEx,FE9481010313,2026-01-16,2026-01-19,Returned to Sender,"Phoenix, AZ"
ORD100256,DHL,FE9065795118,2026-05-10,2026-05-16,Delivered,"Denver, CO"
ORD100257,USPS,DH3327719428,2025-12-15,2025-12-24,Delivered,"Minneapolis, MN"
ORD100260,DHL,UP6552131311,2025-08-03,2025-08-08,In Transit,"Columbus, OH"
ORD100261,DHL,UP8502387169,2026-02-27,2026-03-01,Delivered,"Denver, CO"
ORD100262,DHL,UP5145587885,2025-11-02,2025-11-05,Returned to Sender,"Raleigh, NC"
ORD100263,UPS,DH1620123277,2026-05-22,2026-05-25,Delayed - carrier exception,"Phoenix, AZ"
ORD100264,UPS,UP6183086934,2026-02-05,2026-02-14,Out for Delivery,"Raleigh, NC"
ORD100265,FedEx,DH7546741316,2026-07-06,2026-07-08,Delivered,"Minneapolis, MN"
ORD100266,DHL,US6258396060,2025-12-26,2025-12-29,Delivered,"Columbus, OH"
ORD100268,USPS,US3963131673,2026-02-12,2026-02-18,In Transit,"San Diego, CA"
ORD100269,UPS,UP7990142324,2026-04-21,2026-04-27,Returned to Sender,"Atlanta, GA"
ORD100270,USPS,UP7995844776,2025-10-16,2025-10-24,Delivered,"Atlanta, GA"
ORD100271,USPS,US6727034720,2026-05-17,2026-05-19,Delivered,"Nashville, TN"
ORD100272,FedEx,FE1582918332,2025-08-08,2025-08-17,Delivered,"Boston, MA"
ORD100275,DHL,UP8712568483,2025-12-06,2025-12-08,Out for Delivery,"Salt Lake City, UT"
ORD100276,USPS,DH1705638884,2025-09-16,2025-09-23,Delivered,"Salt Lake City, UT"
ORD100278,FedEx,UP8563835154,2025-11-15,2025-11-19,Delivered,"Austin, TX"
ORD100279,DHL,FE1676604772,2025-10-19,2025-10-23,Delivered,"Raleigh, NC"
ORD100281,USPS,US3603958409,2026-04-28,2026-05-07,Returned to Sender,"Atlanta, GA"
ORD100282,UPS,FE7353638232,2025-11-10,2025-11-13,Delivered,"Minneapolis, MN"
ORD100283,FedEx,FE3372012966,2026-07-30,2026-08-04,In Transit,"Salt Lake City, UT"
ORD100284,UPS,UP3732670325,2025-09-16,2025-09-24,Delivered,"Portland, OR"
ORD100286,UPS,DH5716993348,2025-12-21,2025-12-24,Delivered,"Denver, CO"
ORD100287,USPS,US2120144951,2026-06-28,2026-07-01,Returned to Sender,"Minneapolis, MN"
ORD100288,USPS,FE6644075095,2025-10-14,2025-10-18,Delivered,"Nashville, TN"
ORD100289,USPS,US5675881740,2026-03-11,2026-03-16,Delivered,"Boston, MA"
ORD100290,UPS,US5505411721,2026-04-28,2026-05-04,Delivered,"Miami, FL"
ORD100292,FedEx,FE6977205339,2025-11-16,2025-11-20,In Transit,"Seattle, WA"
ORD100293,UPS,FE7011703161,2026-05-13,2026-05-18,Delivered,"Boston, MA"
ORD100294,USPS,UP1088946090,2025-09-02,2025-09-08,Out for Delivery,"Boston, MA"
ORD100295,FedEx,DH2674525521,2026-02-04,2026-02-13,Delivered,"Nashville, TN"
ORD100297,USPS,FE4315873227,2025-11-04,2025-11-10,Delivered,"Nashville, TN"
ORD100298,USPS,FE3744833247,2025-12-02,2025-12-04,Delivered,"Raleigh, NC"
ORD100299,USPS,FE1438841120,2025-11-30,2025-12-06,Returned to Sender,"Columbus, OH"
ORD100300,UPS,DH1931072706,2026-03-20,2026-03-23,Delivered,"Raleigh, NC"
ORD100302,UPS,UP4523371522,2026-04-13,2026-04-15,Returned to Sender,"Austin, TX"
ORD100303,DHL,US8313636100,2026-05-29,2026-05-31,In Transit,"Chicago, IL"
ORD100305,USPS,UP6288605866,2026-06-10,2026-06-16,In Transit,"Denver, CO"
ORD100306,UPS,DH6476167767,2025-08-15,2025-08-19,Returned to Sender,"Denver, CO"
ORD100307,USPS,FE2449516299,2025-09-17,2025-09-19,Delivered,"Nashville, TN"
ORD100308,FedEx,FE5053796127,2026-03-09,2026-03-13,Out for Delivery,"Boston, MA"
ORD100309,UPS,FE5092187695,2026-04-24,2026-04-27,Delivered,"Phoenix, AZ"
ORD100310,DHL,DH6427906903,2026-01-23,2026-01-26,In Transit,"Portland, OR"
ORD100312,USPS,FE1229352711,2025-12-30,2026-01-04,Delivered,"Raleigh, NC"
ORD100313,UPS,FE4467433849,2026-07-20,2026-07-26,In Transit,"Columbus, OH"
ORD100314,USPS,UP2066014392,2026-07-29,2026-08-07,Delayed - carrier exception,"Denver, CO"
ORD100315,UPS,UP9457263254,2025-12-28,2026-01-02,In Transit,"Denver, CO"
ORD100316,DHL,FE8052061218,2025-08-30,2025-09-02,Delivered,"Portland, OR"
ORD100317,UPS,UP3850066815,2026-01-07,2026-01-14,Delivered,"Raleigh, NC"
ORD100319,DHL,US4561449985,2026-02-01,2026-02-09,Out for Delivery,"Columbus, OH"
ORD100321,USPS,FE4670637658,2025-09-30,2025-10-06,Delivered,"Nashville, TN"
ORD100322,DHL,UP1322366248,2026-04-01,2026-04-03,In Transit,"Denver, CO"
ORD100323,USPS,FE3605042345,2026-06-11,2026-06-13,Returned to Sender,"Columbus, OH"
ORD100324,UPS,FE8430191989,2025-08-28,2025-09-05,Delivered,"Raleigh, NC"
ORD100325,DHL,UP8413204649,2025-12-17,2025-12-21,Delivered,"Austin, TX"
ORD100326,DHL,DH4964641601,2026-07-11,2026-07-20,Delivered,"San Diego, CA"
ORD100327,FedEx,UP6644446656,2026-07-24,2026-08-02,Returned to Sender,"Chicago, IL"
ORD100328,UPS,FE9927495769,2025-11-12,2025-11-14,Delivered,"Chicago, IL"
ORD100329,DHL,US2614826577,2025-09-27,2025-10-01,Delayed - carrier exception,"Portland, OR"
ORD100331,FedEx,UP2940202689,2025-08-25,2025-08-31,In Transit,"Atlanta, GA"
ORD100333,DHL,UP6125551262,2026-07-09,2026-07-12,Delivered,"Salt Lake City, UT"
ORD100334,FedEx,UP9572389939,2025-10-26,2025-10-31,Delivered,"Salt Lake City, UT"
ORD100335,FedEx,DH5557342313,2025-11-26,2025-12-04,In Transit,"Raleigh, NC"
ORD100336,UPS,US1683832465,2025-11-30,2025-12-04,In Transit,"Seattle, WA"
ORD100337,UPS,FE5890868629,2025-08-09,2025-08-12,Delivered,"Miami, FL"
ORD100338,FedEx,US4429037896,2026-05-31,2026-06-04,Delivered,"Seattle, WA"
ORD100340,DHL,FE1768980818,2026-05-11,2026-05-13,In Transit,"San Diego, CA"
ORD100342,DHL,DH3327772552,2026-06-13,2026-06-22,Returned to Sender,"Portland, OR"
ORD100343,FedEx,US5297778886,2026-03-11,2026-03-20,Delivered,"San Diego, CA"
ORD100344,USPS,DH3444667393,2026-06-17,2026-06-25,Out for Delivery,"San Diego, CA"
ORD100346,USPS,UP3741482851,2025-12-06,2025-12-10,Delivered,"Phoenix, AZ"
ORD100348,USPS,DH3471511796,2026-05-08,2026-05-17,Delivered,"Seattle, WA"
ORD100349,USPS,FE2393185834,2025-11-21,2025-11-29,Delivered,"Phoenix, AZ"
ORD100350,FedEx,FE9220053705,2026-04-08,2026-04-11,Delivered,"Salt Lake City, UT"
ORD100351,DHL,US5673814572,2025-08-24,2025-08-31,Delivered,"Chicago, IL"
ORD100353,UPS,FE1374250708,2026-04-25,2026-05-01,Delayed - carrier exception,"Nashville, TN"
ORD100354,UPS,DH5323857534,2026-03-22,2026-03-24,Out for Delivery,"Columbus, OH"
ORD100355,FedEx,US8534618164,2026-04-21,2026-04-29,Delivered,"Boston, MA"
ORD100356,USPS,US5848575020,2026-01-01,2026-01-09,In Transit,"Phoenix, AZ"
ORD100357,UPS,FE5116560057,2025-09-12,2025-09-17,Delivered,"Columbus, OH"
ORD100358,DHL,UP3929145961,2025-09-28,2025-10-03,Delivered,"Raleigh, NC"
ORD100359,UPS,DH9372856246,2026-04-24,2026-04-28,In Transit,"Portland, OR"
ORD100362,FedEx,FE3231624631,2025-09-01,2025-09-03,In Transit,"Boston, MA"
ORD100363,FedEx,DH6798582529,2025-10-20,2025-10-29,Delivered,"Boston, MA"
ORD100364,FedEx,DH5734127482,2026-02-01,2026-02-08,Delivered,"Seattle, WA"
ORD100365,UPS,UP4977513978,2025-11-01,2025-11-10,Delivered,"Minneapolis, MN"
ORD100366,FedEx,US3365062104,2025-10-19,2025-10-26,Returned to Sender,"Raleigh, NC"
ORD100367,DHL,DH9085303196,2026-01-14,2026-01-22,Delivered,"Denver, CO"
ORD100368,FedEx,UP9131540912,2026-02-19,2026-02-28,Delivered,"Columbus, OH"
ORD100369,UPS,DH9206237178,2026-05-25,2026-05-27,Delivered,"Phoenix, AZ"
ORD100370,FedEx,FE6859655106,2026-04-08,2026-04-12,Returned to Sender,"Seattle, WA"
ORD100371,DHL,US3936028052,2026-05-08,2026-05-17,Delivered,"Miami, FL"
ORD100375,USPS,UP9833410439,2025-08-12,2025-08-17,Out for Delivery,"Portland, OR"
ORD100376,FedEx,UP2708621768,2026-05-23,2026-05-26,Delivered,"Columbus, OH"
ORD100379,UPS,US8558936248,2026-02-13,2026-02-15,Delivered,"Portland, OR"
ORD100380,FedEx,UP8779299135,2026-06-15,2026-06-20,Delivered,"Miami, FL"
ORD100381,UPS,US4693001204,2025-10-17,2025-10-25,Delivered,"Raleigh, NC"
ORD100382,DHL,FE4997329298,2025-10-07,2025-10-14,Delivered,"Phoenix, AZ"
ORD100383,UPS,US6114259949,2026-06-01,2026-06-10,Delayed - carrier exception,"Denver, CO"
ORD100385,FedEx,UP5559187505,2025-12-10,2025-12-19,In Transit,"Atlanta, GA"
ORD100386,USPS,US1032545020,2026-03-09,2026-03-12,Delivered,"Phoenix, AZ"
ORD100387,DHL,US3675362671,2025-08-17,2025-08-26,In Transit,"Phoenix, AZ"
ORD100388,FedEx,UP6373431675,2026-07-13,2026-07-22,Delayed - carrier exception,"Nashville, TN"
ORD100389,DHL,DH5051054525,2025-08-23,2025-08-28,Delivered,"Denver, CO"
ORD100390,FedEx,UP3545830617,2026-04-23,2026-04-30,Delivered,"Portland, OR"
ORD100391,DHL,UP2426527399,2026-01-22,2026-01-27,Delivered,"Austin, TX"
ORD100392,USPS,DH6384861002,2026-02-01,2026-02-05,Delivered,"Phoenix, AZ"
ORD100393,DHL,DH1639578858,2026-05-15,2026-05-21,In Transit,"Nashville, TN"
ORD100394,DHL,FE3531085184,2026-04-26,2026-05-04,Delivered,"Boston, MA"
ORD100395,USPS,UP5307967688,2025-08-25,2025-08-27,Delivered,"San Diego, CA"
ORD100396,USPS,DH9545687374,2025-09-04,2025-09-06,Delivered,"Minneapolis, MN"
ORD100398,DHL,US2066190443,2025-12-28,2025-12-30,Delivered,"Portland, OR"
ORD100399,DHL,FE9877678494,2026-03-13,2026-03-16,In Transit,"Columbus, OH"
ORD100400,DHL,FE4612185358,2025-10-23,2025-10-26,Delivered,"Denver, CO"
ORD100401,UPS,FE9686198371,2025-08-16,2025-08-25,Delivered,"Salt Lake City, UT"
ORD100402,UPS,UP4254866543,2026-06-17,2026-06-23,Returned to Sender,"Miami, FL"
ORD100403,FedEx,UP5405317658,2026-01-30,2026-02-08,Returned to Sender,"Salt Lake City, UT"
ORD100404,DHL,FE3868968361,2026-04-01,2026-04-04,Delayed - carrier exception,"Atlanta, GA"
ORD100405,DHL,DH5509824667,2026-04-12,2026-04-21,In Transit,"San Diego, CA"
ORD100406,UPS,UP7388793014,2025-11-25,2025-12-04,Delivered,"Salt Lake City, UT"
ORD100407,USPS,FE9273082391,2026-07-21,2026-07-29,Delivered,"Seattle, WA"
ORD100409,DHL,UP9303965347,2026-03-21,2026-03-28,Delivered,"Denver, CO"
ORD100410,DHL,UP3637454569,2026-06-20,2026-06-25,Delivered,"Atlanta, GA"
ORD100411,FedEx,FE2288059337,2025-12-10,2025-12-18,Delivered,"Austin, TX"
ORD100412,UPS,UP5296790158,2025-09-28,2025-10-06,Returned to Sender,"Denver, CO"
ORD100414,UPS,US2175103481,2026-02-01,2026-02-03,In Transit,"Nashville, TN"
ORD100415,FedEx,DH3367183914,2026-02-23,2026-02-25,In Transit,"Miami, FL"
ORD100417,DHL,US5682785101,2026-02-17,2026-02-25,Out for Delivery,"San Diego, CA"
ORD100418,UPS,DH5486043678,2026-01-09,2026-01-18,Out for Delivery,"Phoenix, AZ"
ORD100419,DHL,US6362493738,2025-09-11,2025-09-19,Delayed - carrier exception,"Chicago, IL"
ORD100420,FedEx,FE5878596419,2025-09-21,2025-09-30,Delivered,"Austin, TX"
ORD100421,DHL,DH5509725746,2025-12-07,2025-12-15,Returned to Sender,"Boston, MA"
ORD100422,FedEx,DH1948039639,2025-10-22,2025-10-31,Delivered,"Phoenix, AZ"
ORD100424,FedEx,FE8195219336,2026-03-03,2026-03-10,Delivered,"Chicago, IL"
ORD100425,DHL,US2723295933,2025-09-30,2025-10-09,Returned to Sender,"San Diego, CA"
ORD100426,USPS,DH5266506730,2026-02-15,2026-02-22,Delivered,"Salt Lake City, UT"
ORD100427,UPS,UP4756459172,2026-05-02,2026-05-11,In Transit,"Miami, FL"
ORD100428,UPS,DH1327017477,2026-01-31,2026-02-06,Delivered,"Nashville, TN"
ORD100430,UPS,US1549398059,2026-01-24,2026-01-31,In Transit,"Atlanta, GA"
ORD100432,UPS,FE1478475087,2026-03-09,2026-03-13,Out for Delivery,"Nashville, TN"
ORD100433,UPS,FE7609507808,2026-08-02,2026-08-06,Delivered,"Portland, OR"
ORD100435,UPS,US4641146413,2026-01-16,2026-01-20,Returned to Sender,"Atlanta, GA"
ORD100436,UPS,US6386329670,2025-08-18,2025-08-26,In Transit,"Phoenix, AZ"
ORD100437,UPS,DH3372845154,2025-12-12,2025-12-15,Delivered,"Portland, OR"
ORD100438,DHL,DH4334660798,2026-07-01,2026-07-07,Delivered,"Nashville, TN"
ORD100439,FedEx,DH8346423889,2026-01-04,2026-01-09,Out for Delivery,"Austin, TX"
ORD100440,DHL,FE4508607725,2025-11-12,2025-11-15,In Transit,"Raleigh, NC"
ORD100441,UPS,FE1069911135,2025-11-15,2025-11-19,Delivered,"Chicago, IL"
ORD100443,DHL,FE2240231474,2026-07-13,2026-07-18,Delivered,"Phoenix, AZ"
ORD100444,DHL,US3755283933,2026-05-12,2026-05-14,In Transit,"Minneapolis, MN"
ORD100445,USPS,US7821809477,2026-02-25,2026-02-27,Delivered,"Phoenix, AZ"
ORD100446,FedEx,FE8075120401,2026-01-17,2026-01-25,Delivered,"Atlanta, GA"
ORD100447,DHL,FE5359582487,2025-09-14,2025-09-20,In Transit,"Minneapolis, MN"
ORD100448,DHL,DH4371169839,2026-03-10,2026-03-18,In Transit,"Seattle, WA"
ORD100449,FedEx,US5426543084,2026-03-11,2026-03-20,In Transit,"Minneapolis, MN"
ORD100450,FedEx,FE5864913957,2025-10-31,2025-11-05,Delivered,"Seattle, WA"
ORD100451,USPS,UP5040469772,2026-03-22,2026-03-24,Delivered,"Minneapolis, MN"
ORD100452,UPS,DH6569704411,2026-01-20,2026-01-23,Delivered,"Raleigh, NC"
ORD100453,DHL,US1760321556,2025-09-09,2025-09-17,Delivered,"Seattle, WA"
ORD100454,UPS,FE6556177919,2026-01-19,2026-01-26,Delivered,"Atlanta, GA"
ORD100455,USPS,DH4566989850,2025-08-23,2025-08-27,Delivered,"Nashville, TN"
ORD100457,USPS,US1021719094,2026-03-23,2026-03-27,Delayed - carrier exception,"Salt Lake City, UT"
ORD100458,DHL,FE5075027913,2026-06-30,2026-07-07,Returned to Sender,"Austin, TX"
ORD100460,DHL,US3922662676,2026-03-14,2026-03-17,Delivered,"Minneapolis, MN"
ORD100461,DHL,DH3461378531,2025-12-11,2025-12-15,Out for Delivery,"Minneapolis, MN"
ORD100462,UPS,DH3312495480,2026-01-24,2026-01-27,Returned to Sender,"Columbus, OH"
ORD100463,UPS,FE2274617096,2025-09-07,2025-09-15,Delivered,"Chicago, IL"
ORD100465,USPS,UP7645012207,2026-02-25,2026-03-03,In Transit,"Salt Lake City, UT"
ORD100468,FedEx,US2393942170,2026-01-18,2026-01-20,Delivered,"Columbus, OH"
ORD100469,DHL,DH9996903027,2026-07-24,2026-07-27,Delivered,"Denver, CO"
ORD100470,FedEx,DH6299164332,2025-10-13,2025-10-17,Out for Delivery,"Seattle, WA"
ORD100471,DHL,FE5634011629,2026-07-23,2026-07-27,Delivered,"Nashville, TN"
ORD100472,DHL,UP4627206450,2025-11-02,2025-11-05,Delivered,"Minneapolis, MN"
ORD100473,FedEx,UP3486692500,2025-08-25,2025-08-31,Returned to Sender,"Minneapolis, MN"
ORD100474,USPS,UP6837608623,2025-10-05,2025-10-08,In Transit,"Chicago, IL"
ORD100475,FedEx,FE1252500343,2026-02-07,2026-02-15,Delivered,"Portland, OR"
ORD100476,UPS,UP6536109918,2026-03-13,2026-03-17,Returned to Sender,"San Diego, CA"
ORD100477,UPS,UP8013179539,2025-11-24,2025-12-01,Delivered,"Austin, TX"
ORD100478,DHL,US9852564571,2026-04-09,2026-04-15,Delivered,"Denver, CO"
ORD100479,FedEx,DH5494231664,2026-07-25,2026-07-27,Delayed - carrier exception,"Columbus, OH"
ORD100480,DHL,UP4412687865,2026-05-03,2026-05-11,Delivered,"Boston, MA"
ORD100481,DHL,US6014318886,2025-12-22,2025-12-25,Delivered,"Seattle, WA"
ORD100483,DHL,FE1696225566,2026-04-25,2026-04-29,Returned to Sender,"Austin, TX"
ORD100484,USPS,FE9202789787,2025-08-05,2025-08-09,Delivered,"Denver, CO"
ORD100485,FedEx,US9473163280,2026-05-18,2026-05-25,In Transit,"Phoenix, AZ"
ORD100487,UPS,US9083420068,2026-05-02,2026-05-11,In Transit,"Salt Lake City, UT"
ORD100488,USPS,UP1981994732,2026-04-22,2026-04-27,Delivered,"Columbus, OH"
ORD100489,UPS,FE5578602607,2025-09-01,2025-09-06,Delivered,"San Diego, CA"
ORD100490,UPS,UP4660924085,2026-05-22,2026-05-24,Delivered,"Atlanta, GA"
ORD100491,UPS,FE7089957357,2026-04-11,2026-04-13,Delivered,"Salt Lake City, UT"
ORD100492,DHL,US3510675524,2025-12-07,2025-12-16,Delivered,"Portland, OR"
ORD100493,USPS,DH5058272742,2025-10-08,2025-10-11,Delivered,"Portland, OR"
ORD100494,DHL,DH1696653832,2025-11-21,2025-11-27,Delivered,"Denver, CO"
ORD100497,USPS,UP4080693021,2026-05-25,2026-06-02,Out for Delivery,"Chicago, IL"
ORD100498,DHL,FE5674898592,2025-08-04,2025-08-12,Delivered,"Seattle, WA"
ORD100499,DHL,FE9290597522,2025-11-18,2025-11-20,Delivered,"Miami, FL"
ORD100500,UPS,US3863499558,2026-01-06,2026-01-12,In Transit,"Portland, OR"
ORD100502,USPS,DH7242869869,2026-02-05,2026-02-13,Delivered,"Salt Lake City, UT"
ORD100503,DHL,DH5568050505,2025-12-16,2025-12-22,Delivered,"Boston, MA"
ORD100504,USPS,US3182039106,2025-10-05,2025-10-07,Delivered,"Columbus, OH"
ORD100505,UPS,FE9507631903,2026-02-20,2026-02-23,Delivered,"Nashville, TN"
ORD100506,FedEx,US8631089815,2026-05-28,2026-06-05,In Transit,"Nashville, TN"
ORD100507,FedEx,FE5818875650,2025-08-28,2025-08-31,Out for Delivery,"Salt Lake City, UT"
ORD100508,USPS,US1671811990,2025-10-25,2025-10-28,Delivered,"Salt Lake City, UT"
ORD100509,FedEx,DH5144099828,2025-12-23,2026-01-01,Delivered,"Austin, TX"
ORD100510,DHL,DH8224000028,2026-07-21,2026-07-30,Delivered,"Seattle, WA"
ORD100511,UPS,DH1270075327,2026-03-29,2026-04-05,In Transit,"Nashville, TN"
ORD100512,USPS,UP6668448925,2026-01-13,2026-01-17,Delivered,"Denver, CO"
ORD100513,DHL,FE1150677468,2025-09-30,2025-10-05,Returned to Sender,"Minneapolis, MN"
ORD100515,UPS,UP1637195351,2026-06-05,2026-06-12,Delivered,"Nashville, TN"
ORD100516,DHL,UP8653024839,2026-03-14,2026-03-20,In Transit,"Phoenix, AZ"
ORD100517,FedEx,DH9785620510,2026-03-05,2026-03-08,Returned to Sender,"Salt Lake City, UT"
ORD100518,UPS,DH5723504893,2026-04-11,2026-04-20,Delivered,"Denver, CO"
ORD100519,DHL,DH8567924811,2026-05-12,2026-05-15,In Transit,"Nashville, TN"
ORD100521,UPS,UP6814264565,2026-07-21,2026-07-25,Returned to Sender,"San Diego, CA"
ORD100522,DHL,DH2184464834,2026-06-12,2026-06-14,Delivered,"Atlanta, GA"
ORD100523,FedEx,UP8622572038,2026-04-05,2026-04-07,Out for Delivery,"Salt Lake City, UT"
ORD100524,FedEx,US8432430482,2025-08-30,2025-09-06,Delivered,"Boston, MA"
ORD100526,USPS,FE3879884113,2025-09-14,2025-09-21,Delivered,"Boston, MA"
ORD100528,DHL,DH7244466778,2026-03-12,2026-03-17,Delivered,"Minneapolis, MN"
ORD100529,UPS,UP4284106564,2026-03-30,2026-04-02,Delivered,"Minneapolis, MN"
ORD100530,UPS,US1871944076,2026-07-23,2026-07-28,In Transit,"Nashville, TN"
ORD100531,UPS,FE1621618015,2026-02-13,2026-02-20,Returned to Sender,"Seattle, WA"
ORD100532,DHL,US3061317781,2025-09-05,2025-09-11,Delivered,"Columbus, OH"
ORD100533,DHL,US7753388790,2025-10-12,2025-10-20,Delivered,"Portland, OR"
ORD100534,FedEx,DH6344072848,2026-01-06,2026-01-13,Out for Delivery,"Austin, TX"
ORD100535,FedEx,FE2537999481,2026-03-28,2026-04-06,In Transit,"Portland, OR"
ORD100536,USPS,FE5986896302,2025-11-22,2025-11-26,In Transit,"Phoenix, AZ"
ORD100537,DHL,US9257518054,2026-03-08,2026-03-15,In Transit,"Columbus, OH"
ORD100539,UPS,US7231526825,2026-07-31,2026-08-05,In Transit,"Minneapolis, MN"
ORD100540,DHL,UP2157960656,2025-12-17,2025-12-25,Delivered,"Seattle, WA"
ORD100541,USPS,DH6886441790,2025-08-06,2025-08-13,Delivered,"Chicago, IL"
ORD100542,FedEx,UP1117621211,2025-10-07,2025-10-15,Delivered,"Salt Lake City, UT"
ORD100544,DHL,FE3617713604,2026-01-31,2026-02-09,Delivered,"Austin, TX"
ORD100545,FedEx,FE2593375387,2026-07-28,2026-08-05,Delivered,"Chicago, IL"
ORD100546,UPS,UP6626524707,2025-11-01,2025-11-03,Returned to Sender,"Nashville, TN"
ORD100547,DHL,FE9730249190,2026-02-25,2026-03-05,Delivered,"Miami, FL"
ORD100550,UPS,US7107977395,2025-08-20,2025-08-22,Delivered,"Seattle, WA"
ORD100551,UPS,FE5872391496,2026-01-21,2026-01-26,In Transit,"Austin, TX"
ORD100552,DHL,FE9164319224,2025-11-19,2025-11-27,Delivered,"Portland, OR"
ORD100554,UPS,UP3094381758,2026-01-08,2026-01-10,Delivered,"Denver, CO"
ORD100555,DHL,UP5112911537,2025-12-18,2025-12-20,Delivered,"Denver, CO"
ORD100556,DHL,FE7421801785,2025-12-28,2026-01-03,Delivered,"Raleigh, NC"
ORD100557,DHL,UP1275260215,2025-09-23,2025-10-02,Delivered,"Seattle, WA"
ORD100559,FedEx,FE5206174949,2025-12-04,2025-12-07,In Transit,"Seattle, WA"
ORD100560,FedEx,DH4672445067,2026-04-21,2026-04-23,Delivered,"Raleigh, NC"
ORD100561,USPS,UP7864120631,2025-12-29,2026-01-04,In Transit,"San Diego, CA"
ORD100563,UPS,DH8211796419,2025-11-20,2025-11-23,Delayed - carrier exception,"Boston, MA"
ORD100564,FedEx,US7522186733,2026-05-30,2026-06-05,Delivered,"Portland, OR"
ORD100566,DHL,UP8477885561,2026-04-18,2026-04-22,Delivered,"Boston, MA"
ORD100567,UPS,FE2796846217,2025-11-02,2025-11-09,Delivered,"Columbus, OH"
ORD100568,USPS,FE5601352537,2026-05-06,2026-05-10,Out for Delivery,"Seattle, WA"
ORD100570,UPS,FE7148093021,2026-03-13,2026-03-19,Delivered,"Raleigh, NC"
ORD100571,FedEx,FE4654980450,2025-12-10,2025-12-15,Delivered,"Raleigh, NC"
ORD100572,USPS,UP9030430078,2025-09-03,2025-09-06,Delivered,"San Diego, CA"
ORD100573,UPS,FE2667594635,2026-04-13,2026-04-19,In Transit,"Atlanta, GA"
ORD100574,DHL,DH9032517775,2026-04-13,2026-04-20,Delivered,"Minneapolis, MN"
ORD100575,DHL,UP1768995333,2026-06-01,2026-06-05,Delivered,"San Diego, CA"
ORD100576,DHL,FE5681718803,2026-01-03,2026-01-09,Delivered,"San Diego, CA"
ORD100577,UPS,DH7108510082,2025-10-17,2025-10-19,In Transit,"Austin, TX"
ORD100579,UPS,UP3959715514,2026-02-19,2026-02-23,Delivered,"Atlanta, GA"
ORD100580,DHL,UP4684199646,2026-07-03,2026-07-12,In Transit,"Minneapolis, MN"
ORD100582,FedEx,UP1673671104,2025-09-28,2025-10-01,Delivered,"Austin, TX"
ORD100583,DHL,US5379942591,2025-09-21,2025-09-24,Delivered,"Miami, FL"
ORD100585,FedEx,UP2759869561,2025-10-25,2025-10-30,Delivered,"Minneapolis, MN"
ORD100586,DHL,UP4143419271,2026-07-21,2026-07-27,Delayed - carrier exception,"Phoenix, AZ"
ORD100587,USPS,DH6171742010,2026-02-06,2026-02-09,In Transit,"Seattle, WA"
ORD100588,DHL,US4807894097,2026-05-18,2026-05-20,Out for Delivery,"Minneapolis, MN"
ORD100590,DHL,US7696498138,2025-09-03,2025-09-12,In Transit,"Atlanta, GA"
ORD100591,DHL,DH6336633743,2026-05-21,2026-05-27,Returned to Sender,"Denver, CO"
ORD100592,FedEx,US6540575491,2026-06-18,2026-06-26,In Transit,"Atlanta, GA"
ORD100593,UPS,DH5462834039,2025-10-24,2025-10-28,Returned to Sender,"Boston, MA"
ORD100594,UPS,FE6711791174,2026-06-04,2026-06-06,Delivered,"Miami, FL"
ORD100595,DHL,US4930747947,2026-05-03,2026-05-07,Delivered,"Salt Lake City, UT"
ORD100599,FedEx,FE6286787774,2026-04-28,2026-05-06,Delivered,"Phoenix, AZ"
ORD100600,DHL,US6002926903,2025-12-08,2025-12-16,Delivered,"Miami, FL"
ORD100601,DHL,UP4672662585,2025-10-12,2025-10-16,In Transit,"Phoenix, AZ"
ORD100603,UPS,FE4512343329,2026-02-17,2026-02-25,Delivered,"Phoenix, AZ"
ORD100604,UPS,FE9604212361,2025-08-04,2025-08-09,Delivered,"Denver, CO"
ORD100606,USPS,US2394679025,2026-06-25,2026-06-30,Delivered,"Columbus, OH"
ORD100608,FedEx,FE6855212153,2026-04-14,2026-04-21,Delivered,"Salt Lake City, UT"
ORD100609,UPS,US8439951403,2026-03-19,2026-03-24,Delivered,"Phoenix, AZ"
ORD100611,UPS,DH4382352480,2025-12-26,2025-12-29,In Transit,"Miami, FL"
ORD100612,FedEx,US4411938731,2026-06-26,2026-06-30,Returned to Sender,"Minneapolis, MN"
ORD100613,FedEx,DH8264978010,2025-11-08,2025-11-15,Delivered,"Seattle, WA"
ORD100614,FedEx,US3054567093,2026-07-04,2026-07-07,Delivered,"Miami, FL"
ORD100616,USPS,FE4394298135,2026-05-30,2026-06-07,Delivered,"Atlanta, GA"
ORD100617,USPS,UP9998814026,2025-08-24,2025-08-29,Delivered,"Nashville, TN"
ORD100618,DHL,US2881369290,2026-02-27,2026-03-05,Delivered,"Columbus, OH"
ORD100619,UPS,FE7802399223,2026-02-05,2026-02-07,Returned to Sender,"Seattle, WA"
ORD100620,USPS,US4976988715,2025-10-09,2025-10-18,In Transit,"Austin, TX"
ORD100621,FedEx,UP3303717655,2025-10-22,2025-10-27,Delivered,"Raleigh, NC"
ORD100622,FedEx,UP4579402178,2025-12-05,2025-12-07,Returned to Sender,"Salt Lake City, UT"
ORD100624,FedEx,US1838200966,2026-02-09,2026-02-18,In Transit,"San Diego, CA"
ORD100625,DHL,US9015008408,2025-10-03,2025-10-07,Delivered,"Nashville, TN"
ORD100626,USPS,US5877489454,2026-03-06,2026-03-09,Delivered,"Austin, TX"
ORD100627,DHL,FE2053753182,2025-11-14,2025-11-18,Delivered,"Salt Lake City, UT"
ORD100628,USPS,DH3858984193,2026-06-12,2026-06-19,In Transit,"Raleigh, NC"
ORD100629,UPS,DH3634723298,2026-02-13,2026-02-21,Delivered,"Atlanta, GA"
ORD100630,FedEx,US4926083695,2026-04-19,2026-04-27,In Transit,"Boston, MA"
ORD100631,FedEx,FE8286703470,2025-09-13,2025-09-21,Delivered,"Denver, CO"
ORD100632,FedEx,UP1919093859,2026-06-20,2026-06-25,Returned to Sender,"Raleigh, NC"
ORD100634,DHL,FE7091934723,2025-12-16,2025-12-18,Delivered,"Columbus, OH"
ORD100636,DHL,FE7242789730,2026-03-22,2026-03-31,Delayed - carrier exception,"Seattle, WA"
ORD100637,DHL,UP7650227343,2026-06-26,2026-06-29,Delivered,"Miami, FL"
ORD100638,FedEx,FE2499401504,2026-01-30,2026-02-01,Delayed - carrier exception,"Columbus, OH"
ORD100639,UPS,FE3625140288,2026-03-02,2026-03-06,Returned to Sender,"Nashville, TN"
ORD100641,UPS,FE9845473273,2026-07-20,2026-07-27,In Transit,"Minneapolis, MN"
ORD100643,UPS,US1619132743,2026-05-28,2026-06-02,Returned to Sender,"Seattle, WA"
ORD100644,USPS,DH7553434881,2026-07-21,2026-07-23,Delivered,"Chicago, IL"
ORD100645,UPS,FE9726503947,2025-11-20,2025-11-24,In Transit,"Austin, TX"
ORD100646,FedEx,FE6750807259,2025-11-29,2025-12-07,Delivered,"Miami, FL"
ORD100647,DHL,UP7937815039,2025-08-15,2025-08-17,Delivered,"Minneapolis, MN"
ORD100648,DHL,FE8108540153,2025-08-19,2025-08-21,Delivered,"San Diego, CA"
ORD100650,UPS,US4875741885,2025-09-27,2025-09-29,Delivered,"Seattle, WA"
ORD100651,FedEx,US8830983106,2025-09-17,2025-09-20,Delivered,"Seattle, WA"
ORD100652,FedEx,UP4964036872,2025-11-02,2025-11-09,Out for Delivery,"Phoenix, AZ"
ORD100653,USPS,US5775774971,2026-06-29,2026-07-05,Delivered,"Phoenix, AZ"
ORD100655,UPS,DH9631473880,2026-05-05,2026-05-13,Delivered,"Seattle, WA"
ORD100656,FedEx,FE7402489266,2026-03-23,2026-03-26,Delivered,"Columbus, OH"
ORD100657,UPS,UP8668333607,2025-10-07,2025-10-12,Delivered,"Boston, MA"
ORD100658,UPS,DH6663176952,2026-05-05,2026-05-09,Delivered,"Denver, CO"
ORD100660,DHL,DH1020741500,2025-11-14,2025-11-20,In Transit,"San Diego, CA"
ORD100661,UPS,UP8239214548,2026-05-19,2026-05-23,Delivered,"Nashville, TN"
ORD100662,FedEx,DH6403125657,2026-05-26,2026-06-02,Delivered,"Atlanta, GA"
ORD100663,FedEx,US8276975466,2025-08-11,2025-08-14,Returned to Sender,"Phoenix, AZ"
ORD100664,FedEx,DH6676450587,2026-05-21,2026-05-29,Delivered,"Boston, MA"
ORD100665,UPS,US4096747609,2025-12-23,2025-12-25,Delivered,"Miami, FL"
ORD100666,DHL,UP9734592066,2025-09-15,2025-09-19,Delivered,"Salt Lake City, UT"
ORD100667,USPS,UP6249606171,2025-09-06,2025-09-11,Delivered,"Boston, MA"
ORD100668,FedEx,DH5029830872,2025-08-04,2025-08-11,Delivered,"Denver, CO"
ORD100669,DHL,DH1101067602,2026-06-19,2026-06-21,Delivered,"Atlanta, GA"
ORD100670,UPS,DH5589790095,2025-12-04,2025-12-08,Delivered,"Chicago, IL"
ORD100672,USPS,DH1108032224,2026-01-07,2026-01-15,Out for Delivery,"Chicago, IL"
ORD100673,UPS,US2811856663,2025-11-30,2025-12-04,Returned to Sender,"Atlanta, GA"
ORD100675,USPS,DH5091830586,2026-02-19,2026-02-27,Delivered,"Salt Lake City, UT"
ORD100676,FedEx,UP2553084324,2025-09-10,2025-09-14,Delivered,"Columbus, OH"
ORD100677,FedEx,US8413363528,2025-09-25,2025-09-30,Delivered,"Atlanta, GA"
ORD100678,USPS,UP6827915017,2026-05-08,2026-05-14,Delivered,"Columbus, OH"
ORD100679,UPS,FE2842689134,2025-08-10,2025-08-14,In Transit,"Portland, OR"
ORD100681,FedEx,FE1780588158,2026-03-03,2026-03-06,Delivered,"Nashville, TN"
ORD100683,DHL,FE5241083889,2025-09-30,2025-10-04,Delivered,"Denver, CO"
ORD100684,FedEx,US1056720777,2026-07-25,2026-07-27,Delayed - carrier exception,"Denver, CO"
ORD100686,DHL,US9020145768,2025-09-24,2025-09-30,Delivered,"Nashville, TN"
ORD100687,DHL,UP8890374506,2025-09-08,2025-09-11,Delivered,"Austin, TX"
ORD100689,UPS,UP4838658273,2026-03-02,2026-03-11,Out for Delivery,"Nashville, TN"
ORD100693,UPS,FE9561219277,2025-08-16,2025-08-24,Delivered,"Seattle, WA"
ORD100694,DHL,FE1610046667,2026-02-13,2026-02-20,Delivered,"Denver, CO"
ORD100696,UPS,UP8968364599,2026-06-30,2026-07-03,Delivered,"Columbus, OH"
ORD100697,UPS,FE1632906836,2025-08-12,2025-08-19,In Transit,"Nashville, TN"
ORD100698,UPS,UP8999384161,2026-02-10,2026-02-18,Returned to Sender,"San Diego, CA"
ORD100699,UPS,DH8676128752,2025-09-16,2025-09-24,Delayed - carrier exception,"Atlanta, GA"
ORD100700,DHL,DH1422970780,2026-01-10,2026-01-13,Delivered,"Salt Lake City, UT"
ORD100701,DHL,UP2646485998,2026-05-16,2026-05-18,Delivered,"Minneapolis, MN"
ORD100702,USPS,FE2896412521,2025-12-28,2026-01-01,Delivered,"Austin, TX"
ORD100703,FedEx,UP5714596885,2025-08-31,2025-09-09,In Transit,"Raleigh, NC"
ORD100704,DHL,UP2646358214,2026-04-29,2026-05-06,Delivered,"San Diego, CA"
ORD100705,USPS,FE7222097130,2026-01-18,2026-01-22,Delivered,"Miami, FL"
ORD100706,UPS,DH7338890656,2025-08-07,2025-08-12,Delivered,"Phoenix, AZ"
ORD100708,USPS,US4338996827,2026-07-09,2026-07-11,In Transit,"San Diego, CA"
ORD100709,USPS,FE2349781978,2025-08-14,2025-08-23,Delivered,"Boston, MA"
ORD100710,USPS,UP9920537307,2026-01-12,2026-01-19,In Transit,"Phoenix, AZ"
ORD100712,FedEx,DH8860358355,2025-11-14,2025-11-17,Returned to Sender,"Denver, CO"
ORD100713,USPS,US3377088151,2026-03-06,2026-03-13,Delivered,"Denver, CO"
ORD100714,FedEx,FE9119564548,2025-09-24,2025-10-02,Delivered,"Columbus, OH"
ORD100715,FedEx,UP5640218557,2025-12-15,2025-12-24,Delivered,"Portland, OR"
ORD100716,USPS,DH3480653221,2025-08-20,2025-08-26,Delivered,"Salt Lake City, UT"
ORD100717,DHL,US2117162058,2025-10-22,2025-10-24,Delivered,"San Diego, CA"
ORD100718,UPS,DH4698735589,2026-06-11,2026-06-15,Delivered,"Portland, OR"
ORD100719,DHL,US4539322812,2025-10-01,2025-10-09,Delivered,"Portland, OR"
ORD100720,DHL,FE7640584556,2026-05-12,2026-05-19,Delivered,"Austin, TX"
ORD100721,UPS,FE1712552060,2026-03-04,2026-03-07,Delivered,"Columbus, OH"
ORD100723,FedEx,FE6718253957,2025-10-19,2025-10-24,Delivered,"Phoenix, AZ"
ORD100725,UPS,DH4947660867,2026-02-23,2026-02-27,In Transit,"Atlanta, GA"
ORD100726,FedEx,DH8645367105,2025-08-04,2025-08-07,Delivered,"Seattle, WA"
ORD100727,USPS,US1687422880,2026-01-08,2026-01-17,Delivered,"Atlanta, GA"
ORD100730,DHL,FE7961329511,2026-02-23,2026-03-03,Delivered,"Atlanta, GA"
ORD100731,UPS,US1262355610,2025-11-27,2025-12-03,Delivered,"Phoenix, AZ"
ORD100732,UPS,FE5746228612,2025-09-01,2025-09-07,Delivered,"Chicago, IL"
ORD100734,USPS,US5326851671,2026-03-28,2026-04-02,Delivered,"San Diego, CA"
ORD100735,UPS,DH2521664633,2026-04-09,2026-04-14,Delayed - carrier exception,"Minneapolis, MN"
ORD100736,USPS,US3278071297,2025-08-30,2025-09-01,Out for Delivery,"Salt Lake City, UT"
ORD100737,USPS,UP2603019928,2025-10-26,2025-10-30,Delivered,"Phoenix, AZ"
ORD100739,UPS,UP2174789396,2026-07-05,2026-07-07,In Transit,"Denver, CO"
ORD100740,DHL,FE4604093744,2025-10-28,2025-11-01,Delayed - carrier exception,"Boston, MA"
ORD100741,UPS,FE9804263115,2026-03-08,2026-03-10,Delayed - carrier exception,"San Diego, CA"
ORD100742,DHL,FE3542132058,2025-11-20,2025-11-26,In Transit,"Nashville, TN"
ORD100743,DHL,US2718988851,2026-07-23,2026-07-25,Delivered,"Phoenix, AZ"
ORD100744,FedEx,US6275375921,2025-08-30,2025-09-06,Delivered,"Austin, TX"
ORD100745,UPS,DH1492487564,2026-03-04,2026-03-09,Delayed - carrier exception,"Nashville, TN"
ORD100746,USPS,US2235685421,2026-06-14,2026-06-17,Delivered,"Boston, MA"
ORD100747,UPS,US7890867713,2026-03-24,2026-03-26,In Transit,"Boston, MA"
ORD100748,UPS,UP1784914375,2025-12-20,2025-12-29,In Transit,"Columbus, OH"
ORD100751,UPS,DH5882585297,2025-12-10,2025-12-17,Delivered,"San Diego, CA"
ORD100753,USPS,UP4427741097,2025-08-01,2025-08-04,Delivered,"Boston, MA"
ORD100754,FedEx,US6249004029,2026-04-03,2026-04-11,Delivered,"San Diego, CA"
ORD100755,DHL,US9067968378,2026-04-25,2026-04-28,Delivered,"Miami, FL"
ORD100756,FedEx,US3453514582,2026-03-28,2026-04-03,Delivered,"Salt Lake City, UT"
ORD100757,FedEx,DH2653814748,2026-03-21,2026-03-27,Delayed - carrier exception,"Phoenix, AZ"
ORD100758,USPS,DH2055046371,2026-02-02,2026-02-07,Delivered,"Portland, OR"
ORD100760,UPS,US5495502901,2026-05-08,2026-05-16,Delivered,"Phoenix, AZ"
ORD100761,FedEx,US8033784052,2026-05-22,2026-05-31,Out for Delivery,"Boston, MA"
ORD100762,FedEx,DH2901733829,2026-05-21,2026-05-29,Delivered,"Minneapolis, MN"
ORD100763,FedEx,UP3106844931,2025-11-05,2025-11-09,Delivered,"Minneapolis, MN"
ORD100764,DHL,US7918101230,2026-07-27,2026-07-29,Delivered,"Miami, FL"
ORD100765,UPS,US1082797040,2025-12-27,2025-12-30,In Transit,"Raleigh, NC"
ORD100766,DHL,UP5303521830,2026-05-18,2026-05-25,In Transit,"Nashville, TN"
ORD100767,UPS,FE3995201670,2026-04-30,2026-05-06,In Transit,"Raleigh, NC"
ORD100769,DHL,US3194737792,2026-06-26,2026-06-28,Delivered,"Denver, CO"
ORD100770,DHL,FE1874399893,2026-03-19,2026-03-25,Returned to Sender,"Austin, TX"
ORD100771,DHL,UP8603785258,2025-08-18,2025-08-22,Delivered,"Columbus, OH"
ORD100772,UPS,DH8006577194,2026-01-16,2026-01-23,In Transit,"Columbus, OH"
ORD100774,FedEx,DH9833968573,2026-03-29,2026-03-31,In Transit,"Chicago, IL"
ORD100775,UPS,US1025210091,2026-03-05,2026-03-13,Delivered,"Raleigh, NC"
ORD100776,DHL,US2067917939,2025-12-29,2026-01-02,In Transit,"Chicago, IL"
ORD100777,USPS,UP6907438144,2025-12-14,2025-12-18,Delivered,"Salt Lake City, UT"
ORD100778,DHL,US8308687375,2026-07-20,2026-07-23,Delivered,"San Diego, CA"
ORD100779,DHL,DH1546204415,2026-05-06,2026-05-13,Delivered,"Atlanta, GA"
ORD100780,UPS,UP4214760338,2026-02-24,2026-03-05,Delivered,"Salt Lake City, UT"
ORD100781,DHL,DH2710063308,2026-06-07,2026-06-11,Returned to Sender,"Austin, TX"
ORD100782,UPS,UP9471984114,2026-05-27,2026-05-31,Delivered,"Columbus, OH"
ORD100784,USPS,UP4204198805,2025-12-06,2025-12-11,In Transit,"Denver, CO"
ORD100785,DHL,UP5053998404,2025-10-20,2025-10-29,Out for Delivery,"Salt Lake City, UT"
ORD100786,DHL,US7629557099,2026-06-29,2026-07-04,Delivered,"Miami, FL"
ORD100787,FedEx,US1649964551,2026-06-11,2026-06-15,Delivered,"Atlanta, GA"
ORD100788,DHL,UP9735771191,2026-01-21,2026-01-27,Returned to Sender,"Miami, FL"
ORD100789,DHL,DH7554945913,2026-02-21,2026-02-23,Delivered,"Portland, OR"
ORD100791,DHL,FE1054686685,2026-07-31,2026-08-07,Out for Delivery,"Nashville, TN"
ORD100792,UPS,US4101969275,2025-11-10,2025-11-14,Delivered,"Austin, TX"
ORD100793,USPS,US8931209686,2026-04-04,2026-04-10,Delivered,"Nashville, TN"
ORD100795,FedEx,DH3705292285,2025-11-24,2025-12-01,Out for Delivery,"Denver, CO"
ORD100797,FedEx,US4186812559,2026-01-29,2026-02-05,In Transit,"Miami, FL"
ORD100798,DHL,DH1011565670,2026-01-11,2026-01-19,Delivered,"Austin, TX"
ORD100799,FedEx,FE3924755144,2025-12-03,2025-12-07,Delivered,"Seattle, WA"
ORD100801,USPS,FE6936231213,2025-12-21,2025-12-25,Delivered,"Columbus, OH"
ORD100802,UPS,DH6583376103,2026-06-03,2026-06-08,Delivered,"Austin, TX"
ORD100803,FedEx,FE1955019735,2026-04-18,2026-04-22,Delivered,"Austin, TX"
ORD100804,DHL,UP1512410538,2025-10-13,2025-10-20,In Transit,"Seattle, WA"
ORD100805,FedEx,DH6465933526,2025-08-16,2025-08-25,Delivered,"Raleigh, NC"
ORD100806,FedEx,US4131867260,2026-04-03,2026-04-11,Delivered,"San Diego, CA"
ORD100807,UPS,DH9906355316,2026-04-06,2026-04-11,Delivered,"Austin, TX"
ORD100808,USPS,FE2689514409,2025-10-07,2025-10-15,Delivered,"Austin, TX"
ORD100809,DHL,US4596690169,2025-12-02,2025-12-05,Delivered,"Raleigh, NC"
ORD100810,UPS,FE5909845099,2025-09-30,2025-10-02,Delivered,"Minneapolis, MN"
ORD100812,DHL,FE9448235386,2026-02-04,2026-02-06,In Transit,"Austin, TX"
ORD100813,USPS,UP3206731507,2026-04-11,2026-04-17,Returned to Sender,"Salt Lake City, UT"
ORD100814,DHL,UP4723546916,2026-06-19,2026-06-26,In Transit,"Boston, MA"
ORD100815,FedEx,UP2754016563,2026-02-07,2026-02-15,Delivered,"Boston, MA"
ORD100816,DHL,DH1068871675,2026-01-07,2026-01-11,Delivered,"Minneapolis, MN"
ORD100817,DHL,UP5682227896,2025-09-03,2025-09-05,Delivered,"Denver, CO"
ORD100818,USPS,US1322351541,2026-01-09,2026-01-13,Delivered,"Seattle, WA"
ORD100820,FedEx,DH8380922117,2025-11-19,2025-11-28,In Transit,"Denver, CO"
ORD100821,DHL,DH5324669454,2026-01-18,2026-01-27,Delivered,"Atlanta, GA"
ORD100822,DHL,UP1932067501,2025-11-03,2025-11-10,In Transit,"Boston, MA"
ORD100823,UPS,UP2383666742,2026-07-20,2026-07-26,In Transit,"Austin, TX"
ORD100824,USPS,UP1200721431,2026-03-23,2026-03-27,Delivered,"Chicago, IL"
ORD100825,UPS,UP9424695859,2025-08-11,2025-08-17,In Transit,"Atlanta, GA"
ORD100828,USPS,UP1664540814,2026-07-21,2026-07-29,Delivered,"Minneapolis, MN"
ORD100829,FedEx,DH3053606263,2026-06-16,2026-06-19,Delivered,"Boston, MA"
ORD100830,USPS,UP8001546148,2025-08-02,2025-08-09,Delivered,"Seattle, WA"
ORD100831,USPS,UP7133331989,2025-08-21,2025-08-29,Delivered,"Portland, OR"
ORD100832,USPS,DH4130724105,2026-05-20,2026-05-28,Out for Delivery,"Salt Lake City, UT"
ORD100833,USPS,FE7468590559,2025-12-14,2025-12-23,Delivered,"San Diego, CA"
ORD100834,UPS,UP2636408399,2026-06-14,2026-06-19,Delayed - carrier exception,"Seattle, WA"
ORD100835,FedEx,FE4005632094,2026-05-08,2026-05-13,In Transit,"Atlanta, GA"
ORD100836,UPS,UP6759585286,2026-03-12,2026-03-21,Returned to Sender,"Atlanta, GA"
ORD100837,DHL,FE8936326783,2026-07-22,2026-07-31,In Transit,"Miami, FL"
ORD100838,USPS,DH6458983423,2025-08-27,2025-09-03,Out for Delivery,"Boston, MA"
ORD100839,DHL,UP6159675706,2026-01-13,2026-01-18,Delivered,"Austin, TX"
ORD100840,DHL,US7470657814,2026-05-05,2026-05-07,Delivered,"Denver, CO"
ORD100842,UPS,US3934722594,2025-09-21,2025-09-29,Delivered,"Minneapolis, MN"
ORD100843,DHL,US1021209729,2026-02-12,2026-02-18,Delivered,"Denver, CO"
ORD100844,FedEx,FE2944053813,2025-11-12,2025-11-21,Delivered,"Nashville, TN"
ORD100845,UPS,FE9798289219,2025-11-09,2025-11-17,Delivered,"Austin, TX"
ORD100846,DHL,FE3091557458,2025-11-24,2025-11-26,Delivered,"Columbus, OH"
ORD100847,FedEx,DH6173906416,2025-10-17,2025-10-23,In Transit,"Phoenix, AZ"
ORD100848,USPS,FE9110062845,2026-07-21,2026-07-26,In Transit,"Columbus, OH"
ORD100849,FedEx,UP5163742778,2026-05-08,2026-05-14,Delivered,"Seattle, WA"
ORD100850,DHL,DH7318605516,2026-06-03,2026-06-08,Delayed - carrier exception,"Denver, CO"
ORD100852,USPS,DH2187359637,2026-07-19,2026-07-23,Delivered,"Nashville, TN"
ORD100854,DHL,UP4005591724,2026-06-14,2026-06-17,Delivered,"Nashville, TN"
ORD100855,UPS,US4345519290,2026-05-29,2026-06-07,Delivered,"Miami, FL"
ORD100856,UPS,UP8102859640,2026-01-21,2026-01-25,Returned to Sender,"Portland, OR"
ORD100858,USPS,US9893164929,2026-08-01,2026-08-10,Out for Delivery,"Portland, OR"
ORD100859,DHL,UP5579761918,2026-04-13,2026-04-15,In Transit,"Nashville, TN"
ORD100860,DHL,UP7466193325,2026-04-11,2026-04-19,In Transit,"Seattle, WA"
ORD100861,UPS,UP7844794127,2026-02-27,2026-03-07,Returned to Sender,"Denver, CO"
ORD100862,FedEx,UP9703978426,2025-09-29,2025-10-07,In Transit,"Nashville, TN"
ORD100863,UPS,UP1991999034,2026-02-21,2026-02-26,Delivered,"Portland, OR"
ORD100865,USPS,US8260715250,2026-03-05,2026-03-10,In Transit,"Chicago, IL"
ORD100866,USPS,US3714958863,2026-03-14,2026-03-17,Delayed - carrier exception,"Phoenix, AZ"
ORD100867,UPS,US6498231134,2026-01-11,2026-01-20,Delivered,"Columbus, OH"
ORD100868,FedEx,UP5020987061,2026-04-18,2026-04-20,Delivered,"Raleigh, NC"
ORD100869,FedEx,DH4790223364,2025-08-26,2025-08-29,Delivered,"San Diego, CA"
ORD100870,UPS,DH1092981535,2026-06-18,2026-06-24,Delivered,"Austin, TX"
ORD100871,DHL,US4938469976,2026-06-09,2026-06-16,In Transit,"Columbus, OH"
ORD100872,FedEx,UP5676052179,2026-07-10,2026-07-15,Delivered,"San Diego, CA"
ORD100873,USPS,US3308734618,2026-07-29,2026-08-05,Delivered,"Denver, CO"
ORD100874,UPS,FE7988390920,2026-02-16,2026-02-22,Delivered,"Boston, MA"
ORD100875,FedEx,DH9898335967,2026-06-08,2026-06-12,Delivered,"Denver, CO"
ORD100876,USPS,UP8275652470,2025-09-21,2025-09-23,Out for Delivery,"San Diego, CA"
ORD100877,FedEx,UP9716937418,2025-08-13,2025-08-18,Delivered,"Minneapolis, MN"
ORD100878,DHL,DH7072495084,2026-02-13,2026-02-16,Delivered,"Columbus, OH"
ORD100879,UPS,DH9469457640,2025-10-11,2025-10-13,Out for Delivery,"Denver, CO"
ORD100880,UPS,US2733471995,2026-03-05,2026-03-08,Delivered,"Phoenix, AZ"
ORD100881,USPS,UP1225685630,2026-06-12,2026-06-19,Delivered,"Boston, MA"
ORD100882,USPS,US6079690890,2026-04-09,2026-04-17,In Transit,"Salt Lake City, UT"
ORD100883,FedEx,UP8229916046,2025-12-14,2025-12-21,Delivered,"Phoenix, AZ"
ORD100884,UPS,UP5578884743,2026-04-04,2026-04-13,Delivered,"Minneapolis, MN"
ORD100885,FedEx,US7821955191,2026-02-09,2026-02-16,In Transit,"Denver, CO"
ORD100886,DHL,DH9996919595,2026-05-28,2026-06-06,In Transit,"Portland, OR"
ORD100887,FedEx,US5573809091,2026-04-28,2026-05-03,Returned to Sender,"Columbus, OH"
ORD100888,FedEx,DH6669715485,2026-04-30,2026-05-09,Delivered,"Denver, CO"
ORD100889,USPS,UP1842569234,2026-03-22,2026-03-25,Out for Delivery,"Phoenix, AZ"
ORD100890,FedEx,US1593158202,2025-11-04,2025-11-11,Delivered,"Salt Lake City, UT"
ORD100891,FedEx,US1608457286,2025-09-18,2025-09-21,Delivered,"Phoenix, AZ"
ORD100892,UPS,US1160452507,2026-02-21,2026-02-25,Delayed - carrier exception,"Seattle, WA"
ORD100893,FedEx,FE6187180392,2026-05-29,2026-05-31,Delivered,"Denver, CO"
ORD100894,UPS,US8988288681,2025-11-22,2025-11-27,Delivered,"Seattle, WA"
ORD100895,FedEx,UP7493985530,2025-10-05,2025-10-14,Delivered,"Boston, MA"
ORD100897,UPS,US4326009933,2025-12-02,2025-12-11,In Transit,"Nashville, TN"
ORD100898,DHL,DH2289118584,2026-02-12,2026-02-14,Returned to Sender,"Columbus, OH"
ORD100899,USPS,DH6297091582,2026-02-06,2026-02-15,Out for Delivery,"Minneapolis, MN"
ORD100901,DHL,UP6259640788,2025-11-13,2025-11-22,Delivered,"Nashville, TN"
ORD100903,FedEx,DH5708063733,2026-03-01,2026-03-06,In Transit,"Columbus, OH"
ORD100904,DHL,UP3035744928,2025-09-11,2025-09-16,Out for Delivery,"Austin, TX"
ORD100905,FedEx,UP1893380803,2026-07-20,2026-07-29,Delivered,"Miami, FL"
ORD100907,USPS,US8518995754,2026-06-24,2026-07-02,Returned to Sender,"Nashville, TN"
ORD100908,USPS,FE1471747600,2025-11-05,2025-11-10,In Transit,"Boston, MA"
ORD100909,UPS,UP2411483319,2026-02-12,2026-02-20,Delivered,"Raleigh, NC"
ORD100910,FedEx,UP1972472567,2025-09-24,2025-09-26,In Transit,"Minneapolis, MN"
ORD100911,FedEx,US2139464266,2025-11-20,2025-11-26,Out for Delivery,"Miami, FL"
ORD100912,DHL,FE9483932995,2026-03-12,2026-03-15,Delivered,"Denver, CO"
ORD100913,DHL,DH4976407920,2026-05-29,2026-06-02,Out for Delivery,"Miami, FL"
ORD100914,USPS,UP5279561914,2025-08-17,2025-08-24,Delivered,"Atlanta, GA"
ORD100915,DHL,FE5637866661,2025-09-08,2025-09-11,Returned to Sender,"Chicago, IL"
ORD100916,DHL,FE3814082218,2026-07-25,2026-07-31,Out for Delivery,"Salt Lake City, UT"
ORD100918,DHL,US9529261412,2026-04-02,2026-04-05,In Transit,"Austin, TX"
ORD100919,USPS,UP2423765549,2025-12-24,2025-12-29,Delivered,"Denver, CO"
ORD100920,USPS,FE1008661237,2026-03-09,2026-03-18,Delivered,"San Diego, CA"
ORD100921,DHL,US3567893482,2026-04-07,2026-04-14,In Transit,"Boston, MA"
ORD100922,USPS,US4807543044,2026-02-06,2026-02-11,Delivered,"Phoenix, AZ"
ORD100923,FedEx,US5329305403,2026-03-18,2026-03-26,Delivered,"Phoenix, AZ"
ORD100924,UPS,US4470448240,2025-09-12,2025-09-20,Delayed - carrier exception,"Nashville, TN"
ORD100925,UPS,FE5817727629,2026-06-23,2026-07-01,In Transit,"Seattle, WA"
ORD100926,USPS,DH6122198471,2025-10-10,2025-10-16,Delivered,"Austin, TX"
ORD100928,USPS,UP1625428429,2025-09-30,2025-10-02,Returned to Sender,"Nashville, TN"
ORD100929,FedEx,DH3251382571,2026-06-01,2026-06-08,Delivered,"Portland, OR"
ORD100931,UPS,FE1752848400,2026-07-31,2026-08-09,Delivered,"Atlanta, GA"
ORD100932,UPS,FE8381865861,2026-05-12,2026-05-15,Out for Delivery,"Raleigh, NC"
ORD100933,USPS,FE2195106251,2025-12-01,2025-12-08,Delivered,"Columbus, OH"
ORD100934,FedEx,FE6963593440,2025-08-01,2025-08-03,In Transit,"Boston, MA"
ORD100935,UPS,DH2779724914,2025-11-27,2025-12-05,Delivered,"Phoenix, AZ"
ORD100936,DHL,DH7003375034,2026-07-05,2026-07-11,Delivered,"Chicago, IL"
ORD100937,USPS,FE4293348119,2026-04-13,2026-04-17,Delivered,"Chicago, IL"
ORD100938,USPS,US7264363960,2026-07-31,2026-08-03,Delivered,"Phoenix, AZ"
ORD100940,USPS,US5649589392,2026-02-06,2026-02-13,Delivered,"Raleigh, NC"
ORD100941,UPS,FE2901046408,2025-10-12,2025-10-20,Delivered,"Boston, MA"
ORD100942,UPS,UP9159781257,2025-10-19,2025-10-22,Delivered,"Phoenix, AZ"
ORD100943,FedEx,US2538851607,2026-03-31,2026-04-04,Returned to Sender,"Miami, FL"
ORD100944,USPS,UP3092566358,2026-03-04,2026-03-09,Delivered,"Chicago, IL"
ORD100945,USPS,DH9864771002,2025-08-29,2025-09-05,Delivered,"Boston, MA"
ORD100946,USPS,UP2006451779,2026-06-03,2026-06-05,Returned to Sender,"Atlanta, GA"
ORD100947,FedEx,US2515022943,2026-03-26,2026-04-04,Delivered,"Austin, TX"
ORD100948,DHL,FE1536963767,2025-09-24,2025-10-03,Delivered,"Raleigh, NC"
ORD100949,FedEx,UP1567130806,2026-05-12,2026-05-15,In Transit,"Minneapolis, MN"
ORD100950,USPS,UP1581896260,2026-02-17,2026-02-25,Delivered,"Chicago, IL"
ORD100951,USPS,DH3138808618,2025-10-03,2025-10-09,Delivered,"Raleigh, NC"
ORD100952,UPS,UP4752519255,2025-10-17,2025-10-24,Returned to Sender,"Minneapolis, MN"
ORD100953,UPS,UP9464945840,2025-11-16,2025-11-24,In Transit,"Boston, MA"
ORD100954,FedEx,US4846215290,2026-08-01,2026-08-09,Delivered,"Phoenix, AZ"
ORD100957,DHL,US7059050795,2025-09-02,2025-09-09,Returned to Sender,"Raleigh, NC"
ORD100958,DHL,UP2352491308,2025-12-28,2025-12-30,Delivered,"Atlanta, GA"
ORD100961,USPS,FE1799063485,2025-11-18,2025-11-24,Delivered,"Boston, MA"
ORD100963,UPS,UP5697007311,2025-10-10,2025-10-12,Out for Delivery,"Chicago, IL"
ORD100965,UPS,DH1860974508,2025-09-02,2025-09-07,Delivered,"Raleigh, NC"
ORD100966,USPS,UP4232985402,2025-10-16,2025-10-24,Delivered,"Nashville, TN"
ORD100967,UPS,DH8203426392,2026-07-13,2026-07-16,In Transit,"San Diego, CA"
ORD100968,USPS,US6219025091,2026-03-10,2026-03-15,In Transit,"Seattle, WA"
ORD100969,FedEx,UP4158080357,2025-08-01,2025-08-03,Delivered,"Miami, FL"
ORD100970,USPS,FE3951087403,2025-09-04,2025-09-12,Delivered,"Salt Lake City, UT"
ORD100971,FedEx,UP9770592892,2026-04-25,2026-05-02,Delivered,"Miami, FL"
ORD100972,USPS,FE1159780353,2026-02-23,2026-03-04,Delivered,"Miami, FL"
ORD100973,DHL,FE9955811913,2026-02-25,2026-03-05,Delivered,"Boston, MA"
ORD100974,DHL,FE8384840466,2026-02-13,2026-02-21,Delivered,"Denver, CO"
ORD100975,USPS,DH4030482810,2026-05-01,2026-05-08,Delivered,"Boston, MA"
ORD100976,FedEx,FE8221212040,2026-02-03,2026-02-12,Out for Delivery,"Phoenix, AZ"
ORD100978,DHL,DH6248358004,2025-08-03,2025-08-12,Delivered,"Minneapolis, MN"
ORD100979,DHL,UP9622808555,2026-02-05,2026-02-10,Returned to Sender,"Austin, TX"
ORD100981,DHL,UP3587885883,2025-09-30,2025-10-09,Delivered,"Raleigh, NC"
ORD100983,FedEx,DH5014401042,2026-07-12,2026-07-21,Delivered,"Portland, OR"
ORD100985,USPS,US1069053522,2026-02-23,2026-02-28,In Transit,"Chicago, IL"
ORD100986,DHL,UP1782968126,2025-10-18,2025-10-25,Returned to Sender,"Chicago, IL"
ORD100987,FedEx,FE6731955695,2025-09-08,2025-09-13,Delivered,"Boston, MA"
ORD100989,DHL,US7862813824,2026-04-15,2026-04-21,In Transit,"Nashville, TN"
ORD100991,UPS,DH4572357978,2026-06-03,2026-06-09,Delivered,"Boston, MA"
ORD100993,UPS,US1011225863,2026-04-22,2026-05-01,Delivered,"Raleigh, NC"
ORD100994,FedEx,FE6746324509,2025-08-11,2025-08-13,Delivered,"Phoenix, AZ"
ORD100996,UPS,FE7670274698,2026-06-04,2026-06-06,Delivered,"Miami, FL"
ORD100997,UPS,FE1988336985,2025-08-01,2025-08-08,Delivered,"Miami, FL"
ORD100998,FedEx,FE8023085096,2026-06-21,2026-06-25,Delivered,"Miami, FL"
ORD101000,USPS,UP9996515483,2025-09-08,2025-09-17,Delivered,"Columbus, OH"
ORD101001,FedEx,FE7381555874,2026-01-06,2026-01-13,Delivered,"Raleigh, NC"
ORD101003,FedEx,DH5988454291,2025-11-20,2025-11-27,In Transit,"Austin, TX"
ORD101004,UPS,DH8059128209,2026-06-01,2026-06-03,Delivered,"Columbus, OH"
ORD101005,USPS,UP8767119753,2026-01-15,2026-01-17,Out for Delivery,"Portland, OR"
ORD101006,USPS,FE7687451754,2025-10-09,2025-10-18,Delivered,"Boston, MA"
ORD101007,DHL,UP3455248854,2025-08-12,2025-08-20,Delivered,"Phoenix, AZ"
ORD101008,FedEx,US4323736983,2026-05-31,2026-06-08,In Transit,"Austin, TX"
ORD101009,DHL,FE3690622447,2025-11-03,2025-11-10,Returned to Sender,"Raleigh, NC"
ORD101010,FedEx,DH2182134112,2025-10-11,2025-10-19,Delivered,"Nashville, TN"
ORD101011,FedEx,FE2651164873,2026-02-22,2026-02-27,Delivered,"Nashville, TN"
ORD101013,USPS,DH3965157605,2025-12-12,2025-12-18,Delivered,"Austin, TX"
ORD101014,DHL,DH4388668343,2026-01-04,2026-01-06,Out for Delivery,"San Diego, CA"
ORD101015,UPS,US3176159094,2025-12-08,2025-12-15,Returned to Sender,"Salt Lake City, UT"
ORD101016,USPS,US2032242023,2025-11-25,2025-12-03,Delayed - carrier exception,"Boston, MA"
ORD101017,UPS,DH6376535626,2026-03-25,2026-03-31,Delivered,"Chicago, IL"
ORD101018,USPS,DH2990636104,2026-03-08,2026-03-12,Delivered,"Miami, FL"
ORD101020,USPS,FE4974460167,2025-08-24,2025-08-30,Delayed - carrier exception,"Raleigh, NC"
ORD101021,USPS,FE3825803399,2026-01-20,2026-01-22,Out for Delivery,"Atlanta, GA"
ORD101022,UPS,UP8518755959,2026-01-08,2026-01-14,Delivered,"Minneapolis, MN"
ORD101023,UPS,DH2537468258,2026-01-17,2026-01-19,Delivered,"Atlanta, GA"
ORD101024,UPS,US6792027944,2025-10-16,2025-10-25,Out for Delivery,"Chicago, IL"
ORD101025,USPS,US8854624761,2025-12-10,2025-12-13,In Transit,"Portland, OR"
ORD101026,UPS,DH6369481313,2025-11-21,2025-11-30,Delivered,"Chicago, IL"
ORD101027,USPS,FE7193666870,2025-10-10,2025-10-18,Delivered,"Austin, TX"
ORD101029,UPS,UP7093583669,2025-09-08,2025-09-15,Delivered,"San Diego, CA"
ORD101030,UPS,FE5918809898,2025-09-22,2025-09-28,In Transit,"Raleigh, NC"
ORD101031,USPS,UP7319531805,2026-02-21,2026-02-24,In Transit,"Chicago, IL"
ORD101033,FedEx,FE4675434286,2025-12-25,2026-01-01,In Transit,"Chicago, IL"
ORD101034,DHL,UP2940957936,2026-04-06,2026-04-09,Delivered,"Raleigh, NC"
ORD101035,UPS,DH6679076361,2025-09-26,2025-09-29,Delayed - carrier exception,"Columbus, OH"
ORD101036,DHL,US4131012566,2026-03-11,2026-03-20,In Transit,"Austin, TX"
ORD101037,DHL,UP7702130341,2025-08-28,2025-09-01,Delivered,"Minneapolis, MN"
ORD101038,DHL,FE4346258017,2025-11-18,2025-11-27,In Transit,"Minneapolis, MN"
ORD101039,DHL,FE1191785346,2025-11-15,2025-11-19,Delivered,"Chicago, IL"
ORD101040,USPS,DH1258155182,2026-07-06,2026-07-11,Delivered,"Chicago, IL"
ORD101041,FedEx,UP2765552153,2025-10-16,2025-10-21,Out for Delivery,"Seattle, WA"
ORD101042,USPS,DH7134977151,2025-11-30,2025-12-02,Returned to Sender,"Portland, OR"
ORD101043,FedEx,DH5785194459,2025-08-11,2025-08-20,Out for Delivery,"Salt Lake City, UT"
ORD101044,FedEx,FE7967363739,2026-02-03,2026-02-06,Delivered,"Minneapolis, MN"
ORD101045,USPS,DH4533480711,2026-02-03,2026-02-11,In Transit,"Phoenix, AZ"
ORD101046,UPS,DH6816998048,2026-03-07,2026-03-15,Delivered,"Minneapolis, MN"
ORD101047,DHL,FE7548763875,2026-02-22,2026-03-03,Returned to Sender,"Chicago, IL"
ORD101048,DHL,UP4124679924,2025-10-24,2025-10-28,Delivered,"Portland, OR"
ORD101050,DHL,UP7080205645,2026-07-11,2026-07-19,In Transit,"Miami, FL"
ORD101051,FedEx,UP5128714209,2025-12-08,2025-12-17,Returned to Sender,"Salt Lake City, UT"
ORD101053,DHL,UP3486826558,2026-05-22,2026-05-28,Delivered,"Austin, TX"
ORD101054,FedEx,DH9358007444,2025-10-26,2025-10-28,Delivered,"Denver, CO"
ORD101055,DHL,US3578129028,2026-04-04,2026-04-10,In Transit,"Nashville, TN"
ORD101056,FedEx,FE5335396510,2025-10-09,2025-10-17,Delivered,"Phoenix, AZ"
ORD101057,USPS,DH4513180596,2026-06-21,2026-06-30,Delayed - carrier exception,"Phoenix, AZ"
ORD101058,UPS,FE1203414538,2025-09-23,2025-09-26,Delivered,"Denver, CO"
ORD101059,DHL,UP3968050530,2026-04-14,2026-04-18,Delivered,"Denver, CO"
ORD101060,FedEx,UP6565648575,2025-12-01,2025-12-07,Delivered,"San Diego, CA"
ORD101061,DHL,US3714924293,2026-04-16,2026-04-19,Out for Delivery,"Seattle, WA"
ORD101062,FedEx,US8868686875,2026-01-24,2026-01-28,Delayed - carrier exception,"Phoenix, AZ"
ORD101063,USPS,FE4542551744,2025-09-25,2025-10-01,Delivered,"Phoenix, AZ"
ORD101064,DHL,DH8459835842,2025-12-08,2025-12-13,Delivered,"Austin, TX"
ORD101065,UPS,FE7274527392,2026-06-30,2026-07-02,Delivered,"Miami, FL"
ORD101066,DHL,UP9307779046,2025-11-04,2025-11-09,Delivered,"Chicago, IL"
ORD101069,FedEx,US6541320763,2026-04-25,2026-04-28,Delivered,"Salt Lake City, UT"
ORD101071,FedEx,US2176668292,2026-01-06,2026-01-14,Delivered,"Raleigh, NC"
ORD101072,UPS,DH5462176408,2025-12-25,2025-12-28,Delivered,"Salt Lake City, UT"
ORD101073,FedEx,FE9706591774,2025-10-07,2025-10-11,Out for Delivery,"Boston, MA"
ORD101074,DHL,DH2490242444,2026-01-10,2026-01-19,Delivered,"Boston, MA"
ORD101075,USPS,UP5934042475,2025-09-18,2025-09-23,In Transit,"Minneapolis, MN"
ORD101076,USPS,UP7324939879,2026-07-11,2026-07-16,Delivered,"Chicago, IL"
ORD101077,UPS,UP6711316233,2026-04-27,2026-05-01,In Transit,"Atlanta, GA"
ORD101079,UPS,US3581016416,2026-06-21,2026-06-27,In Transit,"Phoenix, AZ"
ORD101080,FedEx,US2176686702,2026-02-25,2026-03-02,Delivered,"Austin, TX"
ORD101081,DHL,FE3759421055,2025-11-17,2025-11-26,In Transit,"Austin, TX"
ORD101082,UPS,US2924277998,2026-05-26,2026-05-28,Delivered,"Minneapolis, MN"
ORD101083,FedEx,DH6551379126,2026-02-01,2026-02-09,Out for Delivery,"Austin, TX"
ORD101084,USPS,FE6489994026,2026-07-17,2026-07-25,Returned to Sender,"Columbus, OH"
ORD101085,USPS,FE9165595583,2026-06-26,2026-07-05,Delayed - carrier exception,"Phoenix, AZ"
ORD101086,FedEx,UP2419222174,2026-03-11,2026-03-14,Delivered,"Atlanta, GA"
ORD101088,USPS,US1948048352,2026-04-22,2026-04-30,Delayed - carrier exception,"Chicago, IL"
ORD101089,USPS,US8336289649,2025-08-11,2025-08-16,Delivered,"Austin, TX"
ORD101090,USPS,US8215557184,2026-02-08,2026-02-16,Delivered,"Chicago, IL"
ORD101091,UPS,US2811097232,2025-12-10,2025-12-14,Delivered,"Chicago, IL"
ORD101093,DHL,US3991961865,2026-03-25,2026-03-30,Out for Delivery,"Boston, MA"
ORD101094,USPS,UP7817973529,2026-05-12,2026-05-17,Delivered,"Atlanta, GA"
ORD101095,USPS,UP9016884525,2026-03-24,2026-03-30,Delivered,"Austin, TX"
ORD101096,DHL,UP1893185372,2025-09-10,2025-09-17,Delivered,"Minneapolis, MN"
ORD101098,UPS,US5096673389,2026-04-17,2026-04-25,Delivered,"Phoenix, AZ"
ORD101100,FedEx,DH8875029005,2026-05-20,2026-05-28,In Transit,"Denver, CO"
ORD101101,FedEx,US8431007395,2026-05-08,2026-05-16,Delivered,"Boston, MA"
ORD101102,DHL,DH8876514100,2025-09-17,2025-09-26,Delivered,"San Diego, CA"
ORD101103,FedEx,US4085199851,2026-07-30,2026-08-06,Delivered,"Austin, TX"
ORD101105,FedEx,DH2615321904,2026-04-04,2026-04-07,Delivered,"Chicago, IL"
ORD101106,USPS,UP1011436449,2026-03-19,2026-03-25,Delivered,"Nashville, TN"
ORD101108,UPS,FE5902079140,2026-01-30,2026-02-02,Delivered,"Miami, FL"
ORD101109,UPS,FE7881900925,2025-12-16,2025-12-23,Returned to Sender,"Raleigh, NC"
ORD101110,DHL,US4716653684,2026-06-13,2026-06-17,Delivered,"Miami, FL"
ORD101111,FedEx,FE4145374623,2026-06-15,2026-06-20,Returned to Sender,"Atlanta, GA"
ORD101112,DHL,UP4637801564,2025-09-02,2025-09-09,Delivered,"Columbus, OH"
ORD101113,USPS,DH1378477126,2025-10-28,2025-10-31,Delivered,"Denver, CO"
ORD101114,FedEx,US2274886145,2026-06-24,2026-06-26,Returned to Sender,"Chicago, IL"
ORD101115,DHL,DH8335462339,2025-09-15,2025-09-22,Delivered,"Phoenix, AZ"
ORD101117,FedEx,FE8046823725,2025-10-12,2025-10-15,Delivered,"Salt Lake City, UT"
ORD101118,UPS,DH4973081946,2025-08-08,2025-08-11,Delivered,"Boston, MA"
ORD101121,UPS,FE8925439539,2025-10-10,2025-10-15,In Transit,"Seattle, WA"
ORD101122,USPS,US5486934774,2026-04-11,2026-04-18,Returned to Sender,"Denver, CO"
ORD101123,FedEx,UP4572354209,2026-06-24,2026-06-30,Delivered,"Miami, FL"
ORD101124,FedEx,US7166076617,2026-01-30,2026-02-05,Delivered,"Nashville, TN"
ORD101125,DHL,DH6930993187,2025-11-13,2025-11-17,In Transit,"Chicago, IL"
ORD101126,UPS,FE4799847242,2026-06-11,2026-06-15,Out for Delivery,"Salt Lake City, UT"
ORD101127,FedEx,FE1071624258,2026-05-13,2026-05-22,Delayed - carrier exception,"Salt Lake City, UT"
ORD101128,DHL,FE9405393496,2025-12-11,2025-12-14,Delivered,"Atlanta, GA"
ORD101129,UPS,UP6986510954,2025-10-06,2025-10-13,Delivered,"San Diego, CA"
ORD101130,UPS,UP4281104738,2025-12-10,2025-12-14,Out for Delivery,"Phoenix, AZ"
ORD101132,UPS,DH9476401487,2025-12-31,2026-01-06,In Transit,"Phoenix, AZ"
ORD101133,USPS,US7969239352,2026-01-14,2026-01-21,In Transit,"Salt Lake City, UT"
ORD101134,DHL,DH6399512156,2026-03-24,2026-03-27,Delivered,"Minneapolis, MN"
ORD101136,UPS,US4514041298,2025-09-26,2025-09-28,Delivered,"Columbus, OH"
ORD101137,USPS,UP4200212544,2026-02-18,2026-02-22,Delivered,"Salt Lake City, UT"
ORD101138,FedEx,FE5169675781,2026-06-05,2026-06-11,In Transit,"Boston, MA"
ORD101139,UPS,US7558344464,2025-11-12,2025-11-21,Delivered,"San Diego, CA"
ORD101140,UPS,DH9765611261,2026-04-05,2026-04-12,Delivered,"Chicago, IL"
ORD101142,USPS,FE9674159685,2025-09-25,2025-09-29,Delivered,"Minneapolis, MN"
ORD101143,USPS,DH7493984119,2026-01-11,2026-01-16,Delivered,"Columbus, OH"
ORD101144,FedEx,DH7370615400,2025-08-03,2025-08-06,Delayed - carrier exception,"Columbus, OH"
ORD101145,FedEx,DH9236256345,2026-05-21,2026-05-26,In Transit,"Raleigh, NC"
ORD101146,DHL,US5452594364,2026-04-24,2026-05-02,Delivered,"Phoenix, AZ"
ORD101147,DHL,FE3420975571,2026-01-04,2026-01-13,Returned to Sender,"Raleigh, NC"
ORD101148,FedEx,US6199096822,2026-05-25,2026-05-31,Delivered,"Nashville, TN"
ORD101150,USPS,DH2093337078,2026-07-06,2026-07-13,Delivered,"Portland, OR"
ORD101151,UPS,US9447076195,2026-06-28,2026-07-02,Delivered,"Chicago, IL"
ORD101152,DHL,DH1190315635,2026-07-13,2026-07-16,Delayed - carrier exception,"Raleigh, NC"
ORD101153,FedEx,US5373319908,2025-12-14,2025-12-20,Delivered,"Portland, OR"
ORD101154,USPS,FE6225910491,2026-06-01,2026-06-08,Delivered,"Columbus, OH"
ORD101155,DHL,US9724108440,2026-07-31,2026-08-02,Delivered,"Denver, CO"
ORD101156,UPS,US5715301959,2026-03-14,2026-03-22,In Transit,"San Diego, CA"
ORD101158,DHL,FE3100452758,2026-07-13,2026-07-20,Delivered,"San Diego, CA"
ORD101159,UPS,FE5614558653,2026-05-01,2026-05-04,Returned to Sender,"Minneapolis, MN"
ORD101160,DHL,DH4798636315,2026-03-27,2026-04-03,Delivered,"Portland, OR"
ORD101161,UPS,US2782757414,2026-04-24,2026-04-26,In Transit,"Miami, FL"
ORD101162,UPS,FE3824691843,2026-05-31,2026-06-04,Delivered,"Chicago, IL"
ORD101163,USPS,US6662799283,2026-02-11,2026-02-15,Delivered,"Nashville, TN"
ORD101165,USPS,UP1248844772,2026-07-18,2026-07-20,Delivered,"Raleigh, NC"
ORD101166,FedEx,US8997037294,2026-06-26,2026-07-02,Delayed - carrier exception,"Minneapolis, MN"
ORD101167,USPS,FE4862894413,2026-02-11,2026-02-16,Out for Delivery,"Phoenix, AZ"
ORD101168,USPS,DH9194529772,2025-10-26,2025-11-03,Delivered,"Salt Lake City, UT"
ORD101170,USPS,DH3409107975,2026-07-01,2026-07-05,Delivered,"Austin, TX"
ORD101171,USPS,US8713096714,2026-04-13,2026-04-21,Delivered,"Nashville, TN"
ORD101172,FedEx,DH1066425155,2026-03-29,2026-04-03,Delivered,"Columbus, OH"
ORD101173,DHL,DH5099480454,2026-07-06,2026-07-10,Delivered,"Columbus, OH"
ORD101175,UPS,UP2280082896,2026-05-21,2026-05-23,Delivered,"Seattle, WA"
ORD101176,USPS,US2482455887,2026-06-23,2026-07-02,Delivered,"Atlanta, GA"
ORD101178,DHL,FE3117179317,2026-01-16,2026-01-23,In Transit,"Minneapolis, MN"
ORD101179,UPS,US8295633518,2025-11-08,2025-11-14,Delivered,"Denver, CO"
ORD101180,USPS,FE8871508287,2026-02-16,2026-02-25,In Transit,"Boston, MA"
ORD101181,DHL,UP4619620406,2026-07-08,2026-07-15,Delivered,"Raleigh, NC"
ORD101182,DHL,US2461516654,2025-12-01,2025-12-10,Delivered,"Phoenix, AZ"
ORD101183,FedEx,FE9550537585,2026-05-05,2026-05-10,In Transit,"Nashville, TN"
ORD101185,USPS,DH6849991684,2026-04-03,2026-04-12,Delivered,"Boston, MA"
ORD101186,UPS,US7472128835,2026-03-02,2026-03-06,In Transit,"Boston, MA"
ORD101187,DHL,FE8914984681,2025-08-13,2025-08-20,Delivered,"San Diego, CA"
ORD101188,DHL,DH9119080119,2026-06-02,2026-06-11,Delivered,"Austin, TX"
ORD101189,DHL,DH3530850571,2026-03-27,2026-04-04,In Transit,"Chicago, IL"
ORD101190,UPS,FE6016200419,2025-09-04,2025-09-12,Returned to Sender,"Seattle, WA"
ORD101191,FedEx,DH4820789990,2025-11-07,2025-11-13,In Transit,"Boston, MA"
ORD101192,UPS,US1388024358,2026-05-17,2026-05-24,Delivered,"Minneapolis, MN"
ORD101193,DHL,US2054023347,2026-04-04,2026-04-10,Delivered,"Miami, FL"
ORD101194,UPS,DH9561406929,2026-06-19,2026-06-21,Delivered,"Phoenix, AZ"
ORD101195,UPS,UP1724920897,2026-01-19,2026-01-23,In Transit,"Austin, TX"
ORD101196,UPS,UP3078919449,2026-04-05,2026-04-13,Returned to Sender,"Boston, MA"
ORD101202,UPS,FE9109095656,2026-04-09,2026-04-18,Delivered,"Columbus, OH"
ORD101203,USPS,UP4544364423,2026-03-28,2026-04-06,Delivered,"Atlanta, GA"
ORD101204,USPS,DH3385384970,2026-02-19,2026-02-24,Delivered,"Austin, TX"
ORD101206,FedEx,DH1029924437,2025-10-19,2025-10-26,Delivered,"Miami, FL"
ORD101207,FedEx,UP8391082548,2025-09-23,2025-09-27,In Transit,"Austin, TX"
ORD101208,DHL,US3171195599,2026-07-28,2026-08-02,Delayed - carrier exception,"Minneapolis, MN"
ORD101210,FedEx,US4928779669,2026-06-06,2026-06-15,Returned to Sender,"Atlanta, GA"
ORD101211,FedEx,UP2930724174,2026-03-29,2026-04-03,In Transit,"San Diego, CA"
ORD101212,USPS,DH7523591587,2026-07-28,2026-08-04,Delivered,"Nashville, TN"
ORD101215,USPS,FE3583025487,2025-10-03,2025-10-05,Returned to Sender,"Columbus, OH"
ORD101216,UPS,UP6866785139,2026-04-05,2026-04-13,Delivered,"San Diego, CA"
ORD101217,FedEx,FE8210261862,2025-08-18,2025-08-24,In Transit,"Salt Lake City, UT"
ORD101218,FedEx,FE7535666171,2025-09-25,2025-09-27,Delivered,"Salt Lake City, UT"
ORD101219,USPS,UP8567619998,2025-11-23,2025-12-02,In Transit,"Minneapolis, MN"
ORD101220,UPS,US4347379083,2026-02-28,2026-03-08,Delivered,"Minneapolis, MN"
ORD101221,DHL,DH6633984108,2025-08-21,2025-08-29,Delivered,"Atlanta, GA"
ORD101222,UPS,FE9852636930,2026-04-09,2026-04-15,Delivered,"Seattle, WA"
ORD101223,USPS,UP7499935462,2025-12-17,2025-12-21,Delivered,"Minneapolis, MN"
ORD101224,DHL,UP6485679107,2026-01-18,2026-01-20,Delivered,"Salt Lake City, UT"
ORD101225,DHL,US9682872527,2026-07-13,2026-07-17,Delivered,"Atlanta, GA"
ORD101226,FedEx,UP5862199360,2025-11-06,2025-11-09,Delivered,"Boston, MA"
ORD101227,FedEx,US1652343126,2026-04-08,2026-04-14,Delayed - carrier exception,"Raleigh, NC"
ORD101228,FedEx,UP2377575976,2026-01-22,2026-01-29,In Transit,"Nashville, TN"
ORD101230,DHL,DH4425416154,2025-09-05,2025-09-14,Delayed - carrier exception,"Denver, CO"
ORD101231,FedEx,US8370674741,2026-06-19,2026-06-27,Delayed - carrier exception,"Seattle, WA"
ORD101232,USPS,DH7853249239,2025-08-05,2025-08-13,Delivered,"Miami, FL"
ORD101233,FedEx,FE9231135808,2026-01-03,2026-01-05,Delivered,"Denver, CO"
ORD101234,USPS,DH3819403925,2025-09-20,2025-09-25,In Transit,"Austin, TX"
ORD101235,USPS,DH9741051158,2026-05-13,2026-05-20,Delivered,"Denver, CO"
ORD101236,DHL,UP4539577054,2026-02-20,2026-03-01,Delivered,"Seattle, WA"
ORD101237,DHL,UP3291224511,2025-09-27,2025-10-03,Delivered,"Austin, TX"
ORD101238,USPS,US9490903327,2026-06-06,2026-06-09,In Transit,"Raleigh, NC"
ORD101239,DHL,DH7225299032,2026-02-28,2026-03-02,Delivered,"Boston, MA"
ORD101240,DHL,UP9576673728,2026-01-20,2026-01-27,Delivered,"Nashville, TN"
ORD101241,USPS,US7135456306,2025-09-14,2025-09-16,In Transit,"Seattle, WA"
ORD101242,DHL,FE2785346696,2025-12-01,2025-12-10,Out for Delivery,"San Diego, CA"
ORD101243,USPS,FE3826879632,2026-04-04,2026-04-10,Out for Delivery,"Phoenix, AZ"
ORD101244,USPS,DH5713283011,2026-05-31,2026-06-09,In Transit,"Seattle, WA"
ORD101245,USPS,UP7936750184,2025-12-22,2025-12-28,Delivered,"Chicago, IL"
ORD101246,USPS,DH8535927440,2025-08-11,2025-08-19,Delivered,"Phoenix, AZ"
ORD101248,USPS,FE6893899132,2026-03-19,2026-03-24,Delivered,"Salt Lake City, UT"
ORD101249,UPS,FE2446606165,2025-09-21,2025-09-27,In Transit,"Denver, CO"
ORD101250,USPS,DH9734440794,2025-08-24,2025-08-30,Delivered,"Minneapolis, MN"
ORD101251,USPS,UP1063622074,2025-11-08,2025-11-14,Delivered,"Atlanta, GA"
ORD101252,DHL,FE6584331165,2026-07-21,2026-07-30,Delivered,"Chicago, IL"
ORD101254,FedEx,UP8445917190,2026-07-10,2026-07-13,Delivered,"Nashville, TN"
ORD101255,FedEx,UP2124566911,2026-07-02,2026-07-08,In Transit,"Denver, CO"
ORD101256,FedEx,UP5967440543,2025-09-04,2025-09-11,In Transit,"Salt Lake City, UT"
ORD101257,FedEx,DH2946630982,2026-05-27,2026-06-02,In Transit,"Minneapolis, MN"
ORD101258,DHL,US6646604164,2026-04-15,2026-04-22,Delivered,"Minneapolis, MN"
ORD101259,UPS,UP9320893980,2025-10-18,2025-10-24,Delivered,"Austin, TX"
ORD101260,UPS,DH2240947236,2026-06-19,2026-06-22,Returned to Sender,"San Diego, CA"
ORD101261,DHL,DH2036959244,2026-02-25,2026-02-27,Delivered,"Phoenix, AZ"
ORD101262,FedEx,UP2383491283,2025-09-11,2025-09-19,Delivered,"Minneapolis, MN"
ORD101263,USPS,DH7833043937,2025-12-26,2026-01-04,Delivered,"Columbus, OH"
ORD101265,USPS,UP4474391129,2026-03-29,2026-04-07,Delivered,"Phoenix, AZ"
ORD101266,FedEx,FE1101473122,2026-03-17,2026-03-25,Delivered,"Nashville, TN"
ORD101267,UPS,UP7523981635,2025-12-25,2025-12-31,Delayed - carrier exception,"Chicago, IL"
ORD101269,FedEx,DH2960059942,2025-07-31,2025-08-08,In Transit,"San Diego, CA"
ORD101271,UPS,US3476078471,2026-02-10,2026-02-13,Out for Delivery,"Salt Lake City, UT"
ORD101272,UPS,US1538139622,2026-06-09,2026-06-12,Delivered,"Portland, OR"
ORD101273,USPS,US6983511846,2026-02-16,2026-02-21,Out for Delivery,"Salt Lake City, UT"
ORD101274,DHL,FE4080983196,2026-06-01,2026-06-08,Delivered,"Phoenix, AZ"
ORD101275,UPS,FE2414191333,2026-03-31,2026-04-07,Returned to Sender,"Phoenix, AZ"
ORD101276,USPS,US1351760717,2026-02-17,2026-02-26,Delivered,"Chicago, IL"
ORD101277,DHL,FE7033909407,2025-08-02,2025-08-08,Delivered,"Raleigh, NC"
ORD101278,UPS,DH9326605893,2025-11-21,2025-11-30,In Transit,"Raleigh, NC"
ORD101279,FedEx,DH8825204457,2025-09-04,2025-09-12,Delivered,"Chicago, IL"
ORD101280,UPS,DH3176444381,2025-09-03,2025-09-11,Delivered,"Columbus, OH"
ORD101281,FedEx,UP3828619106,2026-06-08,2026-06-13,Delivered,"Minneapolis, MN"
ORD101283,UPS,US7935945858,2025-12-02,2025-12-06,Delayed - carrier exception,"Salt Lake City, UT"
ORD101284,UPS,UP5493962474,2026-01-01,2026-01-04,Delivered,"Atlanta, GA"
ORD101285,USPS,FE9202727330,2026-07-29,2026-08-05,Delivered,"San Diego, CA"
ORD101287,FedEx,UP1626009565,2025-08-08,2025-08-16,Delivered,"Boston, MA"
ORD101288,UPS,DH8862274087,2025-09-08,2025-09-17,In Transit,"Portland, OR"
ORD101290,DHL,UP9423722534,2025-09-01,2025-09-06,Returned to Sender,"San Diego, CA"
ORD101292,UPS,US3399252367,2025-08-09,2025-08-13,Returned to Sender,"Columbus, OH"
ORD101293,DHL,US2498667456,2025-10-28,2025-11-06,Delivered,"Chicago, IL"
ORD101294,FedEx,DH5982874026,2025-10-09,2025-10-18,In Transit,"Atlanta, GA"
ORD101296,UPS,UP1742678111,2026-07-17,2026-07-23,In Transit,"San Diego, CA"
ORD101297,UPS,FE2179647263,2025-11-15,2025-11-19,Delivered,"San Diego, CA"
ORD101298,DHL,UP5827405278,2025-11-12,2025-11-20,Delivered,"San Diego, CA"
ORD101300,DHL,US7787271794,2025-08-01,2025-08-04,Delivered,"Boston, MA"
ORD101301,DHL,US9355304132,2026-05-08,2026-05-11,Delivered,"Portland, OR"
ORD101302,FedEx,DH2785427960,2026-04-21,2026-04-28,Delivered,"Nashville, TN"
ORD101303,FedEx,US3354707783,2025-10-01,2025-10-05,Delivered,"Seattle, WA"
ORD101306,FedEx,DH3523555561,2026-04-17,2026-04-19,In Transit,"Chicago, IL"
ORD101307,USPS,UP6240655957,2025-12-09,2025-12-12,Delivered,"Minneapolis, MN"
ORD101309,USPS,US7303877656,2026-01-13,2026-01-18,Out for Delivery,"Austin, TX"
ORD101310,DHL,FE1721068046,2025-12-08,2025-12-15,Returned to Sender,"Miami, FL"
ORD101312,DHL,US8039671116,2025-11-10,2025-11-15,Delivered,"Austin, TX"
ORD101313,DHL,US7494427799,2026-05-31,2026-06-05,Out for Delivery,"Miami, FL"
ORD101314,FedEx,DH6313784767,2026-05-06,2026-05-08,Delivered,"Raleigh, NC"
ORD101315,UPS,DH5876667885,2026-05-26,2026-06-03,Delayed - carrier exception,"Columbus, OH"
ORD101317,USPS,FE9444448824,2026-07-20,2026-07-25,Delivered,"Salt Lake City, UT"
ORD101318,DHL,US5462227155,2026-01-09,2026-01-12,Delivered,"Boston, MA"
ORD101319,UPS,UP1819253670,2025-08-29,2025-09-06,Delivered,"Columbus, OH"
ORD101320,USPS,FE4126931245,2026-01-13,2026-01-20,Delivered,"Seattle, WA"
ORD101322,DHL,US4806328291,2025-12-13,2025-12-16,Delivered,"Atlanta, GA"
ORD101323,DHL,FE7314733688,2026-01-29,2026-01-31,Returned to Sender,"Austin, TX"
ORD101324,UPS,FE3726735744,2026-01-06,2026-01-09,Delivered,"Minneapolis, MN"
ORD101325,FedEx,US6953697809,2025-08-09,2025-08-14,Delivered,"Raleigh, NC"
ORD101326,UPS,DH6724462515,2026-07-22,2026-07-29,Delivered,"Austin, TX"
ORD101327,DHL,FE9715484048,2026-04-08,2026-04-10,Delivered,"Atlanta, GA"
ORD101328,UPS,UP9856518357,2025-12-05,2025-12-07,Returned to Sender,"Seattle, WA"
ORD101330,UPS,US5437408165,2026-03-24,2026-03-26,Out for Delivery,"Chicago, IL"
ORD101332,DHL,FE1685542984,2025-09-07,2025-09-12,Delivered,"Austin, TX"
ORD101334,UPS,UP5561854463,2026-01-10,2026-01-19,Delivered,"Minneapolis, MN"
ORD101335,DHL,DH7784286788,2026-07-20,2026-07-26,Returned to Sender,"Atlanta, GA"
ORD101336,USPS,DH7990605521,2025-12-16,2025-12-24,Delivered,"Salt Lake City, UT"
ORD101337,USPS,FE2896308983,2025-10-30,2025-11-08,In Transit,"Portland, OR"
ORD101339,UPS,DH9895739751,2025-10-11,2025-10-15,Delivered,"Miami, FL"
ORD101340,USPS,DH3213244110,2025-12-09,2025-12-17,Delivered,"Austin, TX"
ORD101341,FedEx,UP9575798563,2026-07-20,2026-07-25,In Transit,"Salt Lake City, UT"
ORD101342,FedEx,US3388708199,2026-01-31,2026-02-03,Delivered,"Columbus, OH"
ORD101344,USPS,FE2223985186,2025-09-23,2025-09-25,Delivered,"Portland, OR"
ORD101345,FedEx,FE1289367558,2026-05-23,2026-05-29,Delivered,"Boston, MA"
ORD101346,USPS,DH3691732167,2026-05-19,2026-05-26,Delivered,"Raleigh, NC"
ORD101348,DHL,US4264535818,2026-06-05,2026-06-12,In Transit,"Columbus, OH"
ORD101349,UPS,DH2252931004,2026-07-05,2026-07-12,Delivered,"Minneapolis, MN"
ORD101351,FedEx,DH3823078593,2026-02-11,2026-02-20,Delayed - carrier exception,"Minneapolis, MN"
ORD101352,FedEx,UP8717900667,2026-01-01,2026-01-03,Delivered,"Miami, FL"
ORD101353,UPS,US6340733932,2025-12-25,2026-01-02,Delivered,"Chicago, IL"
ORD101354,FedEx,US1712727648,2026-05-31,2026-06-07,Out for Delivery,"Minneapolis, MN"
ORD101355,USPS,FE1670859500,2026-05-23,2026-05-28,Delivered,"Raleigh, NC"
ORD101356,DHL,FE6505786272,2025-12-14,2025-12-18,Delivered,"Nashville, TN"
ORD101357,DHL,FE1774115211,2026-06-09,2026-06-14,Delivered,"Salt Lake City, UT"
ORD101358,UPS,DH7952088903,2026-03-23,2026-03-27,Delivered,"Columbus, OH"
ORD101359,DHL,US5150983544,2026-04-27,2026-05-03,Delivered,"Salt Lake City, UT"
ORD101360,FedEx,UP6373725127,2025-09-28,2025-10-07,Returned to Sender,"Phoenix, AZ"
ORD101361,UPS,DH8168642999,2026-06-05,2026-06-11,Delayed - carrier exception,"Portland, OR"
ORD101362,FedEx,US5156671104,2025-09-05,2025-09-11,Delivered,"Miami, FL"
ORD101363,DHL,FE7600916807,2025-10-08,2025-10-12,Delivered,"Minneapolis, MN"
ORD101364,FedEx,UP5356540980,2025-12-23,2025-12-27,Delivered,"Raleigh, NC"
ORD101365,DHL,DH6289882695,2026-05-13,2026-05-20,Out for Delivery,"Miami, FL"
ORD101366,UPS,FE5029287625,2025-12-31,2026-01-04,In Transit,"Phoenix, AZ"
ORD101367,USPS,UP4824931714,2026-07-28,2026-08-03,Delivered,"Boston, MA"
ORD101368,UPS,DH4714604888,2025-12-24,2025-12-29,Delivered,"Nashville, TN"
ORD101369,DHL,DH5879873227,2025-08-08,2025-08-17,In Transit,"Salt Lake City, UT"
ORD101371,FedEx,DH3306156810,2025-08-04,2025-08-07,In Transit,"San Diego, CA"
ORD101373,FedEx,UP8627643441,2025-10-06,2025-10-15,Delivered,"Chicago, IL"
ORD101376,FedEx,US6521133946,2026-07-25,2026-08-03,Delivered,"Miami, FL"
ORD101377,DHL,DH4204521655,2025-11-28,2025-12-04,In Transit,"San Diego, CA"
ORD101378,DHL,FE9635321409,2025-11-01,2025-11-10,In Transit,"Salt Lake City, UT"
ORD101379,FedEx,DH2772019437,2025-11-30,2025-12-08,Out for Delivery,"Atlanta, GA"
ORD101380,FedEx,FE3142325579,2026-01-12,2026-01-17,Returned to Sender,"Columbus, OH"
ORD101381,FedEx,FE5797340931,2025-10-12,2025-10-19,Delivered,"Salt Lake City, UT"
ORD101382,UPS,DH6931227872,2026-03-22,2026-03-31,Delivered,"Portland, OR"
ORD101383,USPS,US6766437294,2026-06-14,2026-06-21,Delivered,"Columbus, OH"
ORD101384,FedEx,UP7976167764,2026-07-19,2026-07-25,Delivered,"Salt Lake City, UT"
ORD101387,UPS,FE3855341792,2025-09-17,2025-09-21,Delivered,"Austin, TX"
ORD101388,UPS,UP9555645444,2026-06-14,2026-06-21,Delivered,"Raleigh, NC"
ORD101389,UPS,FE4870531044,2025-08-04,2025-08-10,Delivered,"Denver, CO"
ORD101390,DHL,US1380279124,2026-07-03,2026-07-05,Delivered,"Atlanta, GA"
ORD101391,USPS,UP6870746828,2025-10-17,2025-10-20,Delivered,"Chicago, IL"
ORD101392,USPS,UP1500351882,2026-06-03,2026-06-12,In Transit,"Chicago, IL"
ORD101393,USPS,FE3587038585,2026-06-13,2026-06-16,Delivered,"Atlanta, GA"
ORD101395,USPS,DH3990114705,2026-05-20,2026-05-25,Delivered,"Chicago, IL"
ORD101396,DHL,FE3814039537,2025-11-29,2025-12-02,Returned to Sender,"Salt Lake City, UT"
ORD101398,USPS,DH3117817163,2025-08-16,2025-08-22,Delivered,"Columbus, OH"
ORD101399,DHL,UP1971064833,2026-03-31,2026-04-07,Delivered,"San Diego, CA"
ORD101400,FedEx,US7923708521,2025-10-01,2025-10-04,Returned to Sender,"Denver, CO"
ORD101401,DHL,DH4073965834,2025-09-01,2025-09-07,Delivered,"Boston, MA"
ORD101403,UPS,FE7039672408,2025-08-13,2025-08-18,Delivered,"Atlanta, GA"
ORD101404,DHL,US7776469773,2025-12-30,2026-01-03,In Transit,"Chicago, IL"
ORD101405,DHL,FE5139726863,2026-01-13,2026-01-16,Delivered,"Salt Lake City, UT"
ORD101406,DHL,UP1072988536,2025-10-25,2025-11-03,In Transit,"Chicago, IL"
ORD101407,DHL,US5717011924,2026-02-27,2026-03-07,Delivered,"San Diego, CA"
ORD101408,DHL,DH2716422919,2025-09-15,2025-09-19,Delivered,"Columbus, OH"
ORD101409,DHL,UP3336677529,2026-04-20,2026-04-23,Delivered,"Phoenix, AZ"
ORD101410,DHL,FE4692588067,2026-07-25,2026-07-28,Delivered,"Atlanta, GA"
ORD101412,USPS,UP7441728825,2026-01-22,2026-01-27,Delivered,"Boston, MA"
ORD101413,DHL,DH1123103275,2025-08-15,2025-08-22,Delivered,"Raleigh, NC"
ORD101414,DHL,US3950595360,2025-09-13,2025-09-21,Delivered,"Minneapolis, MN"
ORD101415,DHL,FE3514604433,2026-03-15,2026-03-22,In Transit,"Nashville, TN"
ORD101416,FedEx,UP2168274876,2026-06-06,2026-06-12,Delivered,"Nashville, TN"
ORD101419,USPS,DH5855162519,2025-12-25,2026-01-03,Delivered,"Nashville, TN"
ORD101420,UPS,UP5992067081,2025-08-05,2025-08-12,In Transit,"Columbus, OH"
ORD101421,USPS,US7221138169,2026-04-22,2026-04-25,Delivered,"Seattle, WA"
ORD101422,USPS,UP6210943992,2025-08-22,2025-08-27,Delivered,"Phoenix, AZ"
ORD101423,USPS,DH8348583061,2026-03-29,2026-04-02,Delivered,"Boston, MA"
ORD101424,FedEx,DH1518923223,2026-01-21,2026-01-27,Delayed - carrier exception,"Denver, CO"
ORD101425,UPS,FE7259814068,2025-09-09,2025-09-12,Delivered,"Denver, CO"
ORD101426,DHL,DH1020323211,2026-01-03,2026-01-12,Delivered,"Atlanta, GA"
ORD101427,UPS,UP7039492518,2025-09-30,2025-10-02,Returned to Sender,"Miami, FL"
ORD101428,UPS,US2972997240,2025-09-01,2025-09-06,In Transit,"Miami, FL"
ORD101429,FedEx,DH6351388960,2026-07-10,2026-07-19,Delayed - carrier exception,"Austin, TX"
ORD101430,UPS,US7462238078,2026-04-29,2026-05-01,Delivered,"Columbus, OH"
ORD101432,DHL,UP7129221148,2026-01-25,2026-02-02,Out for Delivery,"Phoenix, AZ"
ORD101433,DHL,US1173337025,2025-12-21,2025-12-27,In Transit,"Portland, OR"
ORD101434,DHL,US2483109185,2025-10-06,2025-10-11,Delivered,"Seattle, WA"
ORD101436,UPS,US7292059685,2025-12-11,2025-12-15,Delivered,"Raleigh, NC"
ORD101437,USPS,UP4997341474,2025-10-03,2025-10-05,Delivered,"Austin, TX"
ORD101438,UPS,DH6236063884,2026-03-12,2026-03-20,Delivered,"Seattle, WA"
ORD101440,FedEx,UP8486401143,2026-07-23,2026-07-29,Delivered,"Salt Lake City, UT"
ORD101441,USPS,US1354289787,2025-11-07,2025-11-12,In Transit,"Miami, FL"
ORD101442,FedEx,DH9372942365,2026-05-09,2026-05-16,Delivered,"Minneapolis, MN"
ORD101443,UPS,FE6874008099,2026-05-04,2026-05-10,Delivered,"Atlanta, GA"
ORD101444,DHL,UP7882834500,2025-11-21,2025-11-25,Delivered,"Raleigh, NC"
ORD101445,DHL,DH1907212585,2026-06-13,2026-06-15,Returned to Sender,"Chicago, IL"
ORD101447,FedEx,DH8070514125,2026-02-03,2026-02-11,Delivered,"Raleigh, NC"
ORD101448,UPS,US4138389137,2026-04-12,2026-04-20,Delayed - carrier exception,"Chicago, IL"
ORD101449,DHL,UP7192338693,2025-11-03,2025-11-10,Delivered,"Columbus, OH"
ORD101450,USPS,US6523313458,2026-03-01,2026-03-03,Delivered,"Chicago, IL"
ORD101451,FedEx,FE3844069730,2026-07-05,2026-07-07,In Transit,"Seattle, WA"
ORD101452,DHL,UP4551206463,2025-11-13,2025-11-21,Out for Delivery,"Raleigh, NC"
ORD101453,DHL,FE4422866795,2025-11-14,2025-11-17,Delivered,"Boston, MA"
ORD101454,DHL,UP4203550467,2026-06-06,2026-06-08,Delivered,"San Diego, CA"
ORD101455,DHL,DH4414324721,2026-03-18,2026-03-24,In Transit,"Denver, CO"
ORD101456,FedEx,FE6521455884,2026-06-04,2026-06-11,Delivered,"Raleigh, NC"
ORD101457,DHL,FE2398363671,2025-12-17,2025-12-22,Delivered,"Miami, FL"
ORD101458,DHL,DH9978933612,2025-08-17,2025-08-23,In Transit,"San Diego, CA"
ORD101459,DHL,US3658454378,2026-05-04,2026-05-06,Delivered,"Columbus, OH"
ORD101460,DHL,UP6249701362,2025-10-21,2025-10-29,In Transit,"Atlanta, GA"
ORD101461,USPS,DH2940781542,2026-01-30,2026-02-02,Delivered,"Raleigh, NC"
ORD101462,USPS,FE6205232174,2025-08-24,2025-08-26,In Transit,"Salt Lake City, UT"
ORD101463,UPS,FE8784583882,2025-12-20,2025-12-23,Out for Delivery,"Seattle, WA"
ORD101465,UPS,UP6225579412,2026-07-25,2026-08-01,Delivered,"Miami, FL"
ORD101466,FedEx,UP7812337613,2026-03-02,2026-03-04,In Transit,"Minneapolis, MN"
ORD101467,FedEx,US3400614333,2025-11-07,2025-11-16,Delivered,"Denver, CO"
ORD101468,USPS,US9997479259,2026-07-01,2026-07-03,In Transit,"Salt Lake City, UT"
ORD101469,FedEx,FE8052380953,2026-05-23,2026-05-26,In Transit,"Portland, OR"
ORD101470,UPS,FE4274509589,2026-06-01,2026-06-06,In Transit,"Chicago, IL"
ORD101471,UPS,DH5324624259,2025-10-24,2025-10-31,Delivered,"Boston, MA"
ORD101472,USPS,DH3893838277,2026-07-20,2026-07-23,Returned to Sender,"Boston, MA"
ORD101473,UPS,UP1840383636,2026-05-12,2026-05-16,Delivered,"Nashville, TN"
ORD101475,FedEx,DH3719856191,2026-07-07,2026-07-10,Out for Delivery,"Nashville, TN"
ORD101476,FedEx,UP8699186387,2026-05-07,2026-05-10,Delivered,"Seattle, WA"
ORD101477,DHL,FE2102322122,2026-02-23,2026-02-26,Delivered,"San Diego, CA"
ORD101478,DHL,FE8474112484,2025-11-29,2025-12-01,Delivered,"Nashville, TN"
ORD101479,USPS,FE7387095561,2025-08-18,2025-08-23,Delivered,"Raleigh, NC"
ORD101480,DHL,UP7586993884,2025-09-11,2025-09-20,In Transit,"Salt Lake City, UT"
ORD101481,DHL,FE8353842159,2026-02-16,2026-02-20,Delivered,"Miami, FL"
ORD101482,DHL,DH6109469107,2026-05-26,2026-05-30,Delivered,"Minneapolis, MN"
ORD101483,DHL,US1192436936,2025-12-16,2025-12-25,Delivered,"San Diego, CA"
ORD101484,FedEx,FE7532640495,2026-04-13,2026-04-21,Delivered,"Nashville, TN"
ORD101485,UPS,FE7983348073,2026-06-14,2026-06-16,Delivered,"Phoenix, AZ"
ORD101487,FedEx,FE3596443270,2026-02-27,2026-03-03,Out for Delivery,"San Diego, CA"
ORD101491,FedEx,FE5123658767,2025-11-26,2025-11-29,Returned to Sender,"Miami, FL"
ORD101492,UPS,US7328511406,2026-02-13,2026-02-21,Returned to Sender,"Minneapolis, MN"
ORD101493,DHL,UP6646023204,2025-10-04,2025-10-09,In Transit,"San Diego, CA"
ORD101495,DHL,UP6420230636,2025-11-05,2025-11-09,Delivered,"Miami, FL"
ORD101496,UPS,FE7982623683,2026-02-12,2026-02-21,Delivered,"Denver, CO"
ORD101497,FedEx,FE5648011530,2026-07-16,2026-07-24,Delivered,"Seattle, WA"
ORD101499,UPS,UP9886835080,2026-01-30,2026-02-05,Delivered,"Salt Lake City, UT"
ORD101500,FedEx,FE4221248149,2025-09-20,2025-09-29,Delivered,"Austin, TX"
ORD101502,UPS,FE3537309627,2026-03-01,2026-03-09,Delayed - carrier exception,"Austin, TX"
ORD101503,UPS,UP1504765618,2025-11-21,2025-11-23,Delivered,"Salt Lake City, UT"
ORD101505,DHL,US5322359258,2025-11-14,2025-11-23,In Transit,"San Diego, CA"
ORD101506,UPS,UP1664238631,2026-02-14,2026-02-22,Delivered,"San Diego, CA"
ORD101507,USPS,DH5869046804,2026-07-18,2026-07-22,Delayed - carrier exception,"Portland, OR"
ORD101508,FedEx,DH9446578647,2025-11-20,2025-11-24,In Transit,"Raleigh, NC"
ORD101509,USPS,US1393300234,2026-05-07,2026-05-13,Delivered,"Chicago, IL"
ORD101510,FedEx,DH5376473247,2026-03-10,2026-03-15,Delivered,"Portland, OR"
ORD101511,USPS,US2108140123,2025-11-24,2025-12-01,Out for Delivery,"Salt Lake City, UT"
ORD101512,DHL,UP7394609945,2026-04-13,2026-04-20,Delivered,"Columbus, OH"
ORD101513,USPS,FE7380286774,2026-04-10,2026-04-13,Delivered,"Chicago, IL"
ORD101514,DHL,DH4672048069,2026-05-28,2026-06-03,Returned to Sender,"Seattle, WA"
ORD101515,FedEx,UP3619026239,2026-06-06,2026-06-09,Delivered,"Denver, CO"
ORD101516,FedEx,US3592909888,2025-08-01,2025-08-05,Delivered,"Minneapolis, MN"
ORD101517,FedEx,DH6930877646,2026-04-26,2026-05-05,In Transit,"Chicago, IL"
ORD101518,UPS,DH6073233675,2026-03-19,2026-03-23,Out for Delivery,"Minneapolis, MN"
ORD101519,USPS,DH8067816229,2025-10-27,2025-11-02,In Transit,"Salt Lake City, UT"
ORD101520,FedEx,DH8198053217,2026-03-16,2026-03-22,Delivered,"Raleigh, NC"
ORD101521,FedEx,FE7544437048,2025-11-03,2025-11-11,In Transit,"Minneapolis, MN"
ORD101522,UPS,UP7399510866,2025-11-10,2025-11-14,Delivered,"Boston, MA"
ORD101523,USPS,DH4197953444,2026-01-27,2026-02-02,Out for Delivery,"Nashville, TN"
ORD101525,DHL,US4773107140,2026-02-04,2026-02-10,In Transit,"Raleigh, NC"
ORD101527,FedEx,UP6926087933,2025-11-27,2025-12-02,Delivered,"Seattle, WA"
ORD101528,FedEx,DH1938121407,2025-08-22,2025-08-25,Delivered,"Phoenix, AZ"
ORD101529,DHL,UP6989624736,2025-08-15,2025-08-24,Delivered,"Raleigh, NC"
ORD101530,DHL,US5773681586,2025-12-15,2025-12-20,Delivered,"Nashville, TN"
ORD101532,USPS,US7277025379,2026-03-12,2026-03-15,Out for Delivery,"Boston, MA"
ORD101533,USPS,DH6889279681,2025-11-12,2025-11-17,Delivered,"Salt Lake City, UT"
ORD101534,DHL,DH6730002377,2026-04-28,2026-04-30,Delivered,"San Diego, CA"
ORD101535,DHL,FE4705248398,2026-04-03,2026-04-08,Returned to Sender,"Salt Lake City, UT"
ORD101536,FedEx,UP6362096925,2025-11-06,2025-11-12,In Transit,"Raleigh, NC"
ORD101537,USPS,FE4807263862,2026-03-16,2026-03-24,Delivered,"Nashville, TN"
ORD101538,USPS,UP4459727657,2025-08-22,2025-08-28,Delivered,"Portland, OR"
ORD101539,USPS,US3663700358,2026-01-28,2026-01-30,Out for Delivery,"Nashville, TN"
ORD101541,USPS,FE9164733135,2026-02-17,2026-02-23,Delivered,"Atlanta, GA"
ORD101542,USPS,UP1232293617,2025-08-13,2025-08-15,Delivered,"Nashville, TN"
ORD101543,DHL,US2051516118,2025-11-13,2025-11-18,Delivered,"Phoenix, AZ"
ORD101545,UPS,FE3221266294,2025-11-14,2025-11-19,Delivered,"Denver, CO"
ORD101546,USPS,DH7512052178,2026-01-02,2026-01-08,In Transit,"Miami, FL"
ORD101547,FedEx,US4685173415,2026-04-07,2026-04-14,Delayed - carrier exception,"Chicago, IL"
ORD101548,USPS,US8071755069,2025-10-15,2025-10-22,In Transit,"Seattle, WA"
ORD101549,DHL,US8924068862,2026-04-29,2026-05-02,Delivered,"Columbus, OH"
ORD101550,FedEx,US4165795554,2026-03-22,2026-03-28,Delayed - carrier exception,"Columbus, OH"
ORD101551,DHL,US6198328080,2026-07-01,2026-07-10,Delivered,"Salt Lake City, UT"
ORD101553,USPS,FE1541986351,2026-03-13,2026-03-17,Returned to Sender,"Phoenix, AZ"
ORD101554,USPS,US9129115990,2025-12-26,2025-12-28,In Transit,"San Diego, CA"
ORD101555,DHL,DH1504284393,2026-05-09,2026-05-16,Delivered,"Minneapolis, MN"
ORD101558,FedEx,DH1212280102,2026-04-04,2026-04-09,Returned to Sender,"Atlanta, GA"
ORD101559,DHL,UP6169153467,2026-01-20,2026-01-24,Returned to Sender,"Denver, CO"
ORD101560,DHL,FE2261445271,2026-07-26,2026-07-29,Returned to Sender,"Austin, TX"
ORD101561,DHL,FE5146905025,2026-02-05,2026-02-13,Delivered,"Miami, FL"
ORD101562,FedEx,US1336205289,2025-08-20,2025-08-22,In Transit,"Denver, CO"
ORD101563,UPS,UP2861563771,2025-11-14,2025-11-19,Delivered,"Raleigh, NC"
ORD101564,USPS,US8541623304,2025-11-04,2025-11-09,Returned to Sender,"Miami, FL"
ORD101567,UPS,UP8566123736,2025-12-21,2025-12-30,Delivered,"Raleigh, NC"
ORD101568,USPS,US6019806325,2026-02-26,2026-03-07,Delivered,"Portland, OR"
ORD101572,UPS,UP5880811127,2025-12-17,2025-12-21,Delivered,"Nashville, TN"
ORD101573,DHL,FE7071682436,2025-10-10,2025-10-16,Delivered,"Austin, TX"
ORD101575,USPS,US4155773059,2026-07-17,2026-07-19,Delivered,"Salt Lake City, UT"
ORD101576,FedEx,US2765604607,2026-06-29,2026-07-03,Delivered,"Portland, OR"
ORD101577,DHL,DH6368966828,2026-01-29,2026-02-02,Delivered,"Denver, CO"
ORD101578,FedEx,US7050955723,2025-10-11,2025-10-18,In Transit,"Raleigh, NC"
ORD101579,UPS,UP9285543397,2025-11-24,2025-11-30,Delivered,"Chicago, IL"
ORD101580,DHL,FE5458864617,2026-07-29,2026-08-01,Delivered,"San Diego, CA"
ORD101582,FedEx,US6220828196,2026-05-25,2026-06-02,Delivered,"Denver, CO"
ORD101583,UPS,FE2838704346,2025-11-09,2025-11-16,Delivered,"Denver, CO"
ORD101584,DHL,UP1665709556,2025-10-18,2025-10-21,Delivered,"Atlanta, GA"
ORD101586,USPS,FE5920081684,2026-01-26,2026-02-03,Delivered,"Phoenix, AZ"
ORD101588,DHL,FE5306737103,2026-04-01,2026-04-09,Delivered,"Miami, FL"
ORD101589,UPS,FE6886576605,2025-09-05,2025-09-10,Returned to Sender,"Minneapolis, MN"
ORD101591,USPS,FE3463322910,2025-10-14,2025-10-21,Delivered,"Raleigh, NC"
ORD101593,DHL,UP4281152975,2026-01-10,2026-01-15,Delivered,"Chicago, IL"
ORD101594,USPS,UP2928325698,2026-07-29,2026-08-01,Delivered,"Boston, MA"
ORD101595,UPS,UP3021644254,2025-09-19,2025-09-23,Delivered,"Miami, FL"
ORD101596,USPS,FE4176114204,2026-05-04,2026-05-11,Delivered,"Austin, TX"
ORD101597,DHL,UP3793704584,2025-12-01,2025-12-04,Out for Delivery,"Minneapolis, MN"
ORD101598,DHL,US8473461317,2026-02-09,2026-02-15,In Transit,"Austin, TX"
ORD101600,FedEx,UP8119544038,2025-11-02,2025-11-06,Delivered,"Boston, MA"
ORD101601,FedEx,US3386915852,2025-10-02,2025-10-04,Returned to Sender,"Columbus, OH"
ORD101602,DHL,DH4371097381,2025-08-27,2025-09-05,Delivered,"Portland, OR"
ORD101603,DHL,US2864076475,2026-05-28,2026-06-04,Delivered,"Boston, MA"
ORD101604,FedEx,UP6877211431,2025-11-11,2025-11-13,Returned to Sender,"Phoenix, AZ"
ORD101605,DHL,DH6107303336,2026-05-19,2026-05-25,Delivered,"Salt Lake City, UT"
ORD101606,UPS,US7657483240,2025-10-06,2025-10-15,Delivered,"Columbus, OH"
ORD101607,FedEx,FE3626948233,2026-02-06,2026-02-13,Delivered,"Seattle, WA"
ORD101608,DHL,UP6200427430,2025-12-08,2025-12-11,Delivered,"Columbus, OH"
ORD101609,UPS,DH2605935735,2025-11-18,2025-11-26,Delivered,"Miami, FL"
ORD101610,DHL,FE1488494024,2026-01-17,2026-01-26,Delivered,"Atlanta, GA"
ORD101611,UPS,FE7148251964,2026-05-29,2026-06-02,In Transit,"Columbus, OH"
ORD101612,DHL,FE7264983500,2025-12-05,2025-12-14,Delivered,"San Diego, CA"
ORD101613,USPS,DH2510619024,2025-10-05,2025-10-08,Delivered,"Denver, CO"
ORD101614,USPS,DH7922676910,2026-03-24,2026-03-31,Delivered,"Portland, OR"
ORD101615,FedEx,DH2169416982,2025-09-22,2025-09-29,Returned to Sender,"Phoenix, AZ"
ORD101616,UPS,US3510564308,2026-06-27,2026-07-06,Delivered,"Atlanta, GA"
ORD101618,FedEx,US8372910810,2025-10-20,2025-10-23,Delivered,"Denver, CO"
ORD101619,UPS,US6683677821,2026-01-01,2026-01-05,In Transit,"Boston, MA"
ORD101624,FedEx,UP1732107197,2025-08-26,2025-08-29,Delivered,"Atlanta, GA"
ORD101625,FedEx,US2158836240,2026-04-07,2026-04-15,In Transit,"Atlanta, GA"
ORD101626,DHL,US3370500922,2025-11-10,2025-11-13,Delivered,"Phoenix, AZ"
ORD101627,UPS,UP3944516695,2025-09-19,2025-09-25,Delivered,"Columbus, OH"
ORD101628,USPS,DH3495723476,2026-05-19,2026-05-24,Delivered,"Nashville, TN"
ORD101630,USPS,DH6974315572,2025-09-26,2025-10-02,Delivered,"San Diego, CA"
ORD101631,DHL,DH7083144025,2026-05-05,2026-05-10,Delivered,"Raleigh, NC"
ORD101632,FedEx,US4296398330,2025-10-03,2025-10-07,Delivered,"Chicago, IL"
ORD101634,UPS,US2087219393,2026-02-18,2026-02-22,Delayed - carrier exception,"Austin, TX"
ORD101635,DHL,DH8337214125,2026-03-15,2026-03-20,Delivered,"Raleigh, NC"
ORD101638,UPS,UP8919933498,2025-12-23,2025-12-31,Delivered,"San Diego, CA"
ORD101640,DHL,FE4945417649,2026-05-22,2026-05-31,Returned to Sender,"Miami, FL"
ORD101641,UPS,FE4524530259,2025-11-28,2025-12-05,Delivered,"Columbus, OH"
ORD101642,FedEx,US3815099354,2026-06-01,2026-06-10,Delivered,"San Diego, CA"
ORD101643,USPS,DH9410369524,2025-08-05,2025-08-13,Out for Delivery,"Chicago, IL"
ORD101646,USPS,FE4937330250,2025-11-09,2025-11-14,Delivered,"Raleigh, NC"
ORD101647,USPS,FE5425699662,2026-04-11,2026-04-19,Returned to Sender,"Minneapolis, MN"
ORD101648,UPS,UP3340725096,2026-04-11,2026-04-16,Delayed - carrier exception,"Salt Lake City, UT"
ORD101649,USPS,DH4526610986,2026-03-13,2026-03-20,Out for Delivery,"Nashville, TN"
ORD101651,USPS,US1113159258,2026-06-06,2026-06-14,Delivered,"San Diego, CA"
ORD101653,FedEx,DH1195597865,2025-09-18,2025-09-24,Delivered,"Austin, TX"
ORD101654,FedEx,US7760030844,2025-09-03,2025-09-08,In Transit,"Seattle, WA"
ORD101655,USPS,UP1448710310,2025-11-15,2025-11-20,Out for Delivery,"Atlanta, GA"
ORD101656,USPS,DH7748358690,2025-08-23,2025-08-30,Delivered,"Phoenix, AZ"
ORD101657,FedEx,DH4354815159,2026-03-31,2026-04-09,Returned to Sender,"Seattle, WA"
ORD101658,DHL,DH3818708797,2026-05-26,2026-05-29,Delivered,"Chicago, IL"
ORD101659,USPS,DH1965614609,2026-06-08,2026-06-12,Delivered,"Austin, TX"
ORD101660,UPS,US3944590867,2026-05-27,2026-06-05,Delivered,"Nashville, TN"
ORD101661,DHL,US7485395354,2026-07-02,2026-07-09,Delivered,"Salt Lake City, UT"
ORD101662,USPS,US8847930532,2026-05-20,2026-05-24,Delivered,"Austin, TX"
ORD101663,DHL,DH1036220167,2025-11-28,2025-12-05,Delivered,"Nashville, TN"
ORD101664,USPS,US6667684063,2026-06-22,2026-06-26,Delivered,"Austin, TX"
ORD101665,UPS,FE9724296625,2025-08-19,2025-08-23,Out for Delivery,"Raleigh, NC"
ORD101666,DHL,FE8250259681,2025-10-10,2025-10-14,Delivered,"Atlanta, GA"
ORD101667,DHL,US9379636352,2026-05-03,2026-05-06,In Transit,"Miami, FL"
ORD101668,FedEx,FE7451387378,2025-10-04,2025-10-07,In Transit,"Denver, CO"
ORD101670,DHL,US4332030242,2025-11-24,2025-12-02,Delivered,"Minneapolis, MN"
ORD101671,FedEx,FE3920951966,2026-04-19,2026-04-25,Delivered,"Nashville, TN"
ORD101672,USPS,FE1535575682,2026-03-07,2026-03-15,Delivered,"Nashville, TN"
ORD101674,UPS,US1665014783,2025-10-19,2025-10-24,Delivered,"Boston, MA"
ORD101675,DHL,FE3099380956,2026-01-21,2026-01-25,In Transit,"Austin, TX"
ORD101676,DHL,DH5064034103,2026-06-29,2026-07-05,Delivered,"Seattle, WA"
ORD101677,USPS,US4154903644,2025-11-10,2025-11-17,Delivered,"Raleigh, NC"
ORD101678,UPS,US9847745708,2025-09-14,2025-09-18,Delivered,"Boston, MA"
ORD101679,UPS,US3195484562,2026-06-11,2026-06-18,Delivered,"Columbus, OH"
ORD101680,FedEx,DH3183906124,2026-06-17,2026-06-26,In Transit,"Phoenix, AZ"
ORD101681,DHL,DH6382075075,2026-06-20,2026-06-29,Delivered,"Portland, OR"
ORD101682,FedEx,DH4968242499,2026-05-16,2026-05-18,Delivered,"Boston, MA"
ORD101684,USPS,FE3009136167,2025-11-24,2025-11-27,Delivered,"Austin, TX"
ORD101685,USPS,DH5428463691,2026-01-28,2026-02-01,Delivered,"Nashville, TN"
ORD101686,FedEx,UP5860598325,2025-10-10,2025-10-18,Delivered,"Minneapolis, MN"
ORD101687,DHL,US4971329303,2025-11-27,2025-12-03,In Transit,"Seattle, WA"
ORD101688,USPS,DH4761732432,2026-04-14,2026-04-21,Delivered,"San Diego, CA"
ORD101690,USPS,FE5468633991,2025-10-14,2025-10-22,Delivered,"Salt Lake City, UT"
ORD101691,USPS,FE5027490973,2026-01-19,2026-01-22,Delivered,"Austin, TX"
ORD101692,UPS,DH9160093747,2026-05-01,2026-05-08,Out for Delivery,"Seattle, WA"
ORD101693,UPS,DH1803617992,2025-12-17,2025-12-26,Out for Delivery,"Chicago, IL"
ORD101694,UPS,US8865441365,2025-09-30,2025-10-03,Delivered,"Atlanta, GA"
ORD101695,UPS,FE7683457806,2025-09-04,2025-09-08,Delivered,"Austin, TX"
ORD101696,USPS,FE8482162954,2026-05-18,2026-05-23,Returned to Sender,"Salt Lake City, UT"
ORD101697,FedEx,DH1647437685,2025-10-22,2025-10-24,In Transit,"Austin, TX"
ORD101698,USPS,DH4317543286,2026-06-18,2026-06-22,In Transit,"Chicago, IL"
ORD101699,UPS,FE3312534709,2025-09-07,2025-09-12,Delivered,"Seattle, WA"
ORD101700,UPS,FE5497171467,2026-06-07,2026-06-13,Delivered,"Denver, CO"
ORD101702,USPS,DH6360581504,2026-05-05,2026-05-12,Delivered,"Austin, TX"
ORD101703,UPS,FE7671984156,2026-07-12,2026-07-15,In Transit,"Atlanta, GA"
ORD101704,USPS,UP9178699276,2025-08-24,2025-08-29,Delivered,"Salt Lake City, UT"
ORD101705,USPS,US7212750255,2026-02-11,2026-02-19,In Transit,"Columbus, OH"
ORD101706,DHL,UP2361638193,2025-09-14,2025-09-17,In Transit,"Miami, FL"
ORD101707,DHL,FE6456357423,2025-09-07,2025-09-12,In Transit,"Salt Lake City, UT"
ORD101709,UPS,US8629212465,2026-05-23,2026-05-27,Delivered,"Portland, OR"
ORD101710,FedEx,US2005574212,2026-02-16,2026-02-23,In Transit,"Minneapolis, MN"
ORD101711,DHL,UP3601671881,2026-01-21,2026-01-28,In Transit,"Salt Lake City, UT"
ORD101712,UPS,UP6683003211,2025-08-17,2025-08-25,Delayed - carrier exception,"Phoenix, AZ"
ORD101715,DHL,DH9616611951,2026-01-06,2026-01-11,Out for Delivery,"Miami, FL"
ORD101716,FedEx,US6026571706,2026-04-15,2026-04-24,Delivered,"Atlanta, GA"
ORD101717,USPS,UP9942799444,2025-11-28,2025-12-03,In Transit,"San Diego, CA"
ORD101720,USPS,FE8283104901,2025-12-26,2026-01-02,Delivered,"Nashville, TN"
ORD101721,DHL,DH8793599544,2026-01-09,2026-01-15,Delivered,"Phoenix, AZ"
ORD101722,FedEx,US7166672526,2026-03-11,2026-03-18,Returned to Sender,"Seattle, WA"
ORD101723,UPS,DH5278080027,2025-11-04,2025-11-13,Delivered,"Miami, FL"
ORD101724,FedEx,DH3918166452,2025-12-21,2025-12-28,Delivered,"San Diego, CA"
ORD101726,UPS,FE4855829487,2026-03-10,2026-03-15,Delivered,"Austin, TX"
ORD101727,USPS,US7541536732,2025-09-10,2025-09-17,Delivered,"Atlanta, GA"
ORD101728,DHL,DH9316786038,2026-07-22,2026-07-28,Delivered,"Chicago, IL"
ORD101729,FedEx,UP6704483233,2026-04-24,2026-05-03,Returned to Sender,"San Diego, CA"
ORD101731,DHL,FE3974267426,2026-01-28,2026-02-04,Delivered,"Raleigh, NC"
ORD101733,FedEx,UP8942238576,2026-07-17,2026-07-19,Delivered,"Denver, CO"
ORD101734,UPS,FE8738033872,2026-07-14,2026-07-18,In Transit,"Denver, CO"
ORD101736,UPS,US9746570133,2025-11-01,2025-11-06,Delivered,"Columbus, OH"
ORD101737,FedEx,DH6643066405,2025-10-07,2025-10-09,Out for Delivery,"Chicago, IL"
ORD101738,USPS,FE7390306491,2025-12-25,2025-12-31,Delivered,"Chicago, IL"
ORD101739,UPS,US2158910004,2026-06-05,2026-06-14,In Transit,"Austin, TX"
ORD101740,USPS,UP9030932353,2025-11-13,2025-11-17,Delivered,"Chicago, IL"
ORD101741,DHL,US6262373911,2025-11-20,2025-11-29,Delivered,"Seattle, WA"
ORD101744,UPS,UP3445528716,2026-03-24,2026-03-30,Returned to Sender,"Nashville, TN"
ORD101745,UPS,FE6244358193,2026-06-14,2026-06-17,Delivered,"Nashville, TN"
ORD101747,USPS,UP6979865710,2026-03-04,2026-03-09,Delivered,"Boston, MA"
ORD101748,FedEx,DH3702613926,2025-10-23,2025-10-25,Delivered,"Raleigh, NC"
ORD101749,DHL,US8166815458,2026-03-16,2026-03-18,Delivered,"Nashville, TN"
ORD101750,FedEx,DH5189610037,2025-11-21,2025-11-23,Delivered,"Salt Lake City, UT"
ORD101751,UPS,US9435002253,2026-03-06,2026-03-09,Delivered,"Portland, OR"
ORD101752,DHL,US4312384529,2025-12-27,2026-01-04,Delivered,"Phoenix, AZ"
ORD101753,DHL,DH6955422229,2026-02-26,2026-03-05,Delivered,"Denver, CO"
ORD101755,UPS,US9987567783,2025-11-01,2025-11-05,In Transit,"Seattle, WA"
ORD101756,UPS,DH2318060815,2026-04-03,2026-04-06,Delivered,"Atlanta, GA"
ORD101758,UPS,UP2586048410,2025-10-13,2025-10-18,In Transit,"Columbus, OH"
ORD101760,DHL,DH3678781029,2026-01-17,2026-01-23,Delivered,"Minneapolis, MN"
ORD101761,UPS,DH4520073513,2026-04-16,2026-04-22,Delivered,"San Diego, CA"
ORD101762,FedEx,US6071357937,2026-06-22,2026-06-29,In Transit,"Salt Lake City, UT"
ORD101764,UPS,DH5127219887,2025-10-14,2025-10-22,Delivered,"Salt Lake City, UT"
ORD101765,FedEx,US9402734257,2026-03-28,2026-04-05,In Transit,"Denver, CO"
ORD101767,USPS,FE4238025418,2026-05-08,2026-05-14,Returned to Sender,"Atlanta, GA"
ORD101768,USPS,US3320280239,2026-06-29,2026-07-02,In Transit,"Chicago, IL"
ORD101769,DHL,DH3515205852,2025-09-22,2025-09-27,Delivered,"Atlanta, GA"
ORD101770,FedEx,FE3693730329,2026-04-11,2026-04-18,Delivered,"Seattle, WA"
ORD101771,FedEx,US4298635055,2026-02-04,2026-02-09,Delivered,"Raleigh, NC"
ORD101772,UPS,FE4580902579,2025-09-11,2025-09-19,Delivered,"Portland, OR"
ORD101773,FedEx,FE4002853230,2026-06-06,2026-06-13,Out for Delivery,"Boston, MA"
ORD101774,USPS,UP3065705405,2026-05-24,2026-05-30,Delayed - carrier exception,"Nashville, TN"
ORD101775,FedEx,DH1046363383,2026-01-07,2026-01-16,Delivered,"Raleigh, NC"
ORD101776,FedEx,UP4596500568,2025-11-05,2025-11-10,Delivered,"Atlanta, GA"
ORD101777,USPS,UP8350402056,2026-07-07,2026-07-12,Delivered,"Seattle, WA"
ORD101778,USPS,UP1923869511,2025-10-15,2025-10-22,Delivered,"San Diego, CA"
ORD101779,DHL,DH4164767604,2026-07-13,2026-07-21,Delivered,"Salt Lake City, UT"
ORD101780,UPS,FE1732859241,2025-10-30,2025-11-07,In Transit,"Portland, OR"
ORD101781,UPS,FE1318943812,2026-01-01,2026-01-03,In Transit,"Phoenix, AZ"
ORD101782,USPS,DH9285364965,2026-03-18,2026-03-22,In Transit,"Miami, FL"
ORD101783,UPS,FE8088463833,2026-04-13,2026-04-15,In Transit,"Miami, FL"
ORD101784,DHL,UP1110804726,2025-12-29,2026-01-02,Delivered,"Portland, OR"
ORD101785,FedEx,DH4845675713,2025-11-28,2025-12-03,Delivered,"Atlanta, GA"
ORD101786,FedEx,FE8191527889,2025-08-15,2025-08-23,Delivered,"Phoenix, AZ"
ORD101787,DHL,UP1384678169,2025-12-18,2025-12-26,Delivered,"Salt Lake City, UT"
ORD101788,FedEx,FE4925230688,2025-08-30,2025-09-02,In Transit,"Chicago, IL"
ORD101789,USPS,DH4168798960,2025-12-20,2025-12-27,Delivered,"Seattle, WA"
ORD101790,DHL,FE5312990844,2026-05-17,2026-05-26,Delivered,"Nashville, TN"
ORD101791,UPS,UP9844706473,2025-11-25,2025-12-02,Delivered,"Nashville, TN"
ORD101792,DHL,UP1816792784,2026-04-30,2026-05-09,Delivered,"Seattle, WA"
ORD101794,DHL,US7587257764,2026-06-11,2026-06-17,Out for Delivery,"Minneapolis, MN"
ORD101795,UPS,FE7669470112,2026-03-22,2026-03-29,Delivered,"Seattle, WA"
ORD101796,FedEx,DH3709131012,2025-10-24,2025-10-30,Returned to Sender,"Salt Lake City, UT"
ORD101798,DHL,UP2722932755,2025-10-08,2025-10-12,Delivered,"Nashville, TN"
ORD101799,USPS,US2316333341,2026-05-12,2026-05-18,Delivered,"Atlanta, GA"
ORD101800,USPS,DH8050382148,2025-10-15,2025-10-21,Delivered,"Columbus, OH"
ORD101801,UPS,FE9202743333,2025-09-10,2025-09-17,Delivered,"Denver, CO"
ORD101802,DHL,UP2388170573,2026-06-25,2026-06-29,In Transit,"Atlanta, GA"
ORD101804,USPS,DH2007635038,2025-11-30,2025-12-05,Returned to Sender,"Nashville, TN"
ORD101805,USPS,DH9502713530,2026-05-14,2026-05-17,Returned to Sender,"Seattle, WA"
ORD101806,USPS,DH5351859663,2026-04-01,2026-04-04,Delivered,"Salt Lake City, UT"
ORD101808,FedEx,DH8613874339,2026-03-16,2026-03-24,Returned to Sender,"Phoenix, AZ"
ORD101809,DHL,FE1226358600,2026-05-26,2026-05-31,Delivered,"Denver, CO"
ORD101810,DHL,FE7648591997,2025-10-23,2025-10-25,In Transit,"Miami, FL"
ORD101811,FedEx,US8894783888,2026-03-26,2026-03-29,Delivered,"Atlanta, GA"
ORD101815,DHL,DH5363124468,2025-10-28,2025-11-02,Delivered,"Boston, MA"
ORD101816,FedEx,US6310219925,2025-09-22,2025-09-25,Delivered,"Phoenix, AZ"
ORD101817,USPS,US8200569585,2025-08-15,2025-08-23,Delivered,"Chicago, IL"
ORD101818,UPS,DH8109889986,2025-08-09,2025-08-13,In Transit,"Raleigh, NC"
ORD101819,DHL,US6327489130,2025-08-13,2025-08-18,In Transit,"Phoenix, AZ"
ORD101820,USPS,US6254931219,2026-06-26,2026-07-04,Delivered,"Salt Lake City, UT"
ORD101821,DHL,FE9943371755,2026-05-15,2026-05-21,Returned to Sender,"Boston, MA"
ORD101823,USPS,US5458379779,2026-04-11,2026-04-16,In Transit,"Raleigh, NC"
ORD101824,USPS,UP7628671181,2025-12-14,2025-12-21,Delivered,"Portland, OR"
ORD101825,UPS,FE2164449682,2026-07-13,2026-07-21,Delivered,"San Diego, CA"
ORD101826,DHL,DH6106095236,2025-08-11,2025-08-14,Delivered,"Miami, FL"
ORD101828,UPS,UP9852594674,2026-04-17,2026-04-19,Delivered,"Chicago, IL"
ORD101829,FedEx,UP1374357163,2025-12-22,2025-12-26,Delivered,"Raleigh, NC"
ORD101830,DHL,DH9330271923,2026-05-04,2026-05-13,Delivered,"San Diego, CA"
ORD101831,FedEx,US8283447484,2025-11-30,2025-12-05,Delivered,"Atlanta, GA"
ORD101832,UPS,UP4532976784,2025-09-27,2025-10-04,Delivered,"Phoenix, AZ"
ORD101833,FedEx,US7528442699,2025-10-08,2025-10-15,Out for Delivery,"Raleigh, NC"
ORD101834,DHL,DH5750764789,2025-08-14,2025-08-22,Delivered,"Austin, TX"
ORD101835,UPS,US3838554796,2025-12-31,2026-01-06,Delivered,"Miami, FL"
ORD101836,DHL,UP2481233766,2026-05-24,2026-05-31,In Transit,"Nashville, TN"
ORD101837,UPS,US9953427755,2025-11-25,2025-12-02,Delivered,"Miami, FL"
ORD101840,USPS,US6392957966,2025-08-05,2025-08-13,Delivered,"Portland, OR"
ORD101843,USPS,DH9774158209,2026-04-14,2026-04-23,Delivered,"Chicago, IL"
ORD101845,UPS,UP4733202878,2026-07-17,2026-07-24,Delivered,"Atlanta, GA"
ORD101846,USPS,DH6691266416,2026-04-08,2026-04-11,Out for Delivery,"Phoenix, AZ"
ORD101847,DHL,FE9085740905,2025-09-10,2025-09-18,Delivered,"Atlanta, GA"
ORD101848,UPS,US9187492828,2026-02-28,2026-03-05,Delivered,"Seattle, WA"
ORD101849,DHL,US9063180266,2025-10-15,2025-10-23,In Transit,"Salt Lake City, UT"
ORD101850,DHL,UP5546030176,2026-01-04,2026-01-09,In Transit,"Denver, CO"
ORD101851,FedEx,DH2075630145,2025-08-26,2025-09-02,In Transit,"Nashville, TN"
ORD101853,DHL,UP1746365516,2025-11-12,2025-11-20,Delivered,"Austin, TX"
ORD101854,USPS,FE1151761525,2026-01-26,2026-02-01,Delivered,"Seattle, WA"
ORD101855,DHL,UP2395336885,2026-03-28,2026-04-06,Delivered,"Atlanta, GA"
ORD101856,USPS,DH5151444885,2026-01-21,2026-01-29,Returned to Sender,"Nashville, TN"
ORD101857,DHL,FE6975617925,2026-01-20,2026-01-23,Delivered,"Portland, OR"
ORD101858,USPS,US2444342997,2026-02-16,2026-02-24,Delivered,"Nashville, TN"
ORD101859,FedEx,UP2472958632,2026-04-09,2026-04-14,Delivered,"Raleigh, NC"
ORD101860,USPS,DH7448142738,2026-07-18,2026-07-23,In Transit,"Austin, TX"
ORD101861,USPS,UP3170383261,2025-09-04,2025-09-07,Delivered,"Miami, FL"
ORD101862,DHL,FE6807005270,2025-10-26,2025-10-29,Delivered,"Chicago, IL"
ORD101864,USPS,US8792779798,2026-07-01,2026-07-07,Out for Delivery,"Miami, FL"
ORD101865,USPS,FE4932608001,2026-03-24,2026-04-01,Delivered,"Phoenix, AZ"
ORD101866,UPS,DH4466324361,2025-09-17,2025-09-24,Delivered,"Salt Lake City, UT"
ORD101867,UPS,DH9737413750,2025-12-25,2026-01-01,Delivered,"Raleigh, NC"
ORD101868,DHL,DH8956114101,2025-08-21,2025-08-25,Returned to Sender,"Austin, TX"
ORD101869,UPS,DH6848015598,2026-03-15,2026-03-21,In Transit,"Miami, FL"
ORD101870,UPS,DH7395715470,2026-06-24,2026-06-30,Delivered,"Nashville, TN"
ORD101871,DHL,UP1534774753,2026-02-17,2026-02-23,Delivered,"Boston, MA"
ORD101873,USPS,DH1055817848,2026-01-15,2026-01-18,Delayed - carrier exception,"Nashville, TN"
ORD101874,UPS,US8423696839,2026-05-24,2026-06-01,In Transit,"Portland, OR"
ORD101875,USPS,DH3138081307,2026-02-21,2026-02-24,In Transit,"Columbus, OH"
ORD101876,UPS,US3706940603,2025-09-26,2025-10-02,Delivered,"Raleigh, NC"
ORD101877,USPS,FE4546318329,2026-05-27,2026-06-02,Delayed - carrier exception,"Seattle, WA"
ORD101878,DHL,DH8012635587,2026-06-15,2026-06-23,In Transit,"Portland, OR"
ORD101879,UPS,FE3267946409,2026-05-23,2026-05-29,In Transit,"Atlanta, GA"
ORD101880,DHL,DH5313928928,2025-12-01,2025-12-03,In Transit,"Seattle, WA"
ORD101881,DHL,FE6760067424,2026-01-05,2026-01-14,Delivered,"Miami, FL"
ORD101882,UPS,DH7175533122,2026-03-19,2026-03-24,In Transit,"Austin, TX"
ORD101883,DHL,FE3763415887,2026-06-16,2026-06-25,Delivered,"Miami, FL"
ORD101885,USPS,US6277997060,2026-02-24,2026-02-27,Returned to Sender,"San Diego, CA"
ORD101886,USPS,UP8388635215,2026-01-30,2026-02-03,Out for Delivery,"Nashville, TN"
ORD101887,USPS,DH7132461516,2026-05-20,2026-05-27,Delivered,"Denver, CO"
ORD101888,UPS,US7158630543,2025-08-18,2025-08-23,Returned to Sender,"Denver, CO"
ORD101889,UPS,UP4668375662,2026-04-06,2026-04-13,Delivered,"Boston, MA"
ORD101890,FedEx,US9047865586,2025-10-17,2025-10-19,Delivered,"Phoenix, AZ"
ORD101891,UPS,DH5675815887,2026-06-22,2026-06-26,In Transit,"Atlanta, GA"
ORD101893,USPS,DH6091343716,2025-12-06,2025-12-13,In Transit,"Raleigh, NC"
ORD101894,FedEx,DH6091382235,2025-11-04,2025-11-08,Returned to Sender,"Miami, FL"
ORD101895,UPS,FE1015462670,2025-12-08,2025-12-12,Delivered,"Phoenix, AZ"
ORD101896,USPS,FE6928357697,2026-02-22,2026-02-27,In Transit,"Phoenix, AZ"
ORD101897,DHL,UP7598129813,2026-04-15,2026-04-17,Delivered,"Miami, FL"
ORD101898,FedEx,UP8950148935,2025-11-17,2025-11-21,Out for Delivery,"Chicago, IL"
ORD101899,FedEx,US2664063205,2026-04-24,2026-04-29,Delivered,"Chicago, IL"
ORD101900,FedEx,FE5289554797,2026-02-19,2026-02-28,Delivered,"Atlanta, GA"
ORD101901,DHL,UP8596093922,2026-07-30,2026-08-02,Returned to Sender,"Boston, MA"
ORD101902,DHL,UP7764303717,2025-10-12,2025-10-19,Delivered,"Portland, OR"
ORD101903,FedEx,FE5321283640,2025-09-24,2025-10-02,Delivered,"San Diego, CA"
ORD101904,DHL,UP9166986233,2026-06-24,2026-06-27,Out for Delivery,"Salt Lake City, UT"
ORD101905,UPS,FE7144266289,2026-03-02,2026-03-07,In Transit,"Nashville, TN"
ORD101906,FedEx,DH9880581242,2026-07-16,2026-07-22,In Transit,"Nashville, TN"
ORD101907,DHL,DH2909141208,2025-10-27,2025-10-29,Out for Delivery,"Nashville, TN"
ORD101908,UPS,US3486742264,2025-11-27,2025-12-01,Delivered,"Columbus, OH"
ORD101909,USPS,UP1015399313,2025-10-31,2025-11-02,Delivered,"Miami, FL"
ORD101911,FedEx,UP7383798563,2025-12-22,2025-12-26,Delivered,"Phoenix, AZ"
ORD101912,DHL,US2103337093,2025-10-16,2025-10-21,Returned to Sender,"Portland, OR"
ORD101914,UPS,FE7508345778,2026-04-26,2026-05-01,Delivered,"Nashville, TN"
ORD101915,UPS,UP7299104049,2025-08-30,2025-09-02,Delivered,"Miami, FL"
ORD101916,FedEx,FE3025788023,2026-06-12,2026-06-17,Delivered,"Columbus, OH"
ORD101917,DHL,US6188781811,2026-08-02,2026-08-08,Delivered,"Salt Lake City, UT"
ORD101918,FedEx,US8709157148,2026-06-03,2026-06-11,Delivered,"San Diego, CA"
ORD101919,UPS,US5315356102,2025-08-05,2025-08-09,In Transit,"Phoenix, AZ"
ORD101920,USPS,UP7144203346,2026-02-03,2026-02-12,Delivered,"Portland, OR"
ORD101921,USPS,UP1288002861,2025-08-28,2025-08-31,Delivered,"Portland, OR"
ORD101922,USPS,UP2705667018,2026-02-14,2026-02-19,Delivered,"Columbus, OH"
ORD101924,DHL,DH5453627482,2025-09-17,2025-09-26,Delivered,"Chicago, IL"
ORD101925,FedEx,UP2077255360,2026-05-21,2026-05-29,Delivered,"Denver, CO"
ORD101927,DHL,DH4444033638,2025-12-28,2025-12-31,Delivered,"Salt Lake City, UT"
ORD101928,FedEx,FE5432619159,2026-05-22,2026-05-28,Delivered,"Minneapolis, MN"
ORD101929,FedEx,UP8943525607,2026-03-15,2026-03-19,In Transit,"Nashville, TN"
ORD101930,DHL,FE2255004236,2026-04-19,2026-04-22,In Transit,"Columbus, OH"
ORD101931,USPS,US7723708747,2026-07-12,2026-07-15,Delivered,"Miami, FL"
ORD101932,DHL,US2762214270,2026-04-11,2026-04-17,Delivered,"Austin, TX"
ORD101933,DHL,UP8696707122,2025-10-02,2025-10-11,Returned to Sender,"Seattle, WA"
ORD101934,UPS,DH6479773898,2025-11-13,2025-11-22,Delivered,"San Diego, CA"
ORD101935,FedEx,DH7423403711,2026-04-17,2026-04-21,Delayed - carrier exception,"Phoenix, AZ"
ORD101937,DHL,DH7291475205,2025-10-19,2025-10-27,Delivered,"Raleigh, NC"
ORD101938,DHL,DH9407334115,2025-08-02,2025-08-11,In Transit,"Denver, CO"
ORD101939,FedEx,DH7043887851,2025-12-29,2026-01-04,In Transit,"Chicago, IL"
ORD101940,FedEx,US7486582151,2025-10-26,2025-10-31,Returned to Sender,"Columbus, OH"
ORD101941,FedEx,UP5387062164,2026-04-05,2026-04-09,Delayed - carrier exception,"Raleigh, NC"
ORD101944,UPS,FE7722468871,2026-03-10,2026-03-14,Out for Delivery,"Atlanta, GA"
ORD101946,UPS,DH6947883363,2026-02-03,2026-02-07,Returned to Sender,"Denver, CO"
ORD101947,USPS,DH5331039792,2026-02-06,2026-02-13,Delivered,"Raleigh, NC"
ORD101948,UPS,US7705802798,2026-06-15,2026-06-23,Delivered,"Raleigh, NC"
ORD101949,USPS,FE2572836282,2026-02-20,2026-02-27,Delivered,"Raleigh, NC"
ORD101951,DHL,DH3953725258,2025-09-05,2025-09-08,In Transit,"Columbus, OH"
ORD101952,UPS,UP2931241424,2026-03-02,2026-03-09,Delivered,"Chicago, IL"
ORD101953,USPS,UP4786895569,2025-09-19,2025-09-25,Delivered,"Austin, TX"
ORD101955,FedEx,UP6225387716,2026-04-20,2026-04-23,Delayed - carrier exception,"Atlanta, GA"
ORD101957,FedEx,UP1322493391,2026-05-30,2026-06-05,Delivered,"Boston, MA"
ORD101958,DHL,US8406158052,2026-03-09,2026-03-13,In Transit,"Austin, TX"
ORD101959,DHL,US8244959032,2025-10-27,2025-11-02,Delivered,"San Diego, CA"
ORD101960,USPS,FE2302261317,2025-09-30,2025-10-06,In Transit,"Columbus, OH"
ORD101961,USPS,UP1971134499,2026-07-12,2026-07-16,Delivered,"Salt Lake City, UT"
ORD101962,USPS,DH6374272944,2025-12-18,2025-12-25,Delivered,"Nashville, TN"
ORD101963,USPS,US4609487344,2026-04-17,2026-04-22,Delivered,"Phoenix, AZ"
ORD101965,UPS,DH1701078605,2026-03-11,2026-03-19,Delivered,"Minneapolis, MN"
ORD101966,USPS,US5084363944,2025-11-28,2025-12-03,Delivered,"Columbus, OH"
ORD101967,FedEx,UP8511469687,2025-10-08,2025-10-15,Delivered,"Nashville, TN"
ORD101968,UPS,FE9721578610,2025-12-24,2025-12-30,Out for Delivery,"San Diego, CA"
ORD101969,FedEx,DH8493384779,2026-07-25,2026-08-03,Delayed - carrier exception,"Nashville, TN"
ORD101970,UPS,US3395771866,2026-06-21,2026-06-23,Delivered,"Miami, FL"
ORD101972,UPS,US7410408083,2025-12-22,2025-12-26,In Transit,"Atlanta, GA"
ORD101973,USPS,UP1400438999,2026-03-21,2026-03-24,Out for Delivery,"Raleigh, NC"
ORD101978,DHL,FE8955026859,2026-07-15,2026-07-22,In Transit,"Atlanta, GA"
ORD101980,UPS,US1221874004,2025-11-24,2025-12-03,Delivered,"Seattle, WA"
ORD101981,USPS,US9958849144,2025-11-17,2025-11-25,Delivered,"Salt Lake City, UT"
ORD101982,FedEx,FE8483357429,2026-06-21,2026-06-24,Delivered,"Austin, TX"
ORD101983,USPS,FE7002382182,2026-02-25,2026-03-04,Delivered,"Denver, CO"
ORD101985,FedEx,DH2996080045,2026-04-04,2026-04-06,Delivered,"Phoenix, AZ"
ORD101986,DHL,DH7432599794,2025-11-01,2025-11-08,Delivered,"Raleigh, NC"
ORD101987,FedEx,FE5690749786,2025-10-05,2025-10-10,Delayed - carrier exception,"Raleigh, NC"
ORD101988,USPS,DH8571793205,2026-04-01,2026-04-03,Delivered,"Portland, OR"
ORD101989,DHL,DH4477497721,2026-03-31,2026-04-05,Delivered,"Phoenix, AZ"
ORD101990,USPS,US7579971124,2025-11-20,2025-11-24,Returned to Sender,"Salt Lake City, UT"
ORD101991,DHL,UP7852135509,2026-04-09,2026-04-11,Returned to Sender,"Raleigh, NC"
ORD101992,DHL,UP9231427098,2025-12-17,2025-12-22,Delivered,"Denver, CO"
ORD101993,DHL,UP5289973042,2026-01-01,2026-01-08,In Transit,"Boston, MA"
ORD101994,DHL,DH1464261022,2025-11-11,2025-11-17,Delivered,"Austin, TX"
ORD101995,USPS,DH7187616595,2026-02-03,2026-02-07,Delivered,"Minneapolis, MN"
ORD101996,DHL,FE6693657922,2026-01-19,2026-01-22,In Transit,"Seattle, WA"
ORD101997,DHL,UP6419475615,2026-04-01,2026-04-06,Delivered,"Seattle, WA"
ORD101998,UPS,FE7555411814,2025-12-06,2025-12-15,Delivered,"Denver, CO"
ORD102000,USPS,DH3869815110,2026-02-03,2026-02-07,Delivered,"San Diego, CA"
ORD102001,UPS,US5082470876,2025-11-07,2025-11-12,In Transit,"Minneapolis, MN"
ORD102003,UPS,FE4256406153,2026-04-07,2026-04-11,Delivered,"Salt Lake City, UT"
ORD102005,DHL,US6384337298,2026-05-04,2026-05-12,In Transit,"Portland, OR"
ORD102006,USPS,UP5020186395,2025-11-18,2025-11-24,Delivered,"Boston, MA"
ORD102007,DHL,UP3156067668,2026-03-16,2026-03-20,Returned to Sender,"Seattle, WA"
ORD102008,USPS,US5510912867,2026-01-25,2026-02-03,Delivered,"Chicago, IL"
ORD102009,DHL,DH5621536018,2026-06-04,2026-06-06,Delivered,"Columbus, OH"
ORD102010,FedEx,FE6575034635,2026-04-08,2026-04-15,Delivered,"Columbus, OH"
ORD102011,DHL,US8215419877,2026-02-17,2026-02-24,Delivered,"Miami, FL"
ORD102012,DHL,UP2374960096,2026-03-20,2026-03-28,In Transit,"Denver, CO"
ORD102013,USPS,DH7203545779,2026-04-01,2026-04-05,Delivered,"Chicago, IL"
ORD102014,UPS,FE5551530637,2025-09-07,2025-09-12,Delivered,"Seattle, WA"
ORD102015,FedEx,US9878372636,2025-12-26,2026-01-02,Delivered,"Atlanta, GA"
ORD102016,FedEx,DH2444117181,2025-11-02,2025-11-07,Delivered,"Chicago, IL"
ORD102017,FedEx,DH4935164565,2025-11-09,2025-11-13,In Transit,"San Diego, CA"
ORD102018,DHL,UP9793525106,2026-04-08,2026-04-13,Delivered,"Portland, OR"
ORD102019,USPS,US5192240877,2025-11-21,2025-11-30,Delivered,"Miami, FL"
ORD102022,USPS,FE8463949129,2026-01-29,2026-01-31,Delivered,"Phoenix, AZ"
ORD102023,USPS,FE7670375638,2025-09-04,2025-09-08,In Transit,"Atlanta, GA"
ORD102024,UPS,DH7986433890,2026-07-09,2026-07-11,Delivered,"Phoenix, AZ"
ORD102026,DHL,FE6081638924,2026-03-19,2026-03-24,Delivered,"Miami, FL"
ORD102028,DHL,UP3432491351,2026-05-20,2026-05-22,Delivered,"Nashville, TN"
ORD102029,DHL,FE7113391063,2026-02-08,2026-02-13,In Transit,"Nashville, TN"
ORD102030,USPS,US8691227760,2026-02-19,2026-02-26,Returned to Sender,"Salt Lake City, UT"
ORD102032,USPS,US7565280589,2025-12-30,2026-01-02,Out for Delivery,"Austin, TX"
ORD102033,USPS,FE2229470216,2026-04-07,2026-04-09,In Transit,"Seattle, WA"
ORD102034,FedEx,FE2875723257,2026-03-29,2026-04-01,Delivered,"Boston, MA"
ORD102035,UPS,UP7984446909,2025-08-09,2025-08-15,Delivered,"Austin, TX"
ORD102039,USPS,DH3609057631,2026-04-20,2026-04-24,Delivered,"Atlanta, GA"
ORD102040,UPS,US5743747498,2025-12-13,2025-12-21,Delivered,"Portland, OR"
ORD102041,DHL,FE3409264277,2026-02-09,2026-02-14,In Transit,"Denver, CO"
ORD102042,USPS,US7050981113,2025-11-25,2025-11-28,In Transit,"Boston, MA"
ORD102043,DHL,DH4723438694,2026-03-12,2026-03-21,Delivered,"Boston, MA"
ORD102044,DHL,UP3800443319,2026-01-30,2026-02-08,In Transit,"Denver, CO"
ORD102046,USPS,US4290208169,2025-09-12,2025-09-14,Delivered,"Nashville, TN"
ORD102048,DHL,FE7468141089,2026-02-28,2026-03-05,Out for Delivery,"Salt Lake City, UT"
ORD102049,UPS,DH8173099534,2025-08-12,2025-08-16,In Transit,"Atlanta, GA"
ORD102050,FedEx,UP2513133297,2026-04-05,2026-04-09,Delivered,"Boston, MA"
ORD102051,FedEx,UP7585741596,2026-01-29,2026-02-02,Delivered,"Nashville, TN"
ORD102052,UPS,DH2457146968,2026-01-23,2026-01-30,Out for Delivery,"Minneapolis, MN"
ORD102054,FedEx,UP6205033783,2026-07-22,2026-07-27,Delivered,"Atlanta, GA"
ORD102055,DHL,DH7139847287,2025-12-05,2025-12-13,Delivered,"Seattle, WA"
ORD102056,DHL,DH3946327938,2026-06-12,2026-06-18,Delayed - carrier exception,"Minneapolis, MN"
ORD102057,DHL,DH7462352443,2025-12-16,2025-12-20,Delivered,"Nashville, TN"
ORD102059,FedEx,DH5358592089,2025-11-05,2025-11-10,Delivered,"Nashville, TN"
ORD102060,FedEx,FE7004420584,2025-11-16,2025-11-19,Delivered,"Miami, FL"
ORD102061,USPS,UP1309077497,2025-08-07,2025-08-12,In Transit,"Miami, FL"
ORD102062,DHL,DH9642814756,2026-07-09,2026-07-12,Delivered,"Austin, TX"
ORD102063,UPS,US1566194766,2025-11-29,2025-12-03,Delivered,"Minneapolis, MN"
ORD102064,UPS,FE9849116516,2025-09-23,2025-09-25,Returned to Sender,"Boston, MA"
ORD102066,FedEx,DH5006584229,2026-04-01,2026-04-06,Delivered,"Boston, MA"
ORD102067,UPS,FE4923069621,2026-03-16,2026-03-18,In Transit,"Columbus, OH"
ORD102068,USPS,US1737805235,2026-07-06,2026-07-12,Delivered,"Portland, OR"
ORD102069,DHL,UP6703603950,2025-11-24,2025-11-28,Delivered,"Columbus, OH"
ORD102071,DHL,UP2840408284,2025-09-13,2025-09-15,Delivered,"Austin, TX"
ORD102072,USPS,UP7612800124,2026-04-25,2026-04-27,Returned to Sender,"Atlanta, GA"
ORD102073,UPS,US5305123770,2026-04-12,2026-04-15,Delivered,"Minneapolis, MN"
ORD102074,FedEx,UP4945348075,2025-09-26,2025-10-04,Delivered,"Austin, TX"
ORD102075,USPS,UP8561431302,2026-03-10,2026-03-13,Delivered,"Boston, MA"
ORD102076,FedEx,FE3041650231,2025-11-24,2025-11-29,Delivered,"Denver, CO"
ORD102077,FedEx,FE8790538044,2026-06-06,2026-06-13,Delivered,"Austin, TX"
ORD102078,USPS,UP2132724321,2025-11-28,2025-12-06,In Transit,"Chicago, IL"
ORD102079,UPS,US3495889320,2025-10-16,2025-10-24,Delivered,"Austin, TX"
ORD102080,FedEx,DH2447966680,2026-03-16,2026-03-23,Out for Delivery,"Portland, OR"
ORD102081,UPS,FE5749760515,2026-04-12,2026-04-15,In Transit,"Boston, MA"
ORD102082,USPS,DH2888069459,2025-09-18,2025-09-24,Delivered,"Phoenix, AZ"
ORD102083,USPS,US9819735887,2025-11-14,2025-11-22,Delivered,"Boston, MA"
ORD102084,FedEx,DH5419208372,2025-08-03,2025-08-11,In Transit,"Salt Lake City, UT"
ORD102085,UPS,FE5026632063,2025-08-18,2025-08-21,Delivered,"Portland, OR"
ORD102086,USPS,US4675580752,2026-05-29,2026-06-01,Delivered,"Raleigh, NC"
ORD102087,UPS,US4618007634,2026-07-29,2026-08-04,Delivered,"Minneapolis, MN"
ORD102088,UPS,FE8061874515,2026-03-31,2026-04-04,Returned to Sender,"Seattle, WA"
ORD102089,USPS,UP6317452827,2025-10-05,2025-10-12,Delivered,"Denver, CO"
ORD102090,UPS,FE9360419392,2026-02-17,2026-02-22,Delivered,"Minneapolis, MN"
ORD102091,UPS,DH8191053485,2026-05-24,2026-05-27,In Transit,"San Diego, CA"
ORD102092,DHL,US2613794868,2025-12-03,2025-12-12,Delayed - carrier exception,"Miami, FL"
ORD102093,USPS,DH3140221890,2026-04-27,2026-05-03,Delivered,"Raleigh, NC"
ORD102094,DHL,US9380193648,2025-11-23,2025-11-25,Delivered,"Denver, CO"
ORD102095,USPS,DH8286546456,2026-07-06,2026-07-09,Delivered,"Miami, FL"
ORD102096,USPS,DH9879505128,2026-06-14,2026-06-16,Delivered,"Columbus, OH"
ORD102097,FedEx,DH1407374517,2025-10-19,2025-10-23,Delivered,"Atlanta, GA"
ORD102099,FedEx,DH3381172895,2026-06-09,2026-06-12,Delivered,"Seattle, WA"
ORD102100,FedEx,UP2842192161,2025-11-16,2025-11-20,Delivered,"Phoenix, AZ"
ORD102102,FedEx,US4102810266,2025-11-05,2025-11-09,Delivered,"Salt Lake City, UT"
ORD102103,USPS,UP2470508648,2025-11-04,2025-11-13,Delivered,"Denver, CO"
ORD102104,DHL,DH3606519092,2026-05-17,2026-05-24,Returned to Sender,"Phoenix, AZ"
ORD102105,FedEx,UP3503945864,2025-11-01,2025-11-04,Delivered,"Boston, MA"
ORD102106,USPS,UP1190487386,2025-09-22,2025-09-24,Out for Delivery,"Portland, OR"
ORD102108,DHL,FE2307415796,2025-10-05,2025-10-12,In Transit,"Salt Lake City, UT"
ORD102109,UPS,FE5241013099,2025-09-23,2025-09-28,Returned to Sender,"Portland, OR"
ORD102110,FedEx,US1995939021,2026-05-12,2026-05-17,In Transit,"Portland, OR"
ORD102112,USPS,US2699469290,2026-03-16,2026-03-18,Delivered,"Raleigh, NC"
ORD102114,FedEx,UP4204182123,2025-11-29,2025-12-02,In Transit,"Minneapolis, MN"
ORD102115,USPS,UP2994997823,2025-08-30,2025-09-08,Returned to Sender,"San Diego, CA"
ORD102117,UPS,FE9886665402,2026-02-28,2026-03-08,In Transit,"Chicago, IL"
ORD102119,DHL,FE3494129851,2025-11-26,2025-12-01,Delivered,"Austin, TX"
ORD102120,USPS,DH7695341005,2025-12-25,2025-12-31,Delivered,"Seattle, WA"
ORD102122,DHL,UP9736848348,2026-07-04,2026-07-06,In Transit,"Nashville, TN"
ORD102123,USPS,DH8318812732,2026-07-06,2026-07-12,In Transit,"Atlanta, GA"
ORD102124,USPS,US7098111530,2025-09-10,2025-09-13,Delivered,"Salt Lake City, UT"
ORD102125,FedEx,FE3695826198,2025-08-06,2025-08-11,In Transit,"Austin, TX"
ORD102126,USPS,US7524687552,2026-01-26,2026-02-01,Delivered,"Boston, MA"
ORD102127,USPS,US7971892052,2025-08-07,2025-08-13,Delivered,"Nashville, TN"
ORD102128,UPS,US6997128965,2025-11-17,2025-11-19,Delivered,"Atlanta, GA"
ORD102129,FedEx,FE1481488836,2026-03-06,2026-03-13,Delivered,"San Diego, CA"
ORD102130,FedEx,US2031928518,2026-02-13,2026-02-20,In Transit,"Columbus, OH"
ORD102131,UPS,FE3687977202,2026-03-14,2026-03-22,Delivered,"Salt Lake City, UT"
ORD102132,USPS,DH5722918703,2025-11-25,2025-11-29,Delivered,"Phoenix, AZ"
ORD102133,USPS,FE3328913186,2025-12-29,2026-01-02,Delivered,"Atlanta, GA"
ORD102134,DHL,US9986432562,2025-09-05,2025-09-09,Returned to Sender,"Minneapolis, MN"
ORD102135,UPS,US7455926908,2026-04-29,2026-05-07,Delivered,"Chicago, IL"
ORD102137,FedEx,DH5821613223,2026-03-20,2026-03-23,Delivered,"Columbus, OH"
ORD102140,USPS,DH7216963692,2025-10-04,2025-10-06,Delivered,"Miami, FL"
ORD102143,FedEx,FE6841049271,2025-12-17,2025-12-24,Returned to Sender,"San Diego, CA"
ORD102144,UPS,DH9188155931,2026-06-12,2026-06-19,Delivered,"Boston, MA"
ORD102145,USPS,US5172815499,2025-12-16,2025-12-21,Delivered,"Chicago, IL"
ORD102146,DHL,DH5908762530,2026-01-19,2026-01-28,Returned to Sender,"Seattle, WA"
ORD102147,UPS,DH8803554245,2026-07-12,2026-07-18,Delivered,"Nashville, TN"
ORD102148,USPS,FE8864273619,2026-03-06,2026-03-12,Delivered,"Chicago, IL"
ORD102149,FedEx,DH9563092570,2026-01-28,2026-02-03,Out for Delivery,"Portland, OR"
ORD102150,UPS,US3608697434,2026-05-29,2026-06-07,In Transit,"Minneapolis, MN"
ORD102151,FedEx,DH3877158644,2026-02-16,2026-02-20,In Transit,"Chicago, IL"
ORD102152,UPS,DH4075665257,2025-11-09,2025-11-15,Delivered,"Chicago, IL"
ORD102153,FedEx,FE8933019770,2026-06-17,2026-06-24,Delivered,"Salt Lake City, UT"
ORD102154,DHL,US7829528338,2025-08-22,2025-08-25,Delivered,"Atlanta, GA"
ORD102155,DHL,DH8215442609,2026-06-30,2026-07-07,In Transit,"Columbus, OH"
ORD102156,USPS,UP6583069332,2025-10-19,2025-10-28,In Transit,"Phoenix, AZ"
ORD102157,DHL,DH4394493883,2026-04-02,2026-04-06,Delivered,"Nashville, TN"
ORD102158,DHL,DH5920700571,2026-03-21,2026-03-26,Delivered,"Seattle, WA"
ORD102159,DHL,UP8868871032,2026-07-13,2026-07-22,Delivered,"Minneapolis, MN"
ORD102160,USPS,FE7198125557,2025-10-27,2025-10-30,Delivered,"Austin, TX"
ORD102161,USPS,DH1946618072,2026-06-02,2026-06-05,Delivered,"San Diego, CA"
ORD102162,FedEx,UP8750155871,2025-10-12,2025-10-15,Delivered,"Columbus, OH"
ORD102163,DHL,UP8732504471,2025-12-05,2025-12-11,Delivered,"Columbus, OH"
ORD102164,USPS,US6994344436,2026-05-25,2026-06-01,Out for Delivery,"Miami, FL"
ORD102165,UPS,FE7232046613,2025-11-21,2025-11-27,Returned to Sender,"Columbus, OH"
ORD102166,FedEx,FE9349805568,2026-04-14,2026-04-16,Delayed - carrier exception,"Denver, CO"
ORD102167,FedEx,DH1332196456,2025-10-21,2025-10-27,Delayed - carrier exception,"Austin, TX"
ORD102168,FedEx,US8854081847,2025-12-16,2025-12-23,Returned to Sender,"Miami, FL"
ORD102169,FedEx,FE7988504387,2026-05-14,2026-05-19,Delivered,"Salt Lake City, UT"
ORD102172,USPS,DH4250737534,2026-03-30,2026-04-01,Delivered,"Boston, MA"
ORD102174,USPS,US9205484268,2025-09-20,2025-09-29,Delivered,"Raleigh, NC"
ORD102175,USPS,FE9170352964,2026-02-21,2026-02-27,Delayed - carrier exception,"Atlanta, GA"
ORD102177,DHL,UP9563958420,2026-07-24,2026-08-02,Delivered,"Raleigh, NC"
ORD102178,FedEx,DH3806251008,2025-12-08,2025-12-17,Delivered,"Boston, MA"
ORD102179,DHL,FE3934194696,2025-09-10,2025-09-19,Out for Delivery,"Boston, MA"
ORD102180,FedEx,FE2075551393,2026-03-25,2026-04-03,Delivered,"Phoenix, AZ"
ORD102181,DHL,DH9986530535,2026-02-02,2026-02-04,In Transit,"Boston, MA"
ORD102182,USPS,UP1953688743,2026-05-12,2026-05-16,Delivered,"Denver, CO"
ORD102183,USPS,DH8616062806,2026-03-26,2026-04-01,Out for Delivery,"Minneapolis, MN"
ORD102184,FedEx,FE5933722884,2026-05-01,2026-05-04,Delivered,"San Diego, CA"
ORD102186,USPS,DH4204948650,2026-02-06,2026-02-14,Delivered,"Salt Lake City, UT"
ORD102187,USPS,US2544413647,2025-10-06,2025-10-10,Delivered,"Seattle, WA"
ORD102189,USPS,US3420494472,2025-09-19,2025-09-26,In Transit,"Miami, FL"
ORD102190,DHL,FE6943431799,2025-12-20,2025-12-22,Delayed - carrier exception,"San Diego, CA"
ORD102192,DHL,DH6424051205,2026-06-10,2026-06-12,Delivered,"Seattle, WA"
ORD102195,FedEx,DH5998467923,2025-12-22,2025-12-29,Delivered,"Minneapolis, MN"
ORD102196,UPS,US5969281835,2025-08-07,2025-08-09,Delivered,"Denver, CO"
ORD102197,USPS,FE3202811244,2026-03-14,2026-03-17,Delivered,"Salt Lake City, UT"
ORD102198,USPS,FE6717548784,2025-12-26,2026-01-01,Delivered,"San Diego, CA"
ORD102199,USPS,DH3627454015,2025-11-16,2025-11-24,Delivered,"Miami, FL"
ORD102200,DHL,FE2885224775,2025-10-17,2025-10-25,Delivered,"Chicago, IL"
ORD102201,USPS,FE3437360532,2025-10-02,2025-10-06,Delayed - carrier exception,"Raleigh, NC"
ORD102202,USPS,US8697430061,2026-05-24,2026-05-29,Delivered,"Denver, CO"
ORD102203,UPS,FE7588951196,2026-05-10,2026-05-18,Delivered,"San Diego, CA"
ORD102204,UPS,FE2660370935,2026-04-02,2026-04-07,Delivered,"San Diego, CA"
ORD102205,DHL,DH7507293214,2025-08-13,2025-08-21,Delivered,"Salt Lake City, UT"
ORD102206,UPS,DH3162368185,2026-04-14,2026-04-22,Delivered,"Boston, MA"
ORD102207,FedEx,DH1126884405,2025-11-07,2025-11-12,Returned to Sender,"Salt Lake City, UT"
ORD102208,DHL,UP1448019298,2026-05-05,2026-05-12,Delivered,"Denver, CO"
ORD102209,DHL,FE5354115970,2026-06-16,2026-06-24,In Transit,"Miami, FL"
ORD102210,UPS,US6916028495,2026-04-17,2026-04-21,In Transit,"Phoenix, AZ"
ORD102211,DHL,DH1036026545,2026-03-06,2026-03-12,In Transit,"Denver, CO"
ORD102213,USPS,DH8267303188,2026-01-26,2026-01-31,Delivered,"Chicago, IL"
ORD102214,DHL,DH2278373421,2026-02-16,2026-02-18,Delivered,"Boston, MA"
ORD102216,USPS,FE9395294304,2026-03-16,2026-03-25,Delivered,"Austin, TX"
ORD102218,UPS,FE3339111929,2026-04-03,2026-04-09,In Transit,"Chicago, IL"
ORD102219,FedEx,DH7532016583,2025-08-21,2025-08-27,Delivered,"Nashville, TN"
ORD102220,USPS,DH5832761917,2025-12-07,2025-12-16,Returned to Sender,"Miami, FL"
ORD102221,FedEx,DH1695858635,2025-10-17,2025-10-21,Delivered,"Columbus, OH"
ORD102222,UPS,DH4984941354,2026-03-29,2026-04-03,Delivered,"Miami, FL"
ORD102223,UPS,US6381097387,2026-05-04,2026-05-12,Delivered,"Seattle, WA"
ORD102224,USPS,DH3382167279,2026-03-03,2026-03-10,Returned to Sender,"Boston, MA"
ORD102225,DHL,UP7987467736,2025-11-10,2025-11-18,Delayed - carrier exception,"Seattle, WA"
ORD102226,FedEx,DH5619104327,2025-08-17,2025-08-25,Delayed - carrier exception,"Raleigh, NC"
ORD102227,USPS,US2067806772,2026-05-19,2026-05-26,Delivered,"Atlanta, GA"
ORD102229,DHL,UP1677942904,2025-10-07,2025-10-12,In Transit,"Austin, TX"
ORD102230,FedEx,FE8790059295,2026-02-09,2026-02-17,In Transit,"Minneapolis, MN"
ORD102231,UPS,DH9563941194,2025-12-08,2025-12-14,Delivered,"Seattle, WA"
ORD102233,FedEx,DH1063882570,2026-03-10,2026-03-16,Delivered,"Denver, CO"
ORD102234,UPS,FE9889519788,2026-05-21,2026-05-28,In Transit,"Columbus, OH"
ORD102235,DHL,DH8322522122,2025-10-22,2025-10-26,Delivered,"Columbus, OH"
ORD102237,DHL,UP8617355137,2026-03-09,2026-03-15,In Transit,"Salt Lake City, UT"
ORD102238,UPS,UP2063564831,2025-08-06,2025-08-12,Delivered,"Atlanta, GA"
ORD102239,FedEx,UP3543219889,2025-10-07,2025-10-16,Delivered,"Minneapolis, MN"
ORD102240,USPS,US9127099737,2026-02-04,2026-02-10,Delivered,"Chicago, IL"
ORD102241,DHL,FE5381327427,2026-06-30,2026-07-02,Delivered,"San Diego, CA"
ORD102242,FedEx,UP3246470251,2025-09-06,2025-09-11,In Transit,"San Diego, CA"
ORD102243,USPS,US8594220487,2025-09-07,2025-09-10,Delivered,"Phoenix, AZ"
ORD102244,FedEx,US4098961063,2026-05-26,2026-05-28,Delivered,"Portland, OR"
ORD102245,DHL,US2945637320,2025-10-06,2025-10-11,Delivered,"Seattle, WA"
ORD102246,DHL,DH8144935375,2026-04-12,2026-04-17,Delivered,"Portland, OR"
ORD102248,UPS,DH4472796373,2025-12-16,2025-12-20,Returned to Sender,"Miami, FL"
ORD102249,DHL,US9563729092,2025-09-22,2025-09-29,Delivered,"Seattle, WA"
ORD102250,UPS,FE7421421982,2026-06-27,2026-07-06,Returned to Sender,"Columbus, OH"
ORD102251,DHL,DH7713253516,2026-06-11,2026-06-13,Delivered,"Seattle, WA"
ORD102252,DHL,UP4007236112,2026-07-11,2026-07-13,Returned to Sender,"Nashville, TN"
ORD102254,UPS,FE9919405519,2026-04-13,2026-04-22,Delivered,"Phoenix, AZ"
ORD102255,DHL,UP4147793982,2026-07-08,2026-07-17,Delivered,"Phoenix, AZ"
ORD102256,DHL,UP8013659894,2026-01-01,2026-01-07,In Transit,"Phoenix, AZ"
ORD102258,USPS,FE5965217742,2026-01-30,2026-02-08,In Transit,"Austin, TX"
ORD102259,FedEx,US8481048604,2025-09-30,2025-10-07,Delivered,"Columbus, OH"
ORD102260,USPS,UP1348650150,2025-09-09,2025-09-11,Returned to Sender,"San Diego, CA"
ORD102261,DHL,US8499225600,2026-07-01,2026-07-09,Out for Delivery,"Nashville, TN"
ORD102262,FedEx,UP2036388089,2026-05-30,2026-06-06,Delivered,"Columbus, OH"
ORD102264,FedEx,DH1869270493,2025-11-20,2025-11-29,Delivered,"San Diego, CA"
ORD102265,DHL,FE6240949991,2025-09-27,2025-10-05,Delivered,"Denver, CO"
ORD102266,DHL,UP6519439600,2025-08-31,2025-09-09,Delivered,"Portland, OR"
ORD102267,UPS,UP1940545990,2026-06-15,2026-06-18,Delivered,"Nashville, TN"
ORD102268,UPS,DH8243716828,2026-04-09,2026-04-13,Delivered,"Atlanta, GA"
ORD102269,FedEx,UP6223027478,2025-12-09,2025-12-16,Delivered,"Austin, TX"
ORD102270,FedEx,UP8869516569,2026-07-04,2026-07-07,Delivered,"Atlanta, GA"
ORD102271,UPS,FE7743354473,2026-06-26,2026-06-30,Delivered,"Raleigh, NC"
ORD102273,DHL,US2124076364,2026-04-21,2026-04-23,Delivered,"Atlanta, GA"
ORD102274,FedEx,UP3562058209,2025-09-03,2025-09-06,Delivered,"Nashville, TN"
ORD102276,DHL,FE5422953582,2025-09-18,2025-09-20,Delayed - carrier exception,"Boston, MA"
ORD102277,DHL,UP1029045484,2026-05-11,2026-05-18,In Transit,"San Diego, CA"
ORD102278,UPS,US7918216748,2025-09-13,2025-09-21,Delivered,"Seattle, WA"
ORD102279,USPS,FE1162773838,2026-03-04,2026-03-09,Delivered,"Seattle, WA"
ORD102280,DHL,FE7577758719,2026-02-23,2026-03-04,Delayed - carrier exception,"San Diego, CA"
ORD102281,USPS,US6490074701,2026-07-15,2026-07-22,Delivered,"San Diego, CA"
ORD102282,USPS,FE5183579937,2025-09-16,2025-09-25,Delivered,"Boston, MA"
ORD102283,UPS,US1946460898,2026-02-01,2026-02-10,In Transit,"Phoenix, AZ"
ORD102284,DHL,UP3369567188,2026-07-24,2026-08-01,Delivered,"Phoenix, AZ"
ORD102286,UPS,DH6098907586,2026-04-24,2026-05-03,Delivered,"Nashville, TN"
ORD102288,UPS,FE9469503331,2026-04-16,2026-04-24,Delivered,"Seattle, WA"
ORD102289,UPS,US4294143420,2025-08-11,2025-08-13,Delayed - carrier exception,"Minneapolis, MN"
ORD102290,DHL,FE7601911216,2026-03-17,2026-03-25,Delayed - carrier exception,"Chicago, IL"
ORD102293,DHL,FE5539269842,2026-01-15,2026-01-19,Delayed - carrier exception,"Columbus, OH"
ORD102294,FedEx,FE9380200105,2026-02-08,2026-02-14,In Transit,"Phoenix, AZ"
ORD102295,USPS,UP4430676547,2025-11-10,2025-11-18,Delivered,"Austin, TX"
ORD102296,FedEx,DH7929934027,2026-03-04,2026-03-08,Delivered,"Phoenix, AZ"
ORD102297,FedEx,FE4847730548,2026-01-10,2026-01-18,In Transit,"Minneapolis, MN"
ORD102299,FedEx,UP6041372335,2026-06-28,2026-07-07,Delivered,"Seattle, WA"
ORD102300,USPS,UP9454917976,2026-04-10,2026-04-16,Out for Delivery,"Chicago, IL"
ORD102301,DHL,US2987078920,2026-02-10,2026-02-12,Delivered,"Denver, CO"
ORD102302,FedEx,UP3946512731,2026-07-21,2026-07-23,Out for Delivery,"Chicago, IL"
ORD102303,USPS,FE4749020599,2026-04-07,2026-04-11,Delivered,"Portland, OR"
ORD102304,DHL,UP9060868202,2025-10-25,2025-11-01,Delayed - carrier exception,"Seattle, WA"
ORD102305,UPS,US1276748719,2026-05-17,2026-05-20,Delivered,"Portland, OR"
ORD102306,FedEx,FE2338896340,2025-10-26,2025-10-28,Delivered,"Seattle, WA"
ORD102308,FedEx,DH4848489709,2026-03-27,2026-04-03,Delivered,"Austin, TX"
ORD102309,UPS,US5183872918,2026-01-28,2026-02-01,Delivered,"Boston, MA"
ORD102310,USPS,FE1888801440,2026-05-24,2026-05-27,Delivered,"Minneapolis, MN"
ORD102312,DHL,UP9386716159,2025-12-30,2026-01-01,Delivered,"Chicago, IL"
ORD102313,UPS,DH7391523767,2025-11-22,2025-11-25,Delivered,"Boston, MA"
ORD102314,USPS,US9377750921,2026-01-05,2026-01-07,Delivered,"Chicago, IL"
ORD102316,FedEx,FE8952749081,2025-10-27,2025-10-29,Delivered,"Boston, MA"
ORD102317,UPS,US5258906991,2026-03-22,2026-03-26,Delivered,"Raleigh, NC"
ORD102319,USPS,UP6516049411,2025-08-01,2025-08-09,Delivered,"Minneapolis, MN"
ORD102320,UPS,FE9004223063,2025-09-15,2025-09-21,Delivered,"Phoenix, AZ"
ORD102321,USPS,US3020657308,2026-01-30,2026-02-01,Delivered,"Boston, MA"
ORD102322,FedEx,UP6416258114,2025-12-09,2025-12-12,In Transit,"Austin, TX"
ORD102323,DHL,US5777488574,2025-09-28,2025-10-06,Delivered,"Austin, TX"
ORD102324,USPS,FE7228161096,2025-08-08,2025-08-11,Delivered,"Chicago, IL"
ORD102325,FedEx,FE2668026911,2026-05-07,2026-05-14,Delivered,"Atlanta, GA"
ORD102326,UPS,UP1443768137,2026-06-10,2026-06-19,In Transit,"Chicago, IL"
ORD102328,USPS,FE9923904199,2026-02-25,2026-03-03,Delivered,"Salt Lake City, UT"
ORD102329,DHL,FE1035582721,2025-12-06,2025-12-10,Delivered,"Miami, FL"
ORD102330,FedEx,UP7053352053,2026-01-19,2026-01-26,Out for Delivery,"Seattle, WA"
ORD102332,UPS,FE2243432379,2026-06-05,2026-06-07,Returned to Sender,"San Diego, CA"
ORD102333,FedEx,US2967947250,2026-06-22,2026-06-25,Delivered,"San Diego, CA"
ORD102334,USPS,UP8016841896,2025-12-29,2026-01-07,Delivered,"Chicago, IL"
ORD102336,FedEx,UP9928577693,2025-10-31,2025-11-09,Delivered,"Minneapolis, MN"
ORD102338,FedEx,DH9962516865,2026-01-04,2026-01-13,In Transit,"Boston, MA"
ORD102340,USPS,FE6104320456,2025-12-06,2025-12-12,Delivered,"Chicago, IL"
ORD102342,FedEx,US9308052332,2025-10-26,2025-11-02,Delivered,"Atlanta, GA"
ORD102343,DHL,UP4118802311,2025-11-09,2025-11-13,In Transit,"Boston, MA"
ORD102344,USPS,DH5741854831,2026-06-27,2026-07-03,In Transit,"Miami, FL"
ORD102347,DHL,UP5630801355,2025-10-26,2025-11-04,Delivered,"Chicago, IL"
ORD102349,FedEx,FE7020861405,2026-04-25,2026-04-30,In Transit,"Atlanta, GA"
ORD102350,UPS,DH3787328072,2026-05-26,2026-05-29,In Transit,"Chicago, IL"
ORD102351,UPS,US3297502052,2026-06-22,2026-06-27,In Transit,"Raleigh, NC"
ORD102352,USPS,FE7533091849,2025-09-14,2025-09-19,Delivered,"Miami, FL"
ORD102353,FedEx,FE1130060495,2026-04-20,2026-04-26,Delivered,"Miami, FL"
ORD102354,USPS,UP5275813059,2026-04-04,2026-04-09,In Transit,"Columbus, OH"
ORD102355,DHL,UP1748761231,2025-11-04,2025-11-11,In Transit,"Chicago, IL"
ORD102356,FedEx,FE6495146097,2026-01-02,2026-01-10,Delivered,"Portland, OR"
ORD102357,UPS,DH5845412014,2025-12-19,2025-12-23,Delivered,"Austin, TX"
ORD102359,UPS,US3751450815,2026-03-05,2026-03-13,Delivered,"Minneapolis, MN"
ORD102361,USPS,DH4354611086,2026-05-30,2026-06-04,Delivered,"Portland, OR"
ORD102362,UPS,US9437629213,2025-12-18,2025-12-25,Delivered,"Columbus, OH"
ORD102363,DHL,FE2211386195,2025-09-08,2025-09-12,Delivered,"Chicago, IL"
ORD102364,UPS,US6300622712,2025-08-02,2025-08-11,In Transit,"Minneapolis, MN"
ORD102365,UPS,DH5027882606,2025-10-22,2025-10-25,Delivered,"Raleigh, NC"
ORD102366,FedEx,DH4396042795,2026-01-12,2026-01-21,In Transit,"Salt Lake City, UT"
ORD102367,DHL,US7220441558,2025-10-05,2025-10-07,In Transit,"Denver, CO"
ORD102368,FedEx,US2693481167,2026-01-03,2026-01-12,In Transit,"Raleigh, NC"
ORD102369,FedEx,DH9281160663,2026-01-09,2026-01-11,Delivered,"Minneapolis, MN"
ORD102370,USPS,DH7875495831,2026-07-11,2026-07-17,Delivered,"Atlanta, GA"
ORD102372,UPS,DH5386868563,2026-01-16,2026-01-21,Delivered,"Atlanta, GA"
ORD102374,FedEx,US3746308619,2025-08-27,2025-08-29,Delivered,"Atlanta, GA"
ORD102375,UPS,DH3630518884,2026-01-04,2026-01-07,Delivered,"Salt Lake City, UT"
ORD102376,UPS,US8357187289,2026-07-03,2026-07-07,Delivered,"Denver, CO"
ORD102377,UPS,FE7094977311,2026-06-08,2026-06-17,Delivered,"Seattle, WA"
ORD102378,DHL,DH7251031733,2025-11-10,2025-11-13,Delivered,"Chicago, IL"
ORD102380,DHL,FE4474875888,2026-06-04,2026-06-11,Delivered,"Phoenix, AZ"
ORD102381,USPS,UP5888734626,2026-01-05,2026-01-11,In Transit,"Salt Lake City, UT"
ORD102382,DHL,FE2820535027,2026-02-24,2026-03-04,Delivered,"Nashville, TN"
ORD102383,FedEx,US8687792244,2026-01-01,2026-01-07,In Transit,"Columbus, OH"
ORD102384,DHL,FE9851551233,2025-11-04,2025-11-08,Delivered,"Portland, OR"
ORD102386,UPS,FE6275885117,2026-06-10,2026-06-19,Delivered,"Miami, FL"
ORD102387,FedEx,FE3680423698,2026-06-07,2026-06-16,Delivered,"Phoenix, AZ"
ORD102388,DHL,UP9514444316,2026-01-14,2026-01-20,Returned to Sender,"Minneapolis, MN"
ORD102392,USPS,DH2943508587,2026-06-11,2026-06-18,In Transit,"Minneapolis, MN"
ORD102393,UPS,FE8098532401,2026-02-18,2026-02-24,Returned to Sender,"Denver, CO"
ORD102394,FedEx,FE3530685727,2026-05-05,2026-05-09,Delivered,"Miami, FL"
ORD102395,FedEx,UP4764773153,2025-12-06,2025-12-08,Delivered,"Austin, TX"
ORD102396,USPS,UP7279970438,2026-01-09,2026-01-18,Returned to Sender,"Phoenix, AZ"
ORD102398,FedEx,DH5057220218,2025-12-01,2025-12-09,Delivered,"Boston, MA"
ORD102399,UPS,UP8037048746,2025-08-27,2025-09-05,Delivered,"Salt Lake City, UT"
ORD102402,FedEx,US3919064688,2026-03-22,2026-03-26,Delivered,"San Diego, CA"
ORD102403,FedEx,UP8351288845,2026-01-22,2026-01-24,Out for Delivery,"Portland, OR"
ORD102404,USPS,UP8172065401,2025-12-05,2025-12-12,In Transit,"Austin, TX"
ORD102405,FedEx,US2951346321,2026-07-11,2026-07-19,Delivered,"Denver, CO"
ORD102406,UPS,US9660471966,2026-01-16,2026-01-24,Delivered,"Atlanta, GA"
ORD102407,DHL,UP8954160117,2025-08-08,2025-08-17,Delivered,"Miami, FL"
ORD102409,USPS,DH6890408349,2026-07-15,2026-07-19,Returned to Sender,"Salt Lake City, UT"
ORD102411,UPS,FE7725342599,2026-07-17,2026-07-26,In Transit,"Miami, FL"
ORD102412,USPS,US6550527305,2026-04-17,2026-04-25,Delivered,"Nashville, TN"
ORD102413,DHL,US7530098585,2026-07-08,2026-07-17,Delivered,"Denver, CO"
ORD102414,DHL,FE9103181275,2026-05-23,2026-05-25,Delivered,"Atlanta, GA"
ORD102416,FedEx,DH3889041823,2025-11-05,2025-11-14,Delayed - carrier exception,"Chicago, IL"
ORD102417,USPS,UP9131261832,2025-08-29,2025-09-06,Out for Delivery,"Columbus, OH"
ORD102418,UPS,DH6762349078,2026-02-17,2026-02-22,Delivered,"Phoenix, AZ"
ORD102419,DHL,FE3254391556,2026-07-28,2026-07-30,Returned to Sender,"Denver, CO"
ORD102420,USPS,UP3849461885,2025-10-22,2025-10-30,Delivered,"Austin, TX"
ORD102421,FedEx,DH2689877399,2025-10-11,2025-10-20,Delayed - carrier exception,"Denver, CO"
ORD102422,FedEx,FE1169028396,2025-11-29,2025-12-02,In Transit,"Atlanta, GA"
ORD102423,FedEx,FE2958935367,2026-06-09,2026-06-11,In Transit,"San Diego, CA"
ORD102424,FedEx,UP6260986152,2025-12-17,2025-12-24,In Transit,"Portland, OR"
ORD102425,DHL,US8959025940,2026-01-12,2026-01-17,Delayed - carrier exception,"San Diego, CA"
ORD102426,USPS,UP1138631055,2025-08-23,2025-08-28,Delayed - carrier exception,"Austin, TX"
ORD102427,USPS,FE9368648908,2026-03-29,2026-04-06,Delivered,"Minneapolis, MN"
ORD102428,USPS,UP5680360551,2026-01-21,2026-01-23,Delayed - carrier exception,"Chicago, IL"
ORD102430,DHL,US8640071470,2025-09-25,2025-09-30,Delivered,"Austin, TX"
ORD102432,DHL,FE1312207702,2026-04-29,2026-05-08,Delivered,"Chicago, IL"
ORD102433,DHL,UP6630109169,2026-02-19,2026-02-22,Delivered,"Atlanta, GA"
ORD102434,DHL,UP7754013674,2025-11-07,2025-11-16,Delivered,"San Diego, CA"
ORD102435,FedEx,US5150003697,2026-02-13,2026-02-16,Out for Delivery,"Atlanta, GA"
ORD102436,USPS,DH9913353664,2026-06-27,2026-07-06,Delivered,"Seattle, WA"
ORD102438,FedEx,UP3298437001,2026-07-17,2026-07-25,Delivered,"Boston, MA"
ORD102439,USPS,DH3265375014,2026-06-23,2026-07-01,Delivered,"Chicago, IL"
ORD102440,DHL,DH2664903015,2026-04-26,2026-05-02,Delivered,"Denver, CO"
ORD102441,DHL,UP8427578361,2026-04-08,2026-04-13,Delivered,"Seattle, WA"
ORD102442,USPS,US4391401156,2026-06-07,2026-06-09,Delivered,"Miami, FL"
ORD102443,UPS,US5325119478,2026-04-02,2026-04-10,Delivered,"Boston, MA"
ORD102444,DHL,US5788132323,2025-12-07,2025-12-13,Delivered,"Boston, MA"
ORD102445,USPS,US2951109303,2026-04-03,2026-04-07,Delivered,"Raleigh, NC"
ORD102447,UPS,DH2871350350,2026-01-08,2026-01-13,Delivered,"Denver, CO"
ORD102448,USPS,FE9656360037,2025-11-29,2025-12-06,Delivered,"Seattle, WA"
ORD102450,UPS,FE3703061163,2025-12-13,2025-12-22,Delivered,"Nashville, TN"
ORD102451,FedEx,UP7265006905,2026-07-01,2026-07-03,Delivered,"Raleigh, NC"
ORD102452,USPS,DH9348673356,2026-03-16,2026-03-25,Delayed - carrier exception,"Atlanta, GA"
ORD102453,FedEx,DH8511253082,2025-08-01,2025-08-09,Delivered,"Atlanta, GA"
ORD102454,DHL,UP3253479590,2026-05-18,2026-05-25,Delivered,"Miami, FL"
ORD102455,FedEx,FE9619685200,2026-05-10,2026-05-12,In Transit,"Raleigh, NC"
ORD102457,UPS,DH8076122544,2025-08-28,2025-09-01,Delivered,"Seattle, WA"
ORD102458,UPS,DH4151880056,2025-12-16,2025-12-18,Returned to Sender,"Nashville, TN"
ORD102459,DHL,UP7616863418,2026-07-22,2026-07-26,Delivered,"San Diego, CA"
ORD102460,USPS,US5150497172,2026-06-11,2026-06-16,In Transit,"Phoenix, AZ"
ORD102462,DHL,FE7913700163,2026-07-07,2026-07-11,Delivered,"Columbus, OH"
ORD102463,USPS,US9895019201,2026-05-18,2026-05-21,Delivered,"Atlanta, GA"
ORD102464,USPS,FE4614933836,2026-03-31,2026-04-06,Delivered,"Columbus, OH"
ORD102465,UPS,FE4557233798,2026-03-03,2026-03-12,Delivered,"Raleigh, NC"
ORD102466,USPS,DH5848363757,2025-08-12,2025-08-17,In Transit,"Minneapolis, MN"
ORD102467,FedEx,US3414312562,2026-07-25,2026-07-27,Delivered,"Austin, TX"
ORD102468,FedEx,DH5891883703,2026-02-10,2026-02-17,Out for Delivery,"Denver, CO"
ORD102469,USPS,DH2659312571,2026-03-06,2026-03-15,Out for Delivery,"Portland, OR"
ORD102470,FedEx,FE9748648904,2026-07-19,2026-07-21,Delivered,"Columbus, OH"
ORD102471,USPS,UP9785613691,2025-12-05,2025-12-07,In Transit,"Nashville, TN"
ORD102473,USPS,DH2546573759,2026-03-11,2026-03-19,Delivered,"Miami, FL"
ORD102474,DHL,FE1962777412,2026-02-13,2026-02-19,In Transit,"Nashville, TN"
ORD102475,USPS,UP7807373799,2026-01-22,2026-01-28,Delivered,"Portland, OR"
ORD102478,USPS,US2200052256,2026-01-18,2026-01-27,Delivered,"Nashville, TN"
ORD102479,FedEx,FE3232534016,2025-09-22,2025-10-01,In Transit,"San Diego, CA"
ORD102480,USPS,UP2883297223,2026-03-16,2026-03-18,Delivered,"Nashville, TN"
ORD102481,DHL,DH3500972252,2026-07-16,2026-07-22,Delivered,"Minneapolis, MN"
ORD102482,USPS,FE7612818913,2025-09-11,2025-09-17,Out for Delivery,"San Diego, CA"
ORD102484,DHL,US1266789508,2025-08-18,2025-08-25,Delivered,"Phoenix, AZ"
ORD102486,UPS,US2318766528,2026-04-21,2026-04-24,In Transit,"Minneapolis, MN"
ORD102487,UPS,US6787592309,2025-12-13,2025-12-15,Delivered,"San Diego, CA"
ORD102488,DHL,UP5869623906,2025-09-23,2025-09-27,Delivered,"Miami, FL"
ORD102489,FedEx,DH2665889601,2025-11-13,2025-11-15,Delivered,"Boston, MA"
ORD102490,USPS,DH2192850359,2025-11-15,2025-11-20,Delivered,"Chicago, IL"
ORD102491,UPS,US5704360830,2026-05-30,2026-06-05,Delivered,"Raleigh, NC"
ORD102492,USPS,UP2668422897,2026-07-10,2026-07-16,Delivered,"Miami, FL"
ORD102493,UPS,FE8575649465,2025-10-13,2025-10-20,Delivered,"Minneapolis, MN"
ORD102495,UPS,UP6731499278,2026-06-21,2026-06-29,In Transit,"Miami, FL"
ORD102496,UPS,DH8688882841,2025-12-02,2025-12-08,In Transit,"Salt Lake City, UT"
ORD102497,DHL,FE2240989664,2025-08-22,2025-08-30,Delivered,"Raleigh, NC"
ORD102498,USPS,FE8067479355,2026-02-07,2026-02-15,Delivered,"Phoenix, AZ"
ORD102499,DHL,UP3964388640,2026-02-19,2026-02-21,Delivered,"Austin, TX"
ORD102500,USPS,UP4579250082,2025-08-21,2025-08-24,Delivered,"Nashville, TN"
ORD102501,FedEx,UP8026633317,2026-05-08,2026-05-11,Delivered,"Atlanta, GA"
ORD102502,UPS,FE1064750448,2025-10-08,2025-10-13,Delivered,"San Diego, CA"
ORD102503,FedEx,DH3435995830,2026-03-18,2026-03-23,Out for Delivery,"Phoenix, AZ"
ORD102504,UPS,US6475209021,2026-01-18,2026-01-27,Delivered,"Boston, MA"
ORD102506,FedEx,DH4993847403,2025-11-20,2025-11-29,In Transit,"Austin, TX"
ORD102508,UPS,US3158007539,2025-10-14,2025-10-19,Delivered,"Miami, FL"
ORD102509,USPS,UP4100410478,2025-10-26,2025-10-29,Delayed - carrier exception,"Chicago, IL"
ORD102511,USPS,DH9702818222,2025-08-21,2025-08-25,Delivered,"Atlanta, GA"
ORD102512,DHL,US5780027794,2026-05-17,2026-05-22,Delivered,"Chicago, IL"
ORD102513,UPS,FE8492919885,2026-05-10,2026-05-12,Delivered,"Phoenix, AZ"
ORD102515,USPS,US7255107858,2026-07-25,2026-08-02,In Transit,"Columbus, OH"
ORD102516,USPS,FE8606848744,2026-01-27,2026-02-04,In Transit,"Nashville, TN"
ORD102517,USPS,FE4418715456,2025-10-12,2025-10-19,Delivered,"Minneapolis, MN"
ORD102518,DHL,DH9801909703,2026-02-04,2026-02-12,Out for Delivery,"Raleigh, NC"
ORD102519,USPS,UP1669511241,2026-01-01,2026-01-07,Delivered,"Nashville, TN"
ORD102520,UPS,DH5600750696,2025-11-24,2025-11-26,Delivered,"San Diego, CA"
ORD102521,UPS,FE2568334904,2026-08-01,2026-08-09,In Transit,"Miami, FL"
ORD102523,USPS,UP7469349958,2025-12-24,2026-01-01,Delivered,"Atlanta, GA"
ORD102524,FedEx,FE5875676716,2025-11-27,2025-11-30,In Transit,"San Diego, CA"
ORD102525,FedEx,FE6495262715,2026-04-25,2026-05-04,Returned to Sender,"Atlanta, GA"
ORD102526,USPS,UP9659840674,2025-08-28,2025-09-01,Out for Delivery,"Austin, TX"
ORD102527,FedEx,US1040084282,2025-08-30,2025-09-04,Out for Delivery,"Denver, CO"
ORD102528,USPS,FE2147931593,2026-04-24,2026-05-02,Delivered,"Portland, OR"
ORD102529,USPS,UP7613747328,2026-01-23,2026-01-27,Returned to Sender,"Denver, CO"
ORD102531,USPS,DH6659035902,2025-11-15,2025-11-22,Delivered,"Austin, TX"
ORD102533,FedEx,DH9738035271,2025-10-14,2025-10-18,In Transit,"Atlanta, GA"
ORD102534,UPS,FE8891278070,2026-06-01,2026-06-03,Delivered,"Salt Lake City, UT"
ORD102535,UPS,DH5625138799,2026-05-31,2026-06-04,Delivered,"Raleigh, NC"
ORD102536,FedEx,UP7035179766,2026-06-16,2026-06-23,In Transit,"Nashville, TN"
ORD102537,FedEx,FE2435698875,2026-04-03,2026-04-06,Delayed - carrier exception,"Salt Lake City, UT"
ORD102538,DHL,UP8143482843,2026-05-17,2026-05-26,Delivered,"Portland, OR"
ORD102539,UPS,US9947466819,2025-09-04,2025-09-06,Out for Delivery,"Miami, FL"
ORD102540,UPS,DH2655042314,2025-11-20,2025-11-24,Delivered,"Raleigh, NC"
ORD102541,FedEx,UP2723017998,2026-06-27,2026-07-04,Delayed - carrier exception,"San Diego, CA"
ORD102542,DHL,DH9152644892,2026-03-04,2026-03-08,In Transit,"Raleigh, NC"
ORD102544,FedEx,FE4957632064,2025-08-23,2025-08-30,Delivered,"Austin, TX"
ORD102545,USPS,DH9281241072,2026-05-09,2026-05-11,Delivered,"Phoenix, AZ"
ORD102546,FedEx,UP5160422169,2026-05-27,2026-05-29,Delivered,"Phoenix, AZ"
ORD102548,DHL,US7348979963,2025-11-15,2025-11-18,In Transit,"Portland, OR"
ORD102550,DHL,DH7138999398,2025-10-08,2025-10-10,Delivered,"Chicago, IL"
ORD102551,FedEx,UP5538582598,2026-03-30,2026-04-01,Delivered,"Miami, FL"
ORD102552,UPS,FE3159415283,2025-08-13,2025-08-18,Delayed - carrier exception,"Raleigh, NC"
ORD102553,DHL,DH9952290751,2025-09-20,2025-09-27,Delivered,"Denver, CO"
ORD102554,DHL,FE3778225208,2026-02-20,2026-02-26,Delivered,"San Diego, CA"
ORD102555,DHL,FE8085364547,2026-03-28,2026-03-30,Delivered,"Seattle, WA"
ORD102556,USPS,UP4649909139,2026-01-31,2026-02-08,In Transit,"Salt Lake City, UT"
ORD102557,DHL,DH8039447736,2025-12-20,2025-12-26,Delivered,"Miami, FL"
ORD102558,USPS,UP6609056766,2025-11-24,2025-12-01,In Transit,"Portland, OR"
ORD102559,USPS,UP8053541382,2025-09-22,2025-09-24,Delivered,"Seattle, WA"
ORD102560,UPS,FE7126765607,2026-01-22,2026-01-29,Delivered,"Denver, CO"
ORD102562,USPS,US4936557121,2026-07-29,2026-08-03,Delivered,"Miami, FL"
ORD102563,DHL,FE3247020013,2025-12-28,2026-01-03,Delivered,"Boston, MA"
ORD102564,UPS,FE5018211653,2026-06-07,2026-06-12,In Transit,"Seattle, WA"
ORD102565,UPS,UP2368929708,2026-03-26,2026-04-02,Delivered,"Austin, TX"
ORD102566,DHL,US2503488281,2025-10-16,2025-10-19,In Transit,"Atlanta, GA"
ORD102567,FedEx,DH7478365951,2026-01-05,2026-01-07,Delayed - carrier exception,"Raleigh, NC"
ORD102568,DHL,FE3801651442,2026-01-18,2026-01-27,Delivered,"Minneapolis, MN"
ORD102569,USPS,FE8863977910,2025-11-15,2025-11-21,Delivered,"Denver, CO"
ORD102570,USPS,UP7084145353,2026-06-13,2026-06-17,In Transit,"San Diego, CA"
ORD102572,DHL,US4116849700,2026-02-15,2026-02-18,Delivered,"Columbus, OH"
ORD102574,USPS,DH4272364434,2026-07-01,2026-07-05,Delivered,"Chicago, IL"
ORD102575,DHL,US8162405893,2025-11-07,2025-11-14,In Transit,"Minneapolis, MN"
ORD102576,USPS,UP7893664814,2025-10-30,2025-11-04,Out for Delivery,"Minneapolis, MN"
ORD102577,FedEx,US6411515288,2026-01-17,2026-01-23,Delivered,"Portland, OR"
ORD102579,USPS,UP8637481827,2025-08-31,2025-09-09,In Transit,"Denver, CO"
ORD102580,USPS,FE7550503261,2026-05-26,2026-05-28,Delivered,"Seattle, WA"
ORD102582,DHL,FE2746490210,2026-04-07,2026-04-16,Delivered,"Chicago, IL"
ORD102583,DHL,UP5565792940,2025-10-19,2025-10-24,Delivered,"San Diego, CA"
ORD102584,DHL,DH2689153459,2025-11-20,2025-11-28,Delivered,"Columbus, OH"
ORD102585,USPS,DH7114349054,2026-04-16,2026-04-20,In Transit,"Seattle, WA"
ORD102586,UPS,US1741026891,2026-03-23,2026-03-30,In Transit,"Portland, OR"
ORD102587,USPS,US2157004351,2026-06-01,2026-06-10,Delivered,"Chicago, IL"
ORD102588,FedEx,DH4534054763,2025-09-18,2025-09-27,Delayed - carrier exception,"Denver, CO"
ORD102589,UPS,UP2271255209,2026-07-01,2026-07-08,Delivered,"Chicago, IL"
ORD102590,FedEx,US7223423289,2025-11-23,2025-12-02,Returned to Sender,"Phoenix, AZ"
ORD102591,USPS,UP6711237760,2026-07-25,2026-07-28,In Transit,"Salt Lake City, UT"
ORD102592,USPS,US8384578713,2025-11-06,2025-11-14,Delivered,"Raleigh, NC"
ORD102594,USPS,UP4709908140,2026-05-17,2026-05-21,Delayed - carrier exception,"Nashville, TN"
ORD102595,UPS,DH1509669866,2026-06-11,2026-06-15,Delivered,"Austin, TX"
ORD102596,FedEx,US7965056828,2025-11-18,2025-11-21,In Transit,"Phoenix, AZ"
ORD102599,USPS,DH2125238480,2025-12-17,2025-12-19,Delivered,"Salt Lake City, UT"
ORD102600,FedEx,DH5160703558,2025-09-26,2025-09-30,In Transit,"Columbus, OH"
ORD102601,UPS,FE8845566273,2026-06-16,2026-06-24,Delivered,"Phoenix, AZ"
ORD102604,USPS,DH1891523421,2026-03-02,2026-03-07,Delivered,"Raleigh, NC"
ORD102605,UPS,UP3317137303,2026-05-27,2026-05-29,Delivered,"Phoenix, AZ"
ORD102606,FedEx,DH1903311021,2026-06-02,2026-06-09,Delivered,"Phoenix, AZ"
ORD102607,FedEx,DH7014574582,2026-01-17,2026-01-19,Delivered,"Chicago, IL"
ORD102608,UPS,US1060172625,2026-06-17,2026-06-19,Delayed - carrier exception,"Atlanta, GA"
ORD102609,DHL,FE6215609218,2026-07-14,2026-07-16,Delivered,"Chicago, IL"
ORD102611,UPS,US5187827637,2026-01-04,2026-01-07,Delivered,"Minneapolis, MN"
ORD102613,FedEx,UP3929247583,2026-07-31,2026-08-07,Delivered,"Atlanta, GA"
ORD102614,UPS,DH5922495802,2025-09-23,2025-09-30,Out for Delivery,"Salt Lake City, UT"
ORD102615,FedEx,FE3629175958,2025-09-11,2025-09-20,Out for Delivery,"Austin, TX"
ORD102616,USPS,UP5971639988,2026-01-17,2026-01-20,Delivered,"Denver, CO"
ORD102617,DHL,DH7715512021,2026-06-02,2026-06-06,Returned to Sender,"Denver, CO"
ORD102618,DHL,DH9533876576,2026-07-25,2026-07-28,Delivered,"Boston, MA"
ORD102619,USPS,US1729569722,2025-12-03,2025-12-09,Delivered,"Chicago, IL"
ORD102620,USPS,FE2161045211,2026-04-08,2026-04-10,Returned to Sender,"Phoenix, AZ"
ORD102621,FedEx,DH6089643526,2026-03-12,2026-03-16,Delivered,"Denver, CO"
ORD102622,USPS,US7116788109,2025-10-01,2025-10-07,Delivered,"Columbus, OH"
ORD102623,DHL,UP9846432027,2025-10-10,2025-10-16,Delivered,"Minneapolis, MN"
ORD102625,USPS,US9003066139,2025-12-12,2025-12-17,Delayed - carrier exception,"Denver, CO"
ORD102626,FedEx,FE1905953816,2025-11-24,2025-11-26,Delivered,"Austin, TX"
ORD102627,USPS,US3650709794,2026-01-06,2026-01-08,Delivered,"Nashville, TN"
ORD102628,DHL,DH3988572729,2026-04-01,2026-04-10,Delivered,"Boston, MA"
ORD102629,DHL,US6928395362,2026-05-29,2026-06-07,Delivered,"San Diego, CA"
ORD102630,FedEx,US7438596807,2026-07-27,2026-08-05,Delivered,"Denver, CO"
ORD102631,UPS,US4113748758,2026-01-29,2026-02-04,Delivered,"Seattle, WA"
ORD102634,FedEx,FE5800502068,2026-03-01,2026-03-08,In Transit,"Salt Lake City, UT"
ORD102636,USPS,DH4653625265,2026-02-06,2026-02-12,Delivered,"Phoenix, AZ"
ORD102637,DHL,FE8924256519,2025-12-23,2025-12-25,Delivered,"Phoenix, AZ"
ORD102639,FedEx,US8541030049,2025-10-27,2025-11-04,In Transit,"Boston, MA"
ORD102640,DHL,UP7207948161,2025-09-28,2025-10-07,Delivered,"San Diego, CA"
ORD102641,DHL,US8967002108,2026-03-12,2026-03-19,Delayed - carrier exception,"Boston, MA"
ORD102642,DHL,FE8043315310,2026-01-19,2026-01-21,Out for Delivery,"San Diego, CA"
ORD102643,UPS,US6935203854,2025-08-15,2025-08-19,Delivered,"Denver, CO"
ORD102644,USPS,DH2377469224,2025-08-27,2025-09-05,Delivered,"Atlanta, GA"
ORD102646,UPS,DH2462244147,2025-08-27,2025-08-29,Delivered,"Portland, OR"
ORD102647,USPS,FE9825924387,2025-12-20,2025-12-29,In Transit,"Seattle, WA"
ORD102650,FedEx,FE3909448505,2026-01-19,2026-01-22,Delivered,"Denver, CO"
ORD102651,FedEx,US7297487119,2026-02-08,2026-02-13,Delivered,"Seattle, WA"
ORD102652,USPS,UP1765093007,2026-03-31,2026-04-05,Delivered,"Denver, CO"
ORD102653,USPS,UP8446925137,2025-08-24,2025-08-30,Delivered,"Columbus, OH"
ORD102654,DHL,UP3215909702,2025-10-25,2025-11-03,Delivered,"Raleigh, NC"
ORD102655,UPS,US1706087750,2025-11-13,2025-11-18,Out for Delivery,"Miami, FL"
ORD102657,FedEx,UP2795815070,2025-11-04,2025-11-06,Delivered,"Atlanta, GA"
ORD102658,UPS,FE2635848555,2026-02-03,2026-02-12,Delivered,"Austin, TX"
ORD102659,USPS,FE8714635598,2026-01-07,2026-01-14,Delivered,"Atlanta, GA"
ORD102661,USPS,US8767425244,2026-01-12,2026-01-20,Returned to Sender,"Raleigh, NC"
ORD102663,DHL,UP3498468076,2026-04-06,2026-04-10,Delivered,"Raleigh, NC"
ORD102664,DHL,DH5667078084,2025-10-12,2025-10-21,In Transit,"Phoenix, AZ"
ORD102665,FedEx,DH1928951203,2026-04-05,2026-04-13,Delayed - carrier exception,"Boston, MA"
ORD102666,UPS,DH7037918323,2025-08-26,2025-08-29,In Transit,"Phoenix, AZ"
ORD102667,UPS,DH5362641005,2026-05-05,2026-05-12,Delivered,"Austin, TX"
ORD102669,UPS,UP8238044752,2025-10-13,2025-10-18,Delayed - carrier exception,"Columbus, OH"
ORD102670,UPS,UP9331757656,2026-06-15,2026-06-19,Delivered,"Columbus, OH"
ORD102671,USPS,FE8160036896,2025-11-19,2025-11-22,Out for Delivery,"Minneapolis, MN"
ORD102672,UPS,UP6055155293,2025-08-14,2025-08-16,In Transit,"Columbus, OH"
ORD102673,DHL,UP4424204354,2026-01-02,2026-01-06,Delivered,"Boston, MA"
ORD102674,USPS,FE4337807148,2026-07-28,2026-08-02,Delivered,"Seattle, WA"
ORD102675,FedEx,DH5589156403,2026-05-24,2026-05-31,Returned to Sender,"Denver, CO"
ORD102676,USPS,DH7764410417,2025-10-28,2025-10-30,Delivered,"San Diego, CA"
ORD102677,UPS,UP4048664376,2026-04-04,2026-04-06,Delivered,"Portland, OR"
ORD102678,USPS,US3493063859,2026-01-17,2026-01-25,Returned to Sender,"Raleigh, NC"
ORD102679,FedEx,US6302122174,2026-02-28,2026-03-07,Delivered,"Raleigh, NC"
ORD102680,UPS,FE7431504706,2025-12-16,2025-12-20,Delivered,"Boston, MA"
ORD102681,FedEx,FE4937455286,2026-07-28,2026-08-06,Delivered,"Chicago, IL"
ORD102682,USPS,FE1883858284,2025-09-23,2025-09-28,Out for Delivery,"San Diego, CA"
ORD102683,UPS,US5278760107,2025-08-13,2025-08-21,Delivered,"San Diego, CA"
ORD102685,USPS,FE3894991108,2026-07-27,2026-07-31,Delivered,"Phoenix, AZ"
ORD102687,UPS,US9338382275,2026-04-19,2026-04-27,Out for Delivery,"San Diego, CA"
ORD102688,USPS,DH5646014980,2025-09-23,2025-10-01,Returned to Sender,"Portland, OR"
ORD102689,DHL,FE5840658754,2025-08-06,2025-08-11,Delivered,"Boston, MA"
ORD102691,FedEx,US9972499726,2026-04-28,2026-05-02,Returned to Sender,"Nashville, TN"
ORD102693,USPS,US5813294457,2026-01-07,2026-01-11,Returned to Sender,"Raleigh, NC"
ORD102694,UPS,DH6921199404,2025-07-31,2025-08-06,Delivered,"Austin, TX"
ORD102695,FedEx,US2684989019,2026-03-13,2026-03-20,Delivered,"Salt Lake City, UT"
ORD102696,UPS,UP9554351588,2025-08-28,2025-09-02,Delivered,"Denver, CO"
ORD102697,DHL,DH2757901716,2026-01-06,2026-01-09,Out for Delivery,"Nashville, TN"
ORD102699,FedEx,DH8030522773,2026-04-06,2026-04-15,In Transit,"Minneapolis, MN"
ORD102700,DHL,UP9852525027,2026-01-24,2026-01-30,In Transit,"Miami, FL"
ORD102701,UPS,US4918610983,2026-07-26,2026-08-04,Out for Delivery,"Columbus, OH"
ORD102702,DHL,UP6844286394,2026-05-16,2026-05-24,Delivered,"Portland, OR"
ORD102704,FedEx,FE8110707860,2025-11-27,2025-12-04,In Transit,"Denver, CO"
ORD102705,FedEx,DH9804132658,2026-06-14,2026-06-20,Delivered,"Denver, CO"
ORD102706,UPS,US1192253086,2025-10-10,2025-10-12,Delivered,"Austin, TX"
ORD102707,USPS,UP6328498985,2026-01-04,2026-01-11,In Transit,"Phoenix, AZ"
ORD102708,USPS,US2641432015,2026-06-13,2026-06-21,Delivered,"Salt Lake City, UT"
ORD102709,USPS,UP4401541092,2025-12-03,2025-12-08,Delivered,"San Diego, CA"
ORD102711,USPS,FE9440430148,2025-12-10,2025-12-15,Delivered,"Nashville, TN"
ORD102712,DHL,FE9094163475,2026-06-18,2026-06-22,Delayed - carrier exception,"Denver, CO"
ORD102713,UPS,DH8215220203,2025-10-23,2025-10-28,In Transit,"Salt Lake City, UT"
ORD102714,FedEx,UP6792534823,2026-07-11,2026-07-14,Delivered,"Salt Lake City, UT"
ORD102715,USPS,FE3849977982,2026-07-23,2026-07-31,In Transit,"Seattle, WA"
ORD102716,FedEx,UP3058395163,2025-12-14,2025-12-16,Delivered,"Columbus, OH"
ORD102717,DHL,UP1945661083,2026-06-11,2026-06-13,In Transit,"Boston, MA"
ORD102718,UPS,US7770939851,2026-03-17,2026-03-19,Returned to Sender,"Nashville, TN"
ORD102719,FedEx,FE6626845557,2026-05-23,2026-05-27,Delivered,"Austin, TX"
ORD102720,DHL,FE5181192633,2026-01-06,2026-01-09,Delivered,"Minneapolis, MN"
ORD102721,UPS,FE5230175784,2025-09-22,2025-09-28,In Transit,"San Diego, CA"
ORD102722,UPS,DH8870998854,2025-12-20,2025-12-23,In Transit,"Austin, TX"
ORD102723,UPS,UP4014839556,2025-09-28,2025-10-06,Delivered,"Minneapolis, MN"
ORD102724,UPS,DH6521917317,2026-01-27,2026-01-31,Delivered,"Denver, CO"
ORD102726,USPS,FE8519224538,2026-06-16,2026-06-22,Delayed - carrier exception,"Nashville, TN"
ORD102728,USPS,DH5314189775,2025-12-28,2026-01-04,Returned to Sender,"Salt Lake City, UT"
ORD102729,UPS,US2960085742,2026-02-05,2026-02-07,Delivered,"Phoenix, AZ"
ORD102730,USPS,DH9618831173,2026-03-07,2026-03-09,Delivered,"Minneapolis, MN"
ORD102731,UPS,DH2418369082,2025-11-21,2025-11-24,Delivered,"Boston, MA"
ORD102732,USPS,US4615932494,2025-08-16,2025-08-18,Delivered,"Seattle, WA"
ORD102733,FedEx,US3879222960,2025-12-04,2025-12-13,In Transit,"Raleigh, NC"
ORD102734,UPS,US8132898308,2026-01-16,2026-01-21,Delivered,"Salt Lake City, UT"
ORD102735,UPS,DH2381661997,2026-06-06,2026-06-13,Delivered,"Seattle, WA"
ORD102736,FedEx,FE5636675251,2026-05-20,2026-05-25,Out for Delivery,"Minneapolis, MN"
ORD102737,FedEx,US8522001533,2025-11-30,2025-12-02,In Transit,"Phoenix, AZ"
ORD102738,USPS,US2170601723,2026-06-21,2026-06-27,Delivered,"Salt Lake City, UT"
ORD102740,USPS,FE8327609148,2026-02-25,2026-03-01,Delayed - carrier exception,"Phoenix, AZ"
ORD102741,DHL,FE8223117031,2025-09-30,2025-10-09,Delayed - carrier exception,"Nashville, TN"
ORD102742,USPS,US5163546422,2026-03-05,2026-03-10,Delivered,"Boston, MA"
ORD102743,USPS,FE6059903428,2025-08-31,2025-09-07,In Transit,"Boston, MA"
ORD102745,USPS,US4783052877,2026-06-16,2026-06-21,In Transit,"San Diego, CA"
ORD102746,FedEx,UP8453792024,2026-06-23,2026-06-29,In Transit,"Columbus, OH"
ORD102748,FedEx,UP7879218089,2026-07-08,2026-07-17,In Transit,"Salt Lake City, UT"
ORD102750,USPS,FE7887943478,2025-10-28,2025-11-02,Delivered,"Nashville, TN"
ORD102751,USPS,FE9653756324,2026-05-14,2026-05-20,Delivered,"Seattle, WA"
ORD102753,USPS,DH3465196171,2026-05-03,2026-05-05,Delivered,"Nashville, TN"
ORD102754,DHL,UP4264426874,2026-06-25,2026-06-28,Delivered,"Chicago, IL"
ORD102755,FedEx,DH1704927351,2026-01-19,2026-01-28,Delivered,"Austin, TX"
ORD102756,UPS,DH3469776005,2025-10-08,2025-10-15,Delivered,"Raleigh, NC"
ORD102757,UPS,FE7556873947,2025-12-04,2025-12-11,Delivered,"Austin, TX"
ORD102758,USPS,DH4619119628,2026-05-31,2026-06-04,Delivered,"Phoenix, AZ"
ORD102759,USPS,DH6945414650,2025-08-28,2025-09-06,Returned to Sender,"Nashville, TN"
ORD102760,USPS,UP2361821802,2026-01-01,2026-01-07,Delivered,"San Diego, CA"
ORD102761,FedEx,US5648075096,2026-04-20,2026-04-25,Delivered,"Salt Lake City, UT"
ORD102763,DHL,FE9584080614,2026-01-22,2026-01-26,Delivered,"San Diego, CA"
ORD102764,UPS,US4252450833,2025-10-24,2025-10-29,Returned to Sender,"Nashville, TN"
ORD102765,UPS,DH3898201241,2025-10-09,2025-10-18,Delivered,"Phoenix, AZ"
ORD102767,USPS,UP9458262482,2025-10-20,2025-10-29,Delivered,"Phoenix, AZ"
ORD102769,FedEx,DH6304921305,2026-01-26,2026-02-01,In Transit,"Seattle, WA"
ORD102770,UPS,US1839522247,2025-08-03,2025-08-10,Out for Delivery,"Phoenix, AZ"
ORD102771,USPS,UP4646982768,2026-03-22,2026-03-27,Delivered,"Seattle, WA"
ORD102772,DHL,UP6608288169,2026-07-15,2026-07-20,Delivered,"Austin, TX"
ORD102774,UPS,US7972821255,2026-05-03,2026-05-12,Delayed - carrier exception,"Minneapolis, MN"
ORD102775,DHL,DH2532612537,2026-03-13,2026-03-16,Delivered,"Denver, CO"
ORD102776,UPS,UP5712885759,2025-08-28,2025-08-31,Delivered,"Raleigh, NC"
ORD102777,USPS,UP3761236090,2026-03-30,2026-04-06,Delivered,"Portland, OR"
ORD102779,FedEx,FE5012495153,2025-09-08,2025-09-15,Delivered,"Nashville, TN"
ORD102780,DHL,US5005840373,2025-09-14,2025-09-16,Delivered,"Boston, MA"
ORD102781,DHL,UP4486418267,2025-10-19,2025-10-25,Returned to Sender,"Portland, OR"
ORD102782,UPS,DH9493325760,2025-12-31,2026-01-06,Delivered,"Seattle, WA"
ORD102783,FedEx,US8751327785,2026-02-13,2026-02-22,Delivered,"Columbus, OH"
ORD102784,USPS,DH3286645237,2025-10-25,2025-10-29,In Transit,"Phoenix, AZ"
ORD102785,UPS,FE5761087777,2026-04-04,2026-04-13,Out for Delivery,"Salt Lake City, UT"
ORD102787,DHL,FE3197843419,2025-12-22,2025-12-24,Delivered,"San Diego, CA"
ORD102788,DHL,US5866136982,2026-02-06,2026-02-15,In Transit,"Columbus, OH"
ORD102789,USPS,DH7562709235,2026-06-20,2026-06-28,In Transit,"Miami, FL"
ORD102791,FedEx,FE4878324337,2026-04-19,2026-04-25,In Transit,"Phoenix, AZ"
ORD102792,FedEx,FE4766718353,2025-10-20,2025-10-25,Delivered,"Portland, OR"
ORD102793,UPS,UP9768433290,2026-06-10,2026-06-12,Delayed - carrier exception,"Phoenix, AZ"
ORD102794,DHL,UP8114634187,2025-09-09,2025-09-12,Delivered,"Columbus, OH"
ORD102795,USPS,FE5687499030,2025-11-18,2025-11-23,Returned to Sender,"Seattle, WA"
ORD102796,FedEx,DH3998046220,2025-08-18,2025-08-27,Delivered,"Columbus, OH"
ORD102797,DHL,DH7316387912,2025-09-23,2025-09-25,Delivered,"Austin, TX"
ORD102798,FedEx,FE2623186271,2026-07-20,2026-07-28,Delivered,"Boston, MA"
ORD102799,UPS,UP1501304000,2026-01-20,2026-01-22,Delivered,"Salt Lake City, UT"
ORD102801,DHL,FE5212215237,2026-05-17,2026-05-25,Delivered,"Columbus, OH"
ORD102802,FedEx,DH8005616620,2025-09-09,2025-09-13,Delayed - carrier exception,"Phoenix, AZ"
ORD102804,FedEx,UP9228874733,2026-01-02,2026-01-06,Returned to Sender,"Salt Lake City, UT"
ORD102805,UPS,US4295746856,2026-06-22,2026-06-24,Returned to Sender,"Salt Lake City, UT"
ORD102806,FedEx,UP1659850145,2026-02-09,2026-02-18,In Transit,"Portland, OR"
ORD102808,UPS,FE2857138216,2026-03-25,2026-03-27,Delivered,"Portland, OR"
ORD102809,DHL,US3569326692,2026-02-13,2026-02-17,Delivered,"Minneapolis, MN"
ORD102810,USPS,US8442785768,2025-12-10,2025-12-16,Delayed - carrier exception,"Nashville, TN"
ORD102811,UPS,US6013567756,2026-03-28,2026-03-31,Out for Delivery,"Phoenix, AZ"
ORD102812,USPS,US2243527235,2025-11-17,2025-11-25,Delivered,"Boston, MA"
ORD102813,FedEx,FE2289570471,2026-05-31,2026-06-05,In Transit,"Salt Lake City, UT"
ORD102814,USPS,US4106309533,2026-05-15,2026-05-19,Returned to Sender,"Chicago, IL"
ORD102816,UPS,UP2703897082,2026-03-02,2026-03-04,Returned to Sender,"Denver, CO"
ORD102818,FedEx,FE7034476166,2026-04-27,2026-05-03,Delivered,"Seattle, WA"
ORD102819,USPS,FE9755172847,2025-09-03,2025-09-07,Delivered,"Denver, CO"
ORD102820,DHL,UP9650659862,2025-09-16,2025-09-20,Delivered,"Portland, OR"
ORD102821,UPS,UP9037323472,2026-05-16,2026-05-20,In Transit,"Boston, MA"
ORD102822,DHL,FE2186790605,2025-11-24,2025-12-01,Delivered,"Chicago, IL"
ORD102823,DHL,FE4151229030,2026-03-11,2026-03-17,Delivered,"San Diego, CA"
ORD102824,USPS,FE7333248215,2025-09-03,2025-09-10,Out for Delivery,"Salt Lake City, UT"
ORD102826,USPS,US2267433689,2025-10-21,2025-10-25,Returned to Sender,"Salt Lake City, UT"
ORD102827,FedEx,DH6496550932,2025-10-18,2025-10-26,Delivered,"Denver, CO"
ORD102829,USPS,US5047265986,2025-10-06,2025-10-10,Delivered,"Raleigh, NC"
ORD102830,UPS,US5974079499,2026-07-04,2026-07-09,Out for Delivery,"Denver, CO"
ORD102831,UPS,DH1757453067,2026-04-07,2026-04-12,Delivered,"Phoenix, AZ"
ORD102834,USPS,UP5830407917,2025-09-11,2025-09-19,Delivered,"Minneapolis, MN"
ORD102835,DHL,DH2419548278,2025-08-01,2025-08-07,Out for Delivery,"Seattle, WA"
ORD102836,DHL,DH8993860620,2026-07-04,2026-07-11,Out for Delivery,"Austin, TX"
ORD102837,FedEx,UP4620791795,2025-12-26,2026-01-02,Delivered,"Atlanta, GA"
ORD102838,USPS,UP3831134851,2026-02-18,2026-02-21,Delivered,"Miami, FL"
ORD102840,UPS,FE5312045698,2026-03-13,2026-03-19,Delivered,"Salt Lake City, UT"
ORD102842,UPS,DH1845477031,2025-09-21,2025-09-26,Delivered,"Nashville, TN"
ORD102843,USPS,FE9540571439,2026-01-28,2026-01-30,Delivered,"Seattle, WA"
ORD102845,USPS,DH8340694032,2026-03-03,2026-03-07,Delivered,"Boston, MA"
ORD102846,DHL,FE1030594777,2025-12-18,2025-12-23,In Transit,"Phoenix, AZ"
ORD102847,UPS,UP3047647530,2026-07-05,2026-07-08,Delivered,"Columbus, OH"
ORD102848,USPS,FE5612826927,2026-05-30,2026-06-02,In Transit,"Boston, MA"
ORD102849,UPS,UP2767365766,2026-03-05,2026-03-12,Delivered,"San Diego, CA"
ORD102850,DHL,US5640389791,2025-09-13,2025-09-21,Delivered,"Nashville, TN"
ORD102851,DHL,DH4436424675,2025-09-08,2025-09-15,In Transit,"Seattle, WA"
ORD102852,DHL,US5768489573,2026-01-22,2026-01-29,Delivered,"Boston, MA"
ORD102853,FedEx,UP2234051509,2026-03-21,2026-03-29,Delivered,"Seattle, WA"
ORD102854,DHL,US7209886874,2025-08-13,2025-08-21,Delivered,"Nashville, TN"
ORD102855,UPS,US9184044039,2026-03-07,2026-03-11,Delivered,"Denver, CO"
ORD102856,USPS,DH2603811547,2026-03-30,2026-04-02,Delivered,"Chicago, IL"
ORD102857,DHL,US6554060314,2026-03-02,2026-03-07,In Transit,"Miami, FL"
ORD102859,DHL,US3606548169,2025-12-14,2025-12-23,In Transit,"Boston, MA"
ORD102861,USPS,FE6349425718,2026-05-26,2026-05-28,In Transit,"Chicago, IL"
ORD102862,FedEx,FE7172480902,2025-11-01,2025-11-03,Delivered,"Chicago, IL"
ORD102863,USPS,US8410213551,2026-03-12,2026-03-21,In Transit,"Miami, FL"
ORD102864,USPS,DH9877853691,2026-01-31,2026-02-03,Delivered,"Portland, OR"
ORD102865,DHL,DH8974221026,2026-02-10,2026-02-15,Delivered,"Seattle, WA"
ORD102866,UPS,FE9066939728,2026-06-07,2026-06-09,Delivered,"Raleigh, NC"
ORD102868,UPS,DH9719968606,2025-11-23,2025-12-01,Delivered,"Austin, TX"
ORD102869,FedEx,UP7733642963,2026-07-16,2026-07-25,Delivered,"Boston, MA"
ORD102870,UPS,FE9071954394,2025-10-17,2025-10-20,Delivered,"Atlanta, GA"
ORD102873,FedEx,UP3720856677,2026-03-19,2026-03-24,Delivered,"Chicago, IL"
ORD102875,DHL,US1572867768,2026-04-02,2026-04-11,Delivered,"Seattle, WA"
ORD102876,FedEx,US7815175212,2026-04-02,2026-04-08,Delivered,"Raleigh, NC"
ORD102877,DHL,FE9543019161,2026-07-23,2026-07-29,Delivered,"Phoenix, AZ"
ORD102878,DHL,FE1764227030,2026-04-30,2026-05-09,In Transit,"Denver, CO"
ORD102879,DHL,DH4328037907,2025-11-07,2025-11-11,In Transit,"Raleigh, NC"
ORD102880,DHL,FE6526943085,2026-01-21,2026-01-23,Returned to Sender,"Chicago, IL"
ORD102881,DHL,US1766291598,2026-05-17,2026-05-23,Delivered,"Columbus, OH"
ORD102882,USPS,US8982680291,2025-10-13,2025-10-18,In Transit,"Portland, OR"
ORD102884,FedEx,UP5997741583,2026-04-16,2026-04-18,Delivered,"Atlanta, GA"
ORD102885,FedEx,US9406180973,2025-12-01,2025-12-10,Delayed - carrier exception,"Chicago, IL"
ORD102886,FedEx,FE1210267569,2026-07-02,2026-07-04,Delivered,"Portland, OR"
ORD102887,DHL,UP4289087482,2026-04-29,2026-05-07,Out for Delivery,"Columbus, OH"
ORD102888,UPS,US3202139674,2025-11-10,2025-11-18,In Transit,"Miami, FL"
ORD102890,FedEx,DH2734630793,2026-06-22,2026-06-26,Delivered,"Denver, CO"
ORD102891,FedEx,FE7225655544,2025-11-15,2025-11-19,Delivered,"Miami, FL"
ORD102892,DHL,US9192132265,2026-03-17,2026-03-19,Delivered,"Phoenix, AZ"
ORD102893,UPS,DH1504008708,2026-05-21,2026-05-25,Delivered,"Atlanta, GA"
ORD102894,USPS,FE8833274131,2025-10-17,2025-10-20,Delivered,"Miami, FL"
ORD102895,DHL,DH4644185077,2025-11-17,2025-11-21,Delivered,"Atlanta, GA"
ORD102896,UPS,US1035599120,2026-04-02,2026-04-08,Delivered,"Nashville, TN"
ORD102897,FedEx,US6254844264,2026-05-28,2026-06-03,Out for Delivery,"Columbus, OH"
ORD102898,FedEx,DH7204636938,2026-02-08,2026-02-16,Delivered,"Denver, CO"
ORD102899,DHL,FE5878272186,2025-10-11,2025-10-13,Returned to Sender,"Seattle, WA"
ORD102901,FedEx,DH1027471128,2026-05-10,2026-05-14,Returned to Sender,"Minneapolis, MN"
ORD102903,USPS,US4293334422,2025-10-12,2025-10-18,Delivered,"San Diego, CA"
ORD102904,FedEx,US4917712348,2026-05-19,2026-05-24,In Transit,"Miami, FL"
ORD102905,FedEx,UP7376661321,2026-07-04,2026-07-07,Delayed - carrier exception,"Raleigh, NC"
ORD102906,UPS,FE6477780330,2026-04-16,2026-04-21,Out for Delivery,"Nashville, TN"
ORD102907,USPS,FE2548844313,2026-04-22,2026-04-26,In Transit,"Miami, FL"
ORD102908,DHL,FE7731318726,2025-08-24,2025-08-27,Returned to Sender,"Seattle, WA"
ORD102909,USPS,DH9887936028,2026-05-09,2026-05-17,Returned to Sender,"Phoenix, AZ"
ORD102910,UPS,UP4121407135,2026-06-25,2026-07-03,In Transit,"Boston, MA"
ORD102911,USPS,FE7086182821,2025-08-03,2025-08-08,Delivered,"Salt Lake City, UT"
ORD102912,USPS,US8285266901,2026-02-10,2026-02-12,Delivered,"Nashville, TN"
ORD102914,DHL,FE3544724172,2026-03-25,2026-03-29,Delivered,"Denver, CO"
ORD102915,FedEx,FE5856618057,2026-03-04,2026-03-07,Out for Delivery,"Denver, CO"
ORD102916,UPS,UP9621872080,2026-07-12,2026-07-15,Delivered,"Minneapolis, MN"
ORD102917,USPS,DH4788405613,2025-12-03,2025-12-05,Returned to Sender,"Chicago, IL"
ORD102918,FedEx,US1174958721,2026-06-21,2026-06-29,Delivered,"Minneapolis, MN"
ORD102919,USPS,US6725282200,2026-05-11,2026-05-14,Delivered,"Nashville, TN"
ORD102920,USPS,FE6561821592,2026-06-22,2026-06-25,In Transit,"Minneapolis, MN"
ORD102921,UPS,DH6973821056,2026-06-02,2026-06-09,Delivered,"Boston, MA"
ORD102922,USPS,FE6276939452,2025-12-27,2026-01-04,Returned to Sender,"Phoenix, AZ"
ORD102923,USPS,US8078661984,2025-10-06,2025-10-14,Delayed - carrier exception,"Boston, MA"
ORD102924,USPS,UP1862274520,2025-10-23,2025-10-25,Delivered,"Raleigh, NC"
ORD102925,DHL,US3039342057,2026-06-19,2026-06-21,Delivered,"Seattle, WA"
ORD102927,USPS,UP1515911984,2026-02-11,2026-02-18,Delivered,"Raleigh, NC"
ORD102928,DHL,UP7915241580,2026-01-08,2026-01-10,Delivered,"Nashville, TN"
ORD102929,FedEx,UP8476568228,2026-03-03,2026-03-05,Delivered,"Boston, MA"
ORD102930,UPS,US5743664560,2025-10-03,2025-10-06,Delivered,"Columbus, OH"
ORD102931,DHL,US5798783322,2026-03-09,2026-03-18,Delivered,"Austin, TX"
ORD102932,DHL,FE9354145009,2025-12-04,2025-12-07,Delivered,"Atlanta, GA"
ORD102934,FedEx,DH6902739795,2026-06-12,2026-06-14,In Transit,"Columbus, OH"
ORD102935,UPS,DH4682833821,2026-01-02,2026-01-09,In Transit,"Phoenix, AZ"
ORD102937,FedEx,FE9319510436,2025-12-03,2025-12-07,Delivered,"Chicago, IL"
ORD102938,FedEx,FE3059042749,2025-08-02,2025-08-05,Out for Delivery,"Raleigh, NC"
ORD102940,UPS,UP5487573681,2025-11-02,2025-11-04,Delayed - carrier exception,"Atlanta, GA"
ORD102941,UPS,FE2585499565,2026-03-26,2026-04-02,Delayed - carrier exception,"Atlanta, GA"
ORD102942,DHL,US4790247182,2026-01-24,2026-02-02,Delayed - carrier exception,"Seattle, WA"
ORD102943,UPS,DH6872023659,2025-12-12,2025-12-15,Delivered,"San Diego, CA"
ORD102944,UPS,US6169618627,2026-06-26,2026-06-30,Delivered,"Seattle, WA"
ORD102947,UPS,UP7133891180,2026-06-14,2026-06-21,Delivered,"Boston, MA"
ORD102948,UPS,DH8667223846,2026-03-22,2026-03-25,Delivered,"Chicago, IL"
ORD102950,USPS,UP9744200646,2026-04-27,2026-05-01,In Transit,"Phoenix, AZ"
ORD102951,USPS,DH4650022492,2026-07-18,2026-07-27,Returned to Sender,"Chicago, IL"
ORD102952,FedEx,FE3343088613,2026-04-30,2026-05-07,Delivered,"Boston, MA"
ORD102953,DHL,UP1585826025,2025-08-19,2025-08-23,In Transit,"Denver, CO"
ORD102954,UPS,FE6561863597,2025-12-12,2025-12-16,Delivered,"Boston, MA"
ORD102955,DHL,DH4478066037,2026-04-01,2026-04-10,Delivered,"Miami, FL"
ORD102956,UPS,UP2688971274,2026-07-14,2026-07-20,Delivered,"Seattle, WA"
ORD102957,FedEx,US2908819491,2025-12-17,2025-12-22,Delivered,"Denver, CO"
ORD102958,DHL,DH2636187511,2025-10-30,2025-11-03,Delivered,"Portland, OR"
ORD102959,FedEx,US5348443137,2026-01-17,2026-01-25,Delivered,"Miami, FL"
ORD102960,DHL,US2669781844,2026-04-12,2026-04-18,Returned to Sender,"Miami, FL"
ORD102961,USPS,DH4891377984,2025-09-11,2025-09-20,Delivered,"Nashville, TN"
ORD102964,FedEx,US2982804956,2025-12-15,2025-12-23,Delivered,"Phoenix, AZ"
ORD102965,FedEx,UP3921973753,2026-02-03,2026-02-06,Delivered,"Raleigh, NC"
ORD102966,DHL,DH3610923884,2026-03-26,2026-04-02,In Transit,"Miami, FL"
ORD102967,FedEx,UP2860756365,2026-01-01,2026-01-08,Delivered,"Seattle, WA"
ORD102968,FedEx,US4200417365,2025-08-04,2025-08-07,Out for Delivery,"Phoenix, AZ"
ORD102969,DHL,UP8660495862,2025-09-01,2025-09-05,Delivered,"Columbus, OH"
ORD102970,UPS,UP6520667211,2025-11-03,2025-11-09,Delivered,"San Diego, CA"
ORD102971,USPS,UP8948459904,2026-02-19,2026-02-28,Delivered,"Atlanta, GA"
ORD102972,FedEx,UP5949576328,2026-06-18,2026-06-21,Delayed - carrier exception,"Miami, FL"
ORD102976,UPS,US4845332433,2026-06-14,2026-06-23,In Transit,"Austin, TX"
ORD102977,DHL,US7658662477,2026-03-30,2026-04-08,Delivered,"Minneapolis, MN"
ORD102978,UPS,FE1031758004,2025-11-10,2025-11-15,Delivered,"Chicago, IL"
ORD102979,DHL,UP7915705955,2026-01-20,2026-01-23,Delivered,"Columbus, OH"
ORD102980,FedEx,UP3441219973,2025-10-19,2025-10-21,Delivered,"Columbus, OH"
ORD102981,UPS,US9948433113,2026-02-12,2026-02-20,Delivered,"Salt Lake City, UT"
ORD102982,USPS,US4114612111,2025-10-27,2025-11-01,Delivered,"Nashville, TN"
ORD102983,UPS,FE3131155305,2026-06-09,2026-06-14,Delivered,"Phoenix, AZ"
ORD102984,USPS,FE5963109654,2025-12-30,2026-01-02,Delivered,"Phoenix, AZ"
ORD102985,FedEx,UP8089880448,2026-04-14,2026-04-18,Delivered,"Portland, OR"
ORD102986,UPS,FE9047609954,2025-09-22,2025-09-26,Delayed - carrier exception,"Portland, OR"
ORD102987,DHL,DH8125843701,2026-07-18,2026-07-27,Delivered,"Columbus, OH"
ORD102989,FedEx,DH1005011598,2026-07-21,2026-07-25,Delivered,"Minneapolis, MN"
ORD102990,USPS,DH6818334907,2026-07-09,2026-07-16,Delivered,"Denver, CO"
ORD102991,DHL,UP4610685908,2025-08-22,2025-08-24,Returned to Sender,"Nashville, TN"
ORD102992,FedEx,US3641461201,2026-05-16,2026-05-24,Delivered,"Boston, MA"
ORD102994,DHL,FE1336517434,2025-08-22,2025-08-28,Delivered,"San Diego, CA"
ORD102996,UPS,FE4390439218,2026-06-23,2026-06-27,In Transit,"Seattle, WA"
ORD102997,FedEx,UP7797058166,2026-05-11,2026-05-14,In Transit,"Denver, CO"
ORD102998,UPS,UP2681483524,2025-12-03,2025-12-11,Delivered,"Portland, OR"
ORD102999,DHL,US7268544382,2025-12-29,2026-01-04,Delivered,"Minneapolis, MN"
ORD103000,FedEx,DH1606554112,2026-02-24,2026-03-02,In Transit,"Minneapolis, MN"
ORD103003,USPS,US6507381541,2025-09-07,2025-09-16,Delivered,"Minneapolis, MN"
ORD103004,USPS,US8662579538,2025-10-26,2025-10-30,In Transit,"San Diego, CA"
ORD103005,FedEx,DH1999197214,2026-06-01,2026-06-08,Delivered,"Nashville, TN"
ORD103007,USPS,UP3293779067,2026-04-01,2026-04-07,Delivered,"Denver, CO"
ORD103008,USPS,DH7444306320,2026-03-09,2026-03-15,Delivered,"Minneapolis, MN"
ORD103010,FedEx,FE5697621993,2026-01-21,2026-01-24,Delayed - carrier exception,"Salt Lake City, UT"
ORD103011,USPS,FE3310051469,2025-11-05,2025-11-07,Returned to Sender,"Denver, CO"
ORD103012,DHL,FE3504000119,2026-01-20,2026-01-22,Delivered,"Seattle, WA"
ORD103013,UPS,US9152534902,2026-06-20,2026-06-25,Returned to Sender,"Nashville, TN"
ORD103014,UPS,FE1925870637,2025-09-16,2025-09-18,Delivered,"Seattle, WA"
ORD103016,DHL,UP4224008667,2026-01-05,2026-01-12,In Transit,"Columbus, OH"
ORD103017,USPS,FE7951215955,2026-05-30,2026-06-01,Delivered,"Austin, TX"
ORD103018,FedEx,DH8446261403,2025-11-10,2025-11-12,Delayed - carrier exception,"Boston, MA"
ORD103019,USPS,FE3198545165,2026-07-20,2026-07-24,Returned to Sender,"Miami, FL"
ORD103020,USPS,DH8542116844,2026-02-18,2026-02-22,Delivered,"Nashville, TN"
ORD103021,USPS,US5089379129,2025-11-21,2025-11-29,Delivered,"Austin, TX"
ORD103022,DHL,UP9334861755,2025-10-20,2025-10-25,Delivered,"Nashville, TN"
ORD103023,USPS,DH8271171722,2026-01-04,2026-01-11,Delivered,"Boston, MA"
ORD103024,FedEx,UP3122353633,2026-01-08,2026-01-11,Delivered,"Nashville, TN"
ORD103026,DHL,DH5630753032,2026-03-05,2026-03-09,Delivered,"Phoenix, AZ"
ORD103027,DHL,UP4229124671,2025-11-30,2025-12-03,In Transit,"Miami, FL"
ORD103028,FedEx,US1031600655,2025-12-21,2025-12-26,Delivered,"Austin, TX"
ORD103029,USPS,DH1001738235,2026-03-03,2026-03-09,Out for Delivery,"Austin, TX"
ORD103030,FedEx,US2678947567,2026-05-07,2026-05-16,Delivered,"San Diego, CA"
ORD103032,UPS,DH9390567135,2026-05-03,2026-05-11,In Transit,"San Diego, CA"
ORD103033,UPS,DH3674833330,2025-09-05,2025-09-11,Delivered,"Salt Lake City, UT"
ORD103034,UPS,US8827904793,2026-07-30,2026-08-05,In Transit,"Denver, CO"
ORD103035,DHL,DH1107295826,2026-05-02,2026-05-05,Delivered,"Miami, FL"
ORD103037,DHL,UP6634825145,2026-06-16,2026-06-18,Out for Delivery,"Atlanta, GA"
ORD103038,FedEx,UP6608406352,2025-11-08,2025-11-13,Out for Delivery,"Austin, TX"
ORD103039,DHL,DH5731869611,2026-02-21,2026-02-28,Returned to Sender,"Atlanta, GA"
ORD103040,USPS,DH7210161259,2026-07-08,2026-07-11,Returned to Sender,"San Diego, CA"
ORD103042,FedEx,US8314234603,2026-01-12,2026-01-14,Delivered,"Seattle, WA"
ORD103043,USPS,DH4848196890,2025-08-30,2025-09-04,Delivered,"Austin, TX"
ORD103044,FedEx,US6127693737,2025-10-20,2025-10-25,In Transit,"Columbus, OH"
ORD103045,UPS,UP9261223092,2025-11-24,2025-11-30,Delivered,"Miami, FL"
ORD103046,UPS,US8569440102,2026-04-09,2026-04-14,Delivered,"Nashville, TN"
ORD103048,UPS,DH3438771142,2026-06-20,2026-06-24,Delayed - carrier exception,"Atlanta, GA"
ORD103049,DHL,UP2401179331,2026-07-14,2026-07-18,Delivered,"Raleigh, NC"
ORD103050,DHL,DH7190419224,2026-04-04,2026-04-10,Returned to Sender,"Miami, FL"
ORD103051,DHL,FE9052571525,2025-11-08,2025-11-17,In Transit,"Portland, OR"
ORD103052,USPS,DH1753522118,2026-04-24,2026-05-01,Delivered,"Portland, OR"
ORD103053,FedEx,US1999510079,2025-11-16,2025-11-23,Delivered,"Minneapolis, MN"
ORD103054,DHL,DH8039458606,2025-09-07,2025-09-09,In Transit,"Miami, FL"
ORD103055,FedEx,US4724005182,2025-08-28,2025-09-06,In Transit,"Austin, TX"
ORD103056,DHL,DH2362221571,2025-09-10,2025-09-17,Delivered,"San Diego, CA"
ORD103058,USPS,DH8961392368,2025-11-19,2025-11-21,Delivered,"Austin, TX"
ORD103059,UPS,FE6330247623,2026-04-07,2026-04-10,In Transit,"Chicago, IL"
ORD103060,DHL,UP6733365481,2025-12-13,2025-12-21,In Transit,"Columbus, OH"
ORD103061,FedEx,FE6925345526,2026-06-28,2026-07-04,Delivered,"Phoenix, AZ"
ORD103062,DHL,US7671758186,2026-05-20,2026-05-28,Returned to Sender,"Atlanta, GA"
ORD103064,UPS,FE4229358726,2026-07-19,2026-07-22,In Transit,"Seattle, WA"
ORD103065,FedEx,DH8169225249,2025-10-09,2025-10-16,Delivered,"Atlanta, GA"
ORD103066,FedEx,UP1755507859,2026-04-07,2026-04-09,Delivered,"Minneapolis, MN"
ORD103067,DHL,US6624589937,2025-08-13,2025-08-17,In Transit,"Boston, MA"
ORD103068,USPS,UP9114948856,2025-11-22,2025-11-29,Delivered,"Minneapolis, MN"
ORD103069,USPS,DH3343021812,2026-01-31,2026-02-06,Delivered,"Minneapolis, MN"
ORD103070,UPS,FE5808162155,2025-09-18,2025-09-22,In Transit,"San Diego, CA"
ORD103072,FedEx,UP4606264829,2026-07-27,2026-08-05,Delivered,"Denver, CO"
ORD103073,UPS,US9445628409,2026-07-22,2026-07-30,Delivered,"Salt Lake City, UT"
ORD103075,FedEx,UP9894642169,2026-05-13,2026-05-22,Delivered,"Phoenix, AZ"
ORD103076,UPS,DH9486249133,2025-11-02,2025-11-04,Delivered,"Portland, OR"
ORD103077,UPS,US2778320552,2026-05-20,2026-05-26,Delayed - carrier exception,"Chicago, IL"
ORD103079,USPS,DH9801666931,2025-08-22,2025-08-27,Delivered,"Columbus, OH"
ORD103080,UPS,US8768944387,2025-12-27,2026-01-02,Delivered,"Portland, OR"
ORD103081,DHL,US1166345469,2026-06-11,2026-06-18,Delivered,"Austin, TX"
ORD103082,USPS,US5362011539,2025-11-08,2025-11-12,Delayed - carrier exception,"San Diego, CA"
ORD103084,FedEx,US7464043491,2026-06-09,2026-06-15,Delivered,"Boston, MA"
ORD103085,DHL,UP1765758284,2025-08-08,2025-08-11,In Transit,"Austin, TX"
ORD103087,DHL,DH1337185615,2026-01-16,2026-01-23,Delivered,"Portland, OR"
ORD103088,USPS,DH5099866806,2025-08-20,2025-08-28,Delivered,"Seattle, WA"
ORD103089,UPS,FE9414289000,2026-07-08,2026-07-16,Returned to Sender,"Salt Lake City, UT"
ORD103090,USPS,DH2410872348,2026-06-21,2026-06-28,In Transit,"Portland, OR"
ORD103091,USPS,US6394997489,2025-09-26,2025-09-28,Delivered,"Raleigh, NC"
ORD103092,FedEx,US1969676287,2026-01-11,2026-01-17,Delivered,"Nashville, TN"
ORD103094,DHL,FE6084567125,2026-04-07,2026-04-13,Delivered,"Minneapolis, MN"
ORD103095,DHL,FE5389608336,2026-06-18,2026-06-27,Delivered,"Phoenix, AZ"
ORD103097,DHL,US2621013168,2025-10-05,2025-10-07,Delivered,"Columbus, OH"
ORD103098,DHL,DH6231038753,2026-05-25,2026-06-03,Out for Delivery,"Phoenix, AZ"
ORD103099,FedEx,UP9843600676,2026-05-31,2026-06-05,Delivered,"Austin, TX"
ORD103101,FedEx,UP5245723987,2025-08-22,2025-08-27,Delivered,"Salt Lake City, UT"
ORD103102,FedEx,FE3035081190,2026-04-16,2026-04-20,Delayed - carrier exception,"Miami, FL"
ORD103103,FedEx,DH6630286899,2026-03-20,2026-03-25,Delivered,"Boston, MA"
ORD103104,FedEx,FE4228379629,2025-09-23,2025-09-25,Delivered,"Minneapolis, MN"
ORD103105,FedEx,FE9992170046,2025-11-26,2025-11-28,Delivered,"Atlanta, GA"
ORD103106,USPS,UP8065652224,2026-06-25,2026-06-29,In Transit,"Atlanta, GA"
ORD103107,UPS,UP9212426164,2026-01-12,2026-01-19,Delivered,"Salt Lake City, UT"
ORD103108,UPS,FE4385937995,2026-01-06,2026-01-09,Delivered,"Columbus, OH"
ORD103109,DHL,DH5802545723,2025-10-07,2025-10-10,In Transit,"Seattle, WA"
ORD103110,DHL,DH7287740296,2026-05-19,2026-05-27,Delivered,"Phoenix, AZ"
ORD103111,UPS,DH4869254941,2026-07-21,2026-07-25,Delivered,"Chicago, IL"
ORD103112,DHL,UP9329894536,2026-03-28,2026-04-06,In Transit,"Austin, TX"
ORD103113,UPS,FE8035966662,2025-08-01,2025-08-04,Returned to Sender,"Chicago, IL"
ORD103114,USPS,US7442128592,2026-07-16,2026-07-20,Returned to Sender,"Columbus, OH"
ORD103115,FedEx,FE2792856242,2025-08-28,2025-09-06,Delivered,"Columbus, OH"
ORD103117,FedEx,FE8315450978,2026-04-10,2026-04-18,In Transit,"Portland, OR"
ORD103118,USPS,FE2954871639,2025-12-29,2025-12-31,Delivered,"Columbus, OH"
ORD103119,FedEx,US7004940196,2026-06-06,2026-06-10,Delivered,"Nashville, TN"
ORD103120,FedEx,DH4478804975,2026-07-14,2026-07-18,Delivered,"San Diego, CA"
ORD103121,FedEx,FE3034447658,2026-07-08,2026-07-14,Delivered,"Boston, MA"
ORD103122,FedEx,UP5116012909,2026-07-28,2026-08-03,Delivered,"Phoenix, AZ"
ORD103123,UPS,DH1858173272,2026-02-03,2026-02-08,Delivered,"Austin, TX"
ORD103124,UPS,US1006184179,2026-01-05,2026-01-10,Delivered,"Phoenix, AZ"
ORD103125,DHL,DH3684631260,2026-03-01,2026-03-09,Delivered,"Columbus, OH"
ORD103126,FedEx,US6222992234,2025-12-15,2025-12-23,Delivered,"Atlanta, GA"
ORD103127,USPS,DH2563325923,2025-08-08,2025-08-12,Delivered,"Columbus, OH"
ORD103128,UPS,US8543442108,2025-10-14,2025-10-20,Delivered,"Minneapolis, MN"
ORD103130,DHL,FE1464464514,2025-11-30,2025-12-08,Delivered,"Phoenix, AZ"
ORD103131,UPS,UP6447107418,2025-11-18,2025-11-21,Delivered,"Miami, FL"
ORD103132,DHL,FE5702503210,2026-05-21,2026-05-29,Delivered,"Austin, TX"
ORD103133,FedEx,US6356842296,2025-10-15,2025-10-22,Delivered,"Chicago, IL"
ORD103134,DHL,FE3311808184,2026-05-06,2026-05-15,In Transit,"Raleigh, NC"
ORD103135,UPS,DH1016786964,2025-10-05,2025-10-10,Delivered,"Boston, MA"
ORD103136,UPS,UP2083193476,2026-06-24,2026-06-29,Delivered,"Salt Lake City, UT"
ORD103137,USPS,DH5326862109,2026-03-19,2026-03-28,Delivered,"Nashville, TN"
ORD103138,DHL,US5439406580,2026-07-22,2026-07-24,Delivered,"Phoenix, AZ"
ORD103139,UPS,US8416844680,2026-01-27,2026-02-02,In Transit,"Raleigh, NC"
ORD103140,USPS,DH2934753202,2026-02-05,2026-02-14,Out for Delivery,"Phoenix, AZ"
ORD103142,USPS,US5850373808,2025-11-09,2025-11-18,In Transit,"Seattle, WA"
ORD103144,FedEx,UP2530802149,2025-10-30,2025-11-03,Delayed - carrier exception,"Seattle, WA"
ORD103145,FedEx,UP3491955912,2026-06-29,2026-07-02,Out for Delivery,"Chicago, IL"
ORD103146,DHL,UP8161681537,2025-08-11,2025-08-18,Delivered,"Nashville, TN"
ORD103147,FedEx,FE6295595650,2026-03-10,2026-03-19,Delivered,"Portland, OR"
ORD103150,DHL,DH5133257667,2026-07-11,2026-07-15,Returned to Sender,"Raleigh, NC"
ORD103152,FedEx,UP7768044471,2026-02-09,2026-02-11,Delivered,"Minneapolis, MN"
ORD103153,DHL,DH5614547234,2026-07-21,2026-07-30,Returned to Sender,"Miami, FL"
ORD103154,FedEx,DH5230050627,2025-11-04,2025-11-13,Delivered,"Austin, TX"
ORD103155,DHL,UP6162530067,2026-06-26,2026-06-30,Delivered,"Denver, CO"
ORD103156,UPS,FE8082663470,2026-06-21,2026-06-29,Returned to Sender,"Boston, MA"
ORD103157,USPS,US4841673470,2026-03-26,2026-03-29,Delivered,"Nashville, TN"
ORD103158,DHL,DH5810294742,2026-07-29,2026-08-06,Delivered,"Raleigh, NC"
ORD103160,FedEx,DH8146492298,2025-12-05,2025-12-12,Delivered,"Denver, CO"
ORD103161,USPS,US3553271630,2026-03-20,2026-03-25,In Transit,"Atlanta, GA"
ORD103162,USPS,DH9991026363,2026-06-11,2026-06-13,In Transit,"Boston, MA"
ORD103163,USPS,FE3434741022,2025-11-04,2025-11-06,Delivered,"Portland, OR"
ORD103164,DHL,US1420696156,2025-12-20,2025-12-23,Delivered,"Portland, OR"
ORD103165,USPS,US8260978719,2026-06-07,2026-06-16,Delivered,"Atlanta, GA"
ORD103167,UPS,DH1533483391,2026-01-19,2026-01-22,Delivered,"Minneapolis, MN"
ORD103168,DHL,FE2820298717,2026-06-18,2026-06-23,Delivered,"Austin, TX"
ORD103169,DHL,DH2797977002,2025-10-29,2025-11-01,Delivered,"Seattle, WA"
ORD103170,FedEx,FE9499081961,2026-05-07,2026-05-16,Delivered,"Boston, MA"
ORD103171,DHL,US9966701218,2026-02-27,2026-03-05,Delivered,"Minneapolis, MN"
ORD103172,DHL,UP9261890858,2026-05-21,2026-05-27,Delivered,"Nashville, TN"
ORD103173,DHL,DH8486280818,2026-03-03,2026-03-05,Delivered,"Portland, OR"
ORD103174,USPS,FE5857446333,2025-10-17,2025-10-19,Delivered,"Boston, MA"
ORD103175,FedEx,FE3443063752,2026-04-01,2026-04-09,Delivered,"San Diego, CA"
ORD103176,UPS,DH1005252391,2025-10-02,2025-10-07,Delayed - carrier exception,"Phoenix, AZ"
ORD103177,DHL,FE6110632388,2026-03-17,2026-03-21,Delivered,"Minneapolis, MN"
ORD103178,UPS,US3938029078,2025-10-10,2025-10-12,In Transit,"Austin, TX"
ORD103180,DHL,UP7273844150,2026-02-08,2026-02-13,Delivered,"Phoenix, AZ"
ORD103181,UPS,DH6383366042,2026-04-17,2026-04-20,Delivered,"Phoenix, AZ"
ORD103182,FedEx,DH5494019653,2025-09-01,2025-09-05,Delivered,"Seattle, WA"
ORD103184,FedEx,US8350176071,2026-05-05,2026-05-14,Delivered,"Columbus, OH"
ORD103185,USPS,US2152726784,2026-02-26,2026-02-28,Delivered,"Chicago, IL"
ORD103186,UPS,UP9416585912,2026-01-21,2026-01-25,Returned to Sender,"Atlanta, GA"
ORD103188,FedEx,UP4115720413,2026-06-04,2026-06-08,Delivered,"Portland, OR"
ORD103189,FedEx,FE1492750812,2026-03-07,2026-03-10,Delivered,"Austin, TX"
ORD103190,DHL,DH2487772005,2026-02-17,2026-02-24,In Transit,"Nashville, TN"
ORD103191,UPS,FE6010185066,2026-06-03,2026-06-08,Delivered,"Nashville, TN"
ORD103193,FedEx,US2819797378,2026-06-03,2026-06-07,Delivered,"Miami, FL"
ORD103194,DHL,FE8758403661,2026-07-03,2026-07-06,Delivered,"Denver, CO"
ORD103195,USPS,US8716057106,2026-05-14,2026-05-20,In Transit,"Raleigh, NC"
ORD103196,USPS,DH5694617194,2026-01-28,2026-01-31,Delivered,"Raleigh, NC"
ORD103198,USPS,US6428546606,2026-04-30,2026-05-05,Out for Delivery,"San Diego, CA"
ORD103199,UPS,FE1113345362,2026-01-19,2026-01-28,Delayed - carrier exception,"Portland, OR"
ORD103200,FedEx,FE5005600282,2025-12-09,2025-12-14,Delivered,"Columbus, OH"
ORD103201,FedEx,US5453050777,2026-05-17,2026-05-24,In Transit,"Phoenix, AZ"
ORD103202,FedEx,DH4072993637,2025-09-18,2025-09-26,Returned to Sender,"Seattle, WA"
ORD103204,USPS,US6687944150,2026-01-24,2026-01-29,Delivered,"Chicago, IL"
ORD103205,FedEx,UP1338882832,2025-09-16,2025-09-22,Delivered,"Miami, FL"
ORD103206,UPS,UP1170004678,2026-06-06,2026-06-08,In Transit,"Columbus, OH"
ORD103207,DHL,DH2243490794,2025-09-04,2025-09-08,Delivered,"Boston, MA"
ORD103208,USPS,US3539289143,2026-07-08,2026-07-16,Delivered,"Seattle, WA"
ORD103209,UPS,DH8425397686,2025-09-16,2025-09-21,Delivered,"Atlanta, GA"
ORD103210,UPS,FE1753706198,2025-11-22,2025-11-28,In Transit,"Austin, TX"
ORD103211,USPS,US2362410218,2025-12-11,2025-12-14,Delivered,"Boston, MA"
ORD103212,DHL,UP8352090029,2026-06-01,2026-06-09,Delivered,"Austin, TX"
ORD103213,USPS,US9396884047,2026-05-24,2026-05-28,Delivered,"Miami, FL"
ORD103214,UPS,DH5371681320,2026-01-07,2026-01-15,Delivered,"Nashville, TN"
ORD103215,DHL,UP7196966433,2025-12-12,2025-12-14,Delivered,"Salt Lake City, UT"
ORD103216,USPS,US8835052729,2025-09-12,2025-09-14,Delivered,"San Diego, CA"
ORD103217,FedEx,DH4375319020,2026-04-25,2026-04-28,Delivered,"Atlanta, GA"
ORD103218,FedEx,DH5354202248,2026-06-09,2026-06-11,Returned to Sender,"Raleigh, NC"
ORD103219,FedEx,US7447962184,2026-02-24,2026-02-27,Delivered,"Atlanta, GA"
ORD103220,DHL,DH2800278400,2026-02-10,2026-02-19,Delivered,"Atlanta, GA"
ORD103221,USPS,US5888785269,2026-02-09,2026-02-12,Out for Delivery,"Boston, MA"
ORD103222,UPS,US1876258942,2025-09-30,2025-10-08,Delivered,"Raleigh, NC"
ORD103225,USPS,UP3150271290,2026-01-04,2026-01-12,Returned to Sender,"Denver, CO"
ORD103226,FedEx,DH9775476769,2025-10-29,2025-10-31,Delivered,"Miami, FL"
ORD103227,USPS,DH6034719651,2026-06-26,2026-07-02,Out for Delivery,"Seattle, WA"
ORD103228,FedEx,DH2971873730,2026-06-20,2026-06-24,Delivered,"Salt Lake City, UT"
ORD103230,FedEx,UP6678709378,2026-01-01,2026-01-05,Delivered,"Columbus, OH"
ORD103231,USPS,US9081716335,2025-08-25,2025-09-02,Delivered,"Miami, FL"
ORD103232,UPS,DH8556682588,2026-06-02,2026-06-11,Delivered,"Raleigh, NC"
ORD103233,UPS,DH3303538377,2025-10-05,2025-10-07,Delivered,"Raleigh, NC"
ORD103234,UPS,UP1730315795,2026-05-09,2026-05-11,Delivered,"Columbus, OH"
ORD103236,FedEx,DH4649258528,2025-10-29,2025-11-02,Delivered,"Atlanta, GA"
ORD103237,UPS,US2697329904,2026-04-25,2026-04-30,Returned to Sender,"Seattle, WA"
ORD103239,USPS,US8138282344,2025-09-26,2025-09-30,Returned to Sender,"Denver, CO"
ORD103241,DHL,US8755976444,2025-12-12,2025-12-14,Out for Delivery,"Chicago, IL"
ORD103243,USPS,US9992060025,2026-06-29,2026-07-07,Delivered,"Portland, OR"
ORD103244,USPS,FE6697368173,2026-03-27,2026-03-31,Delivered,"Chicago, IL"
ORD103245,DHL,UP7930790301,2026-07-13,2026-07-22,Delivered,"Columbus, OH"
ORD103246,DHL,UP1233505053,2026-07-04,2026-07-09,Delivered,"Salt Lake City, UT"
ORD103247,USPS,DH6359242586,2026-07-21,2026-07-30,Delivered,"Nashville, TN"
ORD103248,DHL,FE8305705977,2026-03-04,2026-03-06,Delivered,"Minneapolis, MN"
ORD103249,FedEx,FE3405436772,2026-04-22,2026-04-27,Returned to Sender,"Raleigh, NC"
ORD103251,UPS,FE6365648012,2025-11-08,2025-11-15,Returned to Sender,"Atlanta, GA"
ORD103253,UPS,UP7612111268,2026-05-18,2026-05-20,Delivered,"Columbus, OH"
ORD103254,UPS,FE4300165595,2025-09-19,2025-09-27,Returned to Sender,"Salt Lake City, UT"
ORD103255,DHL,US1275986559,2026-02-16,2026-02-24,Delivered,"San Diego, CA"
ORD103256,DHL,UP9653212223,2025-08-22,2025-08-29,Delivered,"Salt Lake City, UT"
ORD103257,UPS,DH6066756358,2025-08-23,2025-08-25,In Transit,"Seattle, WA"
ORD103258,FedEx,FE8306008869,2026-02-08,2026-02-12,Delivered,"Chicago, IL"
ORD103259,DHL,UP7292658995,2026-02-14,2026-02-21,Delivered,"Minneapolis, MN"
ORD103260,USPS,DH9851591952,2026-05-21,2026-05-27,Delivered,"Boston, MA"
ORD103262,FedEx,US1276466557,2026-03-07,2026-03-12,In Transit,"Boston, MA"
ORD103263,DHL,UP2074354480,2025-08-18,2025-08-22,Delivered,"San Diego, CA"
ORD103264,UPS,UP9049476394,2026-07-13,2026-07-18,Delivered,"Chicago, IL"
ORD103266,DHL,DH2120338378,2026-04-23,2026-05-01,Delivered,"Miami, FL"
ORD103267,FedEx,UP9717596387,2025-09-30,2025-10-09,Returned to Sender,"Boston, MA"
ORD103268,USPS,FE6864091839,2026-04-09,2026-04-17,Delivered,"Chicago, IL"
ORD103269,DHL,UP2091528794,2025-10-28,2025-11-03,Delivered,"Chicago, IL"
ORD103270,FedEx,UP3790583423,2025-10-24,2025-10-26,Delivered,"Columbus, OH"
ORD103272,UPS,DH2504591799,2025-08-14,2025-08-16,Delivered,"Columbus, OH"
ORD103273,DHL,DH5168480099,2026-07-17,2026-07-20,Delivered,"San Diego, CA"
ORD103274,UPS,US7743008379,2026-01-16,2026-01-24,In Transit,"Phoenix, AZ"
ORD103275,FedEx,FE8884101495,2026-02-23,2026-02-25,Delayed - carrier exception,"Salt Lake City, UT"
ORD103276,UPS,UP4286895198,2026-05-08,2026-05-15,Delivered,"Austin, TX"
ORD103278,DHL,UP6906278666,2026-07-15,2026-07-23,In Transit,"Portland, OR"
ORD103279,DHL,DH2283915265,2025-11-06,2025-11-14,Delivered,"Seattle, WA"
ORD103280,USPS,FE6229143145,2025-08-19,2025-08-28,Delivered,"Boston, MA"
ORD103281,FedEx,US2291721810,2026-07-08,2026-07-16,In Transit,"Phoenix, AZ"
ORD103282,UPS,UP1275052695,2026-05-21,2026-05-29,Delivered,"Austin, TX"
ORD103284,FedEx,DH1822319025,2025-12-07,2025-12-14,Delivered,"Raleigh, NC"
ORD103286,USPS,US5644235910,2026-03-18,2026-03-27,Delivered,"Phoenix, AZ"
ORD103287,USPS,DH1776063298,2026-06-23,2026-07-02,Delivered,"Atlanta, GA"
ORD103289,USPS,DH6863373611,2025-08-22,2025-08-27,In Transit,"Atlanta, GA"
ORD103290,DHL,UP6968897423,2026-01-13,2026-01-20,Delivered,"Nashville, TN"
ORD103291,USPS,US2709593529,2026-05-02,2026-05-04,Delivered,"Austin, TX"
ORD103292,UPS,UP5676780441,2025-12-21,2025-12-26,Delivered,"Miami, FL"
ORD103293,UPS,FE8760244550,2025-10-20,2025-10-24,Delivered,"Miami, FL"
ORD103294,FedEx,FE1168578726,2025-11-14,2025-11-18,Delivered,"Nashville, TN"
ORD103295,USPS,US5593467380,2026-03-04,2026-03-12,In Transit,"Minneapolis, MN"
ORD103297,USPS,UP7255642493,2026-01-28,2026-02-04,Delivered,"Chicago, IL"
ORD103299,FedEx,FE7178431875,2025-10-08,2025-10-17,Delivered,"Salt Lake City, UT"
ORD103300,FedEx,DH8487697329,2026-01-05,2026-01-11,Delivered,"Columbus, OH"
ORD103301,DHL,DH1743316194,2025-11-13,2025-11-18,Delivered,"Atlanta, GA"
ORD103302,DHL,UP8379308379,2025-09-06,2025-09-14,Delivered,"San Diego, CA"
ORD103303,USPS,FE1292167126,2025-11-06,2025-11-13,Out for Delivery,"Phoenix, AZ"
ORD103305,USPS,US9463921805,2025-08-05,2025-08-14,Delivered,"Austin, TX"
ORD103306,DHL,FE8007589745,2026-05-29,2026-06-03,Delivered,"Miami, FL"
ORD103307,DHL,DH7909535500,2026-06-21,2026-06-23,Delivered,"Atlanta, GA"
ORD103308,DHL,UP1785180513,2025-08-21,2025-08-29,Delivered,"San Diego, CA"
ORD103310,FedEx,DH3115152817,2026-02-12,2026-02-14,Delivered,"Portland, OR"
ORD103311,USPS,UP3996520139,2026-04-26,2026-04-28,Delivered,"Austin, TX"
ORD103312,USPS,UP3398746187,2026-02-18,2026-02-22,Delivered,"Portland, OR"
ORD103313,UPS,UP1012197906,2026-02-19,2026-02-24,Delivered,"Portland, OR"
ORD103314,USPS,FE7620412637,2025-12-11,2025-12-18,Delivered,"San Diego, CA"
ORD103315,USPS,FE2091648515,2025-11-16,2025-11-21,Delivered,"Austin, TX"
ORD103316,USPS,US1667834600,2026-02-27,2026-03-07,In Transit,"Phoenix, AZ"
ORD103317,USPS,US5161387843,2026-03-27,2026-04-04,Delivered,"Nashville, TN"
ORD103318,DHL,US7913981293,2026-04-09,2026-04-17,Delivered,"Nashville, TN"
ORD103319,FedEx,US2933066530,2025-10-27,2025-11-01,In Transit,"Miami, FL"
ORD103320,FedEx,US3532263708,2025-08-11,2025-08-15,Delivered,"Atlanta, GA"
ORD103322,USPS,UP8747511703,2025-11-19,2025-11-27,Out for Delivery,"Phoenix, AZ"
ORD103323,DHL,US4998328441,2026-06-18,2026-06-23,Delivered,"San Diego, CA"
ORD103324,FedEx,US2700069665,2026-06-22,2026-07-01,Delivered,"Phoenix, AZ"
ORD103325,FedEx,FE1118168663,2026-01-25,2026-02-02,Delivered,"Salt Lake City, UT"
ORD103326,DHL,UP3756238676,2026-04-14,2026-04-18,Delivered,"Salt Lake City, UT"
ORD103327,DHL,DH3620371868,2025-10-25,2025-10-28,Delivered,"Boston, MA"
ORD103328,FedEx,UP3861024122,2026-01-19,2026-01-28,In Transit,"Denver, CO"
ORD103329,UPS,UP4486365101,2025-09-23,2025-09-27,Delivered,"Denver, CO"
ORD103330,FedEx,DH5060017254,2026-01-01,2026-01-06,Delivered,"Salt Lake City, UT"
ORD103331,FedEx,FE6193638112,2026-02-20,2026-03-01,In Transit,"Nashville, TN"
ORD103332,USPS,FE6308420797,2026-01-01,2026-01-10,Delivered,"Chicago, IL"
ORD103333,USPS,UP3963324816,2025-08-12,2025-08-16,Delayed - carrier exception,"Raleigh, NC"
ORD103335,DHL,DH3946034569,2026-01-24,2026-01-28,Delivered,"Portland, OR"
ORD103336,USPS,US9170187743,2025-08-28,2025-09-02,Delivered,"Minneapolis, MN"
ORD103337,DHL,UP8403623861,2026-08-01,2026-08-06,Delivered,"Austin, TX"
ORD103338,UPS,UP6318455479,2026-04-09,2026-04-16,Delivered,"Atlanta, GA"
ORD103339,UPS,US6244790916,2026-05-18,2026-05-23,Returned to Sender,"Seattle, WA"
ORD103340,FedEx,US2438678980,2026-03-17,2026-03-26,Delivered,"Salt Lake City, UT"
ORD103341,UPS,DH3751310458,2025-09-11,2025-09-13,Delivered,"Chicago, IL"
ORD103342,UPS,DH6916660108,2025-11-17,2025-11-25,Delivered,"Chicago, IL"
ORD103343,DHL,US6624612861,2025-11-05,2025-11-08,Delivered,"Columbus, OH"
ORD103344,UPS,UP9971074946,2025-12-06,2025-12-12,Delivered,"Nashville, TN"
ORD103345,FedEx,FE5713310193,2026-07-03,2026-07-07,Delivered,"Minneapolis, MN"
ORD103347,DHL,DH8382823609,2026-07-13,2026-07-16,Returned to Sender,"Seattle, WA"
ORD103348,USPS,DH3427814876,2026-03-22,2026-03-28,Delivered,"Salt Lake City, UT"
ORD103349,UPS,FE9537630302,2026-06-03,2026-06-07,Delivered,"San Diego, CA"
ORD103350,USPS,US5714250452,2026-01-24,2026-01-29,Delivered,"Chicago, IL"
ORD103351,UPS,DH5104659510,2026-05-23,2026-05-29,Out for Delivery,"Raleigh, NC"
ORD103354,FedEx,UP7884073303,2026-04-27,2026-05-03,Delivered,"Atlanta, GA"
ORD103355,FedEx,US8522769101,2026-04-17,2026-04-26,Delivered,"Atlanta, GA"
ORD103356,UPS,DH5638122710,2026-05-25,2026-06-03,Out for Delivery,"Atlanta, GA"
ORD103357,UPS,DH9718583020,2026-03-15,2026-03-22,Delivered,"Nashville, TN"
ORD103359,USPS,US6062457673,2025-08-18,2025-08-22,Delivered,"Miami, FL"
ORD103360,UPS,US6209473410,2025-09-21,2025-09-23,In Transit,"Atlanta, GA"
ORD103361,DHL,DH3846833157,2026-02-16,2026-02-22,Delivered,"Minneapolis, MN"
ORD103362,USPS,DH5445002067,2026-03-02,2026-03-06,Delivered,"Chicago, IL"
ORD103363,UPS,DH1382958710,2025-11-12,2025-11-20,Delivered,"Atlanta, GA"
ORD103364,USPS,US7458652173,2026-04-30,2026-05-06,Delivered,"Portland, OR"
ORD103365,UPS,US1189594548,2026-05-20,2026-05-26,Delivered,"Miami, FL"
ORD103366,UPS,US7949723953,2026-04-16,2026-04-23,Returned to Sender,"Chicago, IL"
ORD103367,DHL,FE8472280730,2026-06-11,2026-06-16,Returned to Sender,"Seattle, WA"
ORD103368,FedEx,DH9902515391,2026-03-12,2026-03-17,Delivered,"Portland, OR"
ORD103370,UPS,DH1486864324,2026-02-27,2026-03-07,Delivered,"San Diego, CA"
ORD103371,FedEx,US4166135185,2026-07-05,2026-07-09,Delivered,"Salt Lake City, UT"
ORD103373,UPS,FE1291749568,2025-11-19,2025-11-23,Delivered,"Columbus, OH"
ORD103375,USPS,UP1963206149,2025-08-27,2025-09-04,Delivered,"San Diego, CA"
ORD103376,UPS,DH5596294710,2026-07-19,2026-07-28,In Transit,"San Diego, CA"
ORD103377,USPS,FE3169490526,2025-12-24,2025-12-27,In Transit,"Salt Lake City, UT"
ORD103378,USPS,UP1632160364,2026-02-19,2026-02-28,Delivered,"San Diego, CA"
ORD103380,UPS,US6452107672,2026-07-11,2026-07-14,Delivered,"Austin, TX"
ORD103382,UPS,FE9827390296,2026-01-18,2026-01-22,Delivered,"Miami, FL"
ORD103384,DHL,UP7701661016,2025-11-30,2025-12-03,In Transit,"Austin, TX"
ORD103385,DHL,DH9405698506,2026-05-09,2026-05-17,Delayed - carrier exception,"Denver, CO"
ORD103387,FedEx,DH2479725442,2025-09-17,2025-09-21,In Transit,"Chicago, IL"
ORD103388,USPS,DH5044308800,2026-05-14,2026-05-16,Delivered,"Austin, TX"
ORD103389,FedEx,DH2113520251,2026-03-04,2026-03-11,In Transit,"Raleigh, NC"
ORD103390,UPS,DH1963579139,2026-04-04,2026-04-13,Delayed - carrier exception,"Phoenix, AZ"
ORD103391,UPS,DH8508481968,2026-04-24,2026-04-27,In Transit,"Austin, TX"
ORD103392,USPS,DH4854198134,2025-12-01,2025-12-04,Delivered,"San Diego, CA"
ORD103393,USPS,US8358504023,2025-11-11,2025-11-17,Delivered,"Chicago, IL"
ORD103394,DHL,US4106976037,2026-06-29,2026-07-05,Out for Delivery,"Raleigh, NC"
ORD103396,USPS,FE2846032978,2026-07-27,2026-08-03,Delivered,"Chicago, IL"
ORD103398,USPS,FE4674527691,2025-11-18,2025-11-26,Delivered,"Minneapolis, MN"
ORD103399,USPS,FE6497500232,2026-06-23,2026-06-27,In Transit,"Portland, OR"
ORD103400,DHL,UP2179156519,2025-11-04,2025-11-10,In Transit,"Austin, TX"
ORD103401,DHL,UP7721088315,2026-03-15,2026-03-18,In Transit,"Nashville, TN"
ORD103403,FedEx,FE1141331173,2026-01-16,2026-01-20,Delivered,"Atlanta, GA"
ORD103404,DHL,US7834570320,2026-04-09,2026-04-13,Delivered,"Miami, FL"
ORD103406,DHL,UP8342121016,2025-11-02,2025-11-08,Delivered,"Denver, CO"
ORD103407,USPS,US4559214106,2026-03-27,2026-03-31,In Transit,"Austin, TX"
ORD103409,DHL,DH6552194255,2025-08-06,2025-08-10,Delivered,"San Diego, CA"
ORD103410,FedEx,UP3608006164,2026-04-09,2026-04-12,Delivered,"Minneapolis, MN"
ORD103411,FedEx,DH4892449449,2026-01-02,2026-01-10,Returned to Sender,"Seattle, WA"
ORD103412,USPS,FE3397957639,2025-12-27,2026-01-05,Delivered,"Phoenix, AZ"
ORD103414,DHL,UP2906559795,2026-01-05,2026-01-13,Delivered,"Nashville, TN"
ORD103416,USPS,US7655657216,2025-12-11,2025-12-15,Returned to Sender,"Boston, MA"
ORD103417,USPS,FE8807205663,2026-02-03,2026-02-10,Delivered,"Raleigh, NC"
ORD103419,UPS,US4262614859,2025-12-14,2025-12-19,In Transit,"Nashville, TN"
ORD103420,FedEx,UP6676278071,2025-09-05,2025-09-10,Delivered,"Portland, OR"
ORD103421,DHL,FE9832676598,2026-07-19,2026-07-26,Delivered,"Portland, OR"
ORD103422,USPS,FE8038816287,2026-05-17,2026-05-21,Delayed - carrier exception,"Miami, FL"
ORD103423,UPS,US5371414482,2026-04-20,2026-04-28,Out for Delivery,"Phoenix, AZ"
ORD103424,FedEx,UP5716275350,2025-11-25,2025-11-30,Delivered,"Portland, OR"
ORD103425,UPS,DH1931813889,2026-04-12,2026-04-14,Returned to Sender,"Atlanta, GA"
ORD103426,UPS,DH6984871442,2025-10-31,2025-11-06,Delivered,"Columbus, OH"
ORD103427,USPS,FE3652868379,2025-09-21,2025-09-30,Delivered,"Minneapolis, MN"
ORD103428,USPS,DH6689371322,2025-11-12,2025-11-19,Delivered,"Chicago, IL"
ORD103429,DHL,DH1264194192,2026-03-03,2026-03-07,Delayed - carrier exception,"Salt Lake City, UT"
ORD103430,DHL,US7827757161,2026-05-25,2026-06-03,Delivered,"Raleigh, NC"
ORD103432,USPS,UP7767204942,2026-03-15,2026-03-23,Out for Delivery,"Seattle, WA"
ORD103433,FedEx,DH7442946527,2026-02-21,2026-02-26,In Transit,"Raleigh, NC"
ORD103434,DHL,UP7345120259,2026-03-04,2026-03-07,Delivered,"San Diego, CA"
ORD103435,USPS,US5262820468,2026-07-12,2026-07-21,Delayed - carrier exception,"Chicago, IL"
ORD103436,DHL,UP9764195004,2026-03-18,2026-03-21,In Transit,"Boston, MA"
ORD103438,DHL,US2579627131,2025-11-26,2025-11-28,Delivered,"Minneapolis, MN"
ORD103439,FedEx,DH1562882253,2026-05-15,2026-05-17,Delivered,"Denver, CO"
ORD103440,UPS,US5589702461,2026-06-03,2026-06-11,Delayed - carrier exception,"Denver, CO"
ORD103441,DHL,DH8286627622,2025-10-28,2025-11-03,Delivered,"Atlanta, GA"
ORD103442,UPS,UP3451941148,2026-07-23,2026-07-29,Delivered,"Salt Lake City, UT"
ORD103443,DHL,US6864122531,2026-04-26,2026-04-29,Delivered,"Portland, OR"
ORD103444,USPS,US3012073983,2025-12-29,2026-01-07,In Transit,"Austin, TX"
ORD103446,FedEx,FE7317945499,2026-06-01,2026-06-06,Delivered,"Salt Lake City, UT"
ORD103447,UPS,UP3197416057,2025-08-25,2025-09-02,Delivered,"Atlanta, GA"
ORD103448,DHL,UP1466475095,2026-01-11,2026-01-18,Delivered,"Raleigh, NC"
ORD103449,USPS,US5979055601,2025-10-25,2025-11-02,Delivered,"Phoenix, AZ"
ORD103450,UPS,DH8769240495,2026-03-17,2026-03-24,Delivered,"Austin, TX"
ORD103451,USPS,UP4486330574,2025-10-17,2025-10-25,Delivered,"Denver, CO"
ORD103452,UPS,UP3028987247,2026-04-28,2026-05-01,Out for Delivery,"Miami, FL"
ORD103453,FedEx,DH4985734426,2026-05-24,2026-06-01,Delivered,"Miami, FL"
ORD103454,FedEx,US8561951539,2025-10-13,2025-10-22,Delivered,"Phoenix, AZ"
ORD103458,DHL,FE3643520671,2025-08-17,2025-08-22,Out for Delivery,"Atlanta, GA"
ORD103459,DHL,UP2360226261,2025-09-17,2025-09-24,In Transit,"Nashville, TN"
ORD103460,UPS,UP7791186780,2025-09-24,2025-09-28,Delivered,"Atlanta, GA"
ORD103462,UPS,UP2648775238,2026-04-24,2026-04-30,In Transit,"Denver, CO"
ORD103463,UPS,UP9067895627,2026-07-08,2026-07-12,Delivered,"Denver, CO"
ORD103464,FedEx,DH2964820050,2026-01-11,2026-01-17,Returned to Sender,"Chicago, IL"
ORD103465,USPS,US7626150744,2025-10-04,2025-10-08,In Transit,"Miami, FL"
ORD103466,DHL,DH1410533126,2025-12-01,2025-12-07,Delivered,"Miami, FL"
ORD103467,FedEx,DH4679211513,2026-02-27,2026-03-06,Delivered,"Chicago, IL"
ORD103468,FedEx,UP3609533229,2026-02-16,2026-02-22,In Transit,"Denver, CO"
ORD103469,UPS,US7014506186,2026-04-25,2026-05-02,Delayed - carrier exception,"Raleigh, NC"
ORD103470,FedEx,US9117217602,2025-12-28,2025-12-30,In Transit,"Boston, MA"
ORD103472,FedEx,DH7291891987,2026-06-03,2026-06-05,Delivered,"Seattle, WA"
ORD103473,USPS,UP7718878771,2026-04-15,2026-04-24,Delivered,"Austin, TX"
ORD103474,UPS,UP2605298518,2025-11-28,2025-12-01,Returned to Sender,"Minneapolis, MN"
ORD103476,USPS,US8092592671,2026-01-02,2026-01-05,Delivered,"Denver, CO"
ORD103477,FedEx,FE3124966069,2026-04-22,2026-04-25,Out for Delivery,"Boston, MA"
ORD103478,DHL,FE2919231837,2026-04-05,2026-04-11,In Transit,"Raleigh, NC"
ORD103479,FedEx,FE1679482297,2025-08-29,2025-09-04,Returned to Sender,"Atlanta, GA"
ORD103480,UPS,FE4917981918,2026-03-05,2026-03-07,Delayed - carrier exception,"Atlanta, GA"
ORD103481,UPS,UP1647251216,2026-05-03,2026-05-08,Delivered,"Boston, MA"
ORD103482,DHL,FE6601999655,2025-09-19,2025-09-21,Delivered,"San Diego, CA"
ORD103483,USPS,DH2203397189,2026-03-29,2026-04-03,Delivered,"Denver, CO"
ORD103484,DHL,DH1637862294,2026-04-18,2026-04-24,Delivered,"San Diego, CA"
ORD103485,DHL,US2736019035,2026-05-30,2026-06-02,Delivered,"Miami, FL"
ORD103486,DHL,FE6152668882,2025-10-15,2025-10-23,Delivered,"Denver, CO"
ORD103487,DHL,US7336475003,2026-07-11,2026-07-14,Delivered,"Columbus, OH"
ORD103488,DHL,UP2814203066,2026-01-01,2026-01-09,Delivered,"Phoenix, AZ"
ORD103490,USPS,DH6910935920,2026-03-27,2026-04-01,In Transit,"Portland, OR"
ORD103491,DHL,US1309767293,2026-04-09,2026-04-15,Delivered,"Seattle, WA"
ORD103494,DHL,US9977596038,2026-05-18,2026-05-21,Delivered,"Seattle, WA"
ORD103496,DHL,UP2361213939,2026-04-24,2026-05-01,Delivered,"Salt Lake City, UT"
ORD103497,USPS,DH8586011232,2026-01-20,2026-01-28,In Transit,"Salt Lake City, UT"
ORD103499,DHL,US9354753399,2026-02-12,2026-02-15,Delivered,"Chicago, IL"
ORD103500,USPS,DH7662863244,2025-11-11,2025-11-13,In Transit,"Atlanta, GA"
ORD103501,FedEx,FE8441781334,2025-10-10,2025-10-17,Delayed - carrier exception,"Minneapolis, MN"
ORD103502,USPS,UP3164240104,2026-02-26,2026-03-02,Delivered,"Raleigh, NC"
ORD103503,FedEx,DH6972067039,2026-06-16,2026-06-20,Returned to Sender,"Denver, CO"
ORD103504,DHL,FE9252996055,2025-10-22,2025-10-25,In Transit,"Nashville, TN"
ORD103507,DHL,US8783648061,2025-12-24,2025-12-28,Delivered,"Boston, MA"
ORD103508,FedEx,DH5542081987,2025-09-02,2025-09-10,Delivered,"Salt Lake City, UT"
ORD103509,FedEx,US3023235513,2026-03-09,2026-03-17,Returned to Sender,"Nashville, TN"
ORD103512,USPS,UP3394225315,2026-05-27,2026-06-04,Delivered,"Phoenix, AZ"
ORD103513,DHL,UP5576836271,2026-04-25,2026-05-02,Delivered,"San Diego, CA"
ORD103514,FedEx,UP3693436346,2026-03-19,2026-03-24,Delivered,"Raleigh, NC"
ORD103516,DHL,US3145404476,2026-04-14,2026-04-22,Delivered,"Phoenix, AZ"
ORD103517,USPS,FE7379921008,2025-09-10,2025-09-19,Delivered,"Minneapolis, MN"
ORD103518,DHL,DH9261233432,2025-12-22,2025-12-30,In Transit,"Columbus, OH"
ORD103522,USPS,DH1063851638,2026-07-20,2026-07-23,Returned to Sender,"Raleigh, NC"
ORD103523,DHL,FE2508370948,2026-05-06,2026-05-14,Delivered,"Austin, TX"
ORD103525,UPS,UP5193662987,2026-02-09,2026-02-13,In Transit,"Seattle, WA"
ORD103526,FedEx,UP9245658375,2026-01-26,2026-01-28,Delivered,"Denver, CO"
ORD103527,FedEx,DH7917467783,2026-02-11,2026-02-13,Delivered,"Raleigh, NC"
ORD103528,UPS,DH8759072463,2026-03-12,2026-03-19,Delivered,"Miami, FL"
ORD103529,DHL,UP5122383169,2025-08-01,2025-08-06,In Transit,"Boston, MA"
ORD103530,DHL,UP6412677939,2026-05-05,2026-05-12,Delivered,"Austin, TX"
ORD103531,DHL,US8476075760,2025-12-30,2026-01-03,Delivered,"Atlanta, GA"
ORD103532,UPS,UP5020028024,2026-01-02,2026-01-06,Delivered,"Denver, CO"
ORD103534,FedEx,FE3662857347,2026-04-14,2026-04-21,Out for Delivery,"Raleigh, NC"
ORD103535,USPS,UP1142185377,2025-11-17,2025-11-22,Delayed - carrier exception,"Austin, TX"
ORD103536,DHL,US9027245812,2026-05-26,2026-06-04,Delivered,"Salt Lake City, UT"
ORD103537,UPS,US1536268042,2025-11-05,2025-11-07,Delivered,"San Diego, CA"
ORD103538,UPS,US8975582543,2026-05-17,2026-05-21,In Transit,"Atlanta, GA"
ORD103539,FedEx,DH8846666501,2026-02-22,2026-02-26,In Transit,"Seattle, WA"
ORD103542,DHL,FE3204693461,2025-12-21,2025-12-23,Delivered,"Miami, FL"
ORD103544,USPS,UP6651873985,2025-12-13,2025-12-21,Delivered,"Phoenix, AZ"
ORD103545,FedEx,FE8423848046,2025-11-05,2025-11-13,Delivered,"San Diego, CA"
ORD103546,DHL,FE1648843140,2026-06-29,2026-07-03,Delivered,"Nashville, TN"
ORD103547,UPS,FE3485494364,2025-08-21,2025-08-26,In Transit,"Nashville, TN"
ORD103548,UPS,FE3909064988,2026-06-22,2026-06-29,In Transit,"Minneapolis, MN"
ORD103549,DHL,UP7567569344,2026-05-31,2026-06-09,Delayed - carrier exception,"Seattle, WA"
ORD103550,DHL,DH7943335840,2025-11-15,2025-11-17,Out for Delivery,"Austin, TX"
ORD103551,USPS,US5073894638,2026-03-25,2026-03-28,Delivered,"Chicago, IL"
ORD103553,USPS,US4927236130,2025-12-07,2025-12-11,Delivered,"Phoenix, AZ"
ORD103554,USPS,UP5639395969,2026-06-08,2026-06-17,Delivered,"Atlanta, GA"
ORD103555,USPS,US7435684907,2026-06-02,2026-06-06,In Transit,"Nashville, TN"
ORD103556,DHL,FE4077060338,2026-05-07,2026-05-11,In Transit,"Atlanta, GA"
ORD103557,FedEx,US5609683331,2026-07-05,2026-07-13,Delivered,"Miami, FL"
ORD103558,UPS,UP4219709507,2026-08-02,2026-08-10,Delivered,"Atlanta, GA"
ORD103559,DHL,DH1936343854,2025-09-02,2025-09-08,Delivered,"Nashville, TN"
ORD103560,USPS,UP5175923530,2026-07-01,2026-07-06,Delivered,"Seattle, WA"
ORD103561,USPS,FE9283915264,2025-09-06,2025-09-11,Delivered,"Phoenix, AZ"
ORD103562,DHL,FE8461720259,2026-04-05,2026-04-11,Returned to Sender,"Seattle, WA"
ORD103564,USPS,US2315202804,2026-04-24,2026-04-30,Delivered,"San Diego, CA"
ORD103565,FedEx,FE7618126351,2026-06-01,2026-06-06,Delivered,"Austin, TX"
ORD103566,UPS,UP7601008318,2025-11-06,2025-11-13,Out for Delivery,"Portland, OR"
ORD103567,USPS,FE8259584720,2025-08-26,2025-09-03,In Transit,"Raleigh, NC"
ORD103568,USPS,FE2259619997,2025-08-17,2025-08-26,Delivered,"Chicago, IL"
ORD103569,FedEx,DH3824446298,2025-10-23,2025-10-30,Returned to Sender,"Seattle, WA"
ORD103572,DHL,DH7556988602,2026-06-16,2026-06-22,Delivered,"Portland, OR"
ORD103573,UPS,DH1892333734,2025-12-12,2025-12-20,Delivered,"Nashville, TN"
ORD103574,UPS,UP3801089516,2025-08-23,2025-08-31,Delivered,"Minneapolis, MN"
ORD103575,USPS,UP5516421173,2026-06-26,2026-06-29,Delivered,"Seattle, WA"
ORD103576,UPS,DH5485782009,2025-09-22,2025-09-30,Delivered,"Raleigh, NC"
ORD103578,UPS,US9264143912,2025-12-09,2025-12-13,Delivered,"Seattle, WA"
ORD103579,FedEx,UP5716537948,2026-06-10,2026-06-14,In Transit,"Boston, MA"
ORD103580,DHL,FE7666122085,2026-05-07,2026-05-15,Delivered,"Phoenix, AZ"
ORD103581,FedEx,UP6351172432,2025-12-17,2025-12-25,Returned to Sender,"Salt Lake City, UT"
ORD103582,FedEx,DH2848781189,2026-07-23,2026-07-26,Delivered,"Phoenix, AZ"
ORD103584,USPS,DH7494295446,2025-08-22,2025-08-25,Delivered,"Raleigh, NC"
ORD103586,USPS,UP6662405830,2025-09-20,2025-09-27,Delivered,"Chicago, IL"
ORD103587,FedEx,US3117742906,2026-05-19,2026-05-27,Delivered,"Salt Lake City, UT"
ORD103589,FedEx,FE9661790302,2026-02-02,2026-02-11,Delivered,"Columbus, OH"
ORD103590,USPS,UP7885077472,2026-03-08,2026-03-10,Delivered,"Raleigh, NC"
ORD103591,USPS,FE2526600366,2025-08-25,2025-08-30,In Transit,"Salt Lake City, UT"
ORD103592,FedEx,FE9211026472,2025-12-20,2025-12-29,Delivered,"Raleigh, NC"
ORD103593,FedEx,UP4763753247,2026-05-29,2026-06-03,Delivered,"Atlanta, GA"
ORD103594,FedEx,DH2543984861,2026-01-26,2026-02-01,Delivered,"Boston, MA"
ORD103597,UPS,UP9936204495,2026-05-22,2026-05-26,In Transit,"Minneapolis, MN"
ORD103598,UPS,FE4814748198,2025-09-06,2025-09-15,Delivered,"Portland, OR"
ORD103599,DHL,DH7472759900,2026-05-13,2026-05-21,In Transit,"Nashville, TN"
ORD103600,UPS,DH4204610947,2025-09-16,2025-09-19,In Transit,"Raleigh, NC"
ORD103601,USPS,DH3819280013,2025-12-16,2025-12-24,Returned to Sender,"Columbus, OH"
ORD103603,UPS,FE1697483306,2026-01-19,2026-01-24,Delivered,"Seattle, WA"
ORD103604,USPS,US8256942891,2026-06-08,2026-06-13,Delivered,"Miami, FL"
ORD103605,FedEx,US5978804406,2026-01-25,2026-02-02,Delayed - carrier exception,"Salt Lake City, UT"
ORD103606,FedEx,FE9658098783,2025-12-29,2026-01-04,Delivered,"Raleigh, NC"
ORD103607,USPS,DH2142085126,2025-11-01,2025-11-10,Delivered,"Atlanta, GA"
ORD103608,UPS,US7056276346,2026-01-21,2026-01-26,Returned to Sender,"Portland, OR"
ORD103609,FedEx,FE1105186494,2025-11-16,2025-11-19,Delayed - carrier exception,"Columbus, OH"
ORD103610,DHL,DH6565614045,2025-09-06,2025-09-13,Returned to Sender,"Minneapolis, MN"
ORD103611,UPS,FE7966367342,2026-04-14,2026-04-23,Delivered,"Atlanta, GA"
ORD103612,FedEx,UP4486409576,2025-12-26,2026-01-01,Delivered,"Minneapolis, MN"
ORD103613,FedEx,DH1199459240,2026-01-04,2026-01-09,Delivered,"Chicago, IL"
ORD103614,UPS,US8843740170,2025-10-23,2025-11-01,Delivered,"Raleigh, NC"
ORD103615,FedEx,FE1062120724,2026-02-14,2026-02-17,Delivered,"Chicago, IL"
ORD103616,DHL,DH2650145284,2025-10-04,2025-10-08,Returned to Sender,"Chicago, IL"
ORD103617,UPS,UP6524059065,2025-10-29,2025-11-05,Delivered,"San Diego, CA"
ORD103618,UPS,US3017878950,2025-09-11,2025-09-16,Delivered,"Nashville, TN"
ORD103619,USPS,US8218206394,2025-08-30,2025-09-06,Delivered,"Portland, OR"
ORD103621,FedEx,DH6811761052,2026-01-20,2026-01-27,Delivered,"San Diego, CA"
ORD103622,FedEx,DH4729122289,2025-09-17,2025-09-19,Delivered,"Salt Lake City, UT"
ORD103623,USPS,US3842495665,2025-10-21,2025-10-24,In Transit,"Boston, MA"
ORD103624,UPS,FE9056192897,2025-08-07,2025-08-13,In Transit,"Minneapolis, MN"
ORD103625,FedEx,UP1432516533,2026-07-22,2026-07-30,Delivered,"Phoenix, AZ"
ORD103626,DHL,US7157148871,2025-08-12,2025-08-21,Returned to Sender,"Denver, CO"
ORD103628,USPS,FE7689667666,2026-05-13,2026-05-16,Delivered,"Raleigh, NC"
ORD103629,USPS,FE8291507250,2026-05-12,2026-05-14,Delivered,"Miami, FL"
ORD103630,FedEx,UP1824699402,2026-02-28,2026-03-07,Out for Delivery,"Atlanta, GA"
ORD103631,FedEx,FE5751627413,2025-12-27,2026-01-03,Delivered,"Portland, OR"
ORD103633,FedEx,US8432335450,2025-11-21,2025-11-26,In Transit,"Miami, FL"
ORD103635,USPS,UP2910754509,2025-10-12,2025-10-14,Delivered,"San Diego, CA"
ORD103636,DHL,UP5137114318,2025-08-22,2025-08-24,Returned to Sender,"Phoenix, AZ"
ORD103637,DHL,UP7715904485,2026-07-07,2026-07-12,Returned to Sender,"Austin, TX"
ORD103638,FedEx,DH6206448270,2026-03-16,2026-03-19,Delivered,"Salt Lake City, UT"
ORD103639,DHL,DH9056387046,2025-08-16,2025-08-20,Delivered,"Chicago, IL"
ORD103640,FedEx,UP1612813917,2025-09-05,2025-09-10,Out for Delivery,"Denver, CO"
ORD103641,USPS,UP3134213341,2026-02-24,2026-03-03,Delivered,"Nashville, TN"
ORD103642,FedEx,DH5744384089,2025-11-18,2025-11-24,Returned to Sender,"Chicago, IL"
ORD103644,USPS,FE7413363508,2026-05-10,2026-05-18,Out for Delivery,"Miami, FL"
ORD103647,FedEx,DH5939771307,2026-03-26,2026-04-01,Delivered,"Salt Lake City, UT"
ORD103648,FedEx,FE8261327986,2025-09-05,2025-09-08,Delivered,"Nashville, TN"
ORD103649,UPS,FE6459961477,2025-10-30,2025-11-07,In Transit,"San Diego, CA"
ORD103651,DHL,DH2225736217,2025-12-21,2025-12-28,Delivered,"Minneapolis, MN"
ORD103653,DHL,UP1074441062,2025-09-03,2025-09-09,Delivered,"Atlanta, GA"
ORD103654,USPS,UP5612930460,2025-12-27,2026-01-05,Delivered,"Chicago, IL"
ORD103656,DHL,FE2138161377,2026-01-08,2026-01-14,In Transit,"Seattle, WA"
ORD103657,FedEx,DH2248909635,2026-03-03,2026-03-12,Delayed - carrier exception,"Minneapolis, MN"
ORD103658,USPS,DH9231343450,2026-04-15,2026-04-22,Delivered,"Boston, MA"
ORD103659,USPS,DH7033402906,2025-09-10,2025-09-19,Delivered,"Columbus, OH"
ORD103663,FedEx,FE3156970291,2025-12-25,2025-12-30,Delivered,"Phoenix, AZ"
ORD103664,UPS,DH7067664273,2025-11-07,2025-11-10,Delivered,"Miami, FL"
ORD103665,FedEx,DH2537271050,2026-05-22,2026-05-24,Delivered,"Miami, FL"
ORD103666,USPS,UP4513335170,2025-08-31,2025-09-02,Delivered,"Seattle, WA"
ORD103668,DHL,US4443010215,2026-01-20,2026-01-23,Delivered,"Boston, MA"
ORD103670,FedEx,DH3489125284,2026-07-09,2026-07-15,In Transit,"Atlanta, GA"
ORD103672,USPS,UP6400594652,2026-02-25,2026-03-01,Delivered,"Denver, CO"
ORD103673,FedEx,UP1503488890,2026-02-01,2026-02-04,Delivered,"Chicago, IL"
ORD103674,DHL,UP5631131147,2025-11-02,2025-11-05,Delivered,"Chicago, IL"
ORD103675,UPS,FE7691077708,2025-12-11,2025-12-14,Delivered,"San Diego, CA"
ORD103677,FedEx,FE6797503233,2025-09-25,2025-09-28,Delivered,"Miami, FL"
ORD103678,FedEx,US5314431621,2026-01-20,2026-01-29,Delivered,"Columbus, OH"
ORD103679,UPS,DH7124963070,2026-07-27,2026-08-03,Delivered,"Boston, MA"
ORD103680,USPS,DH1099248093,2025-11-19,2025-11-28,Delivered,"Phoenix, AZ"
ORD103681,USPS,UP9155786494,2025-09-11,2025-09-16,Delayed - carrier exception,"Columbus, OH"
ORD103683,FedEx,UP6324663640,2025-10-29,2025-11-04,Delivered,"Miami, FL"
ORD103684,USPS,UP4433502144,2025-10-20,2025-10-28,Delivered,"Miami, FL"
ORD103687,UPS,FE7624936143,2026-03-31,2026-04-02,Delivered,"Nashville, TN"
ORD103688,UPS,DH6561292486,2026-02-14,2026-02-17,In Transit,"Nashville, TN"
ORD103689,UPS,DH6572703364,2026-04-23,2026-04-29,In Transit,"Denver, CO"
ORD103691,DHL,UP4149605122,2025-12-08,2025-12-16,Delivered,"Denver, CO"
ORD103692,UPS,FE9210660829,2026-06-25,2026-07-02,Returned to Sender,"Denver, CO"
ORD103693,DHL,FE4045654345,2026-03-05,2026-03-07,Delayed - carrier exception,"Atlanta, GA"
ORD103695,UPS,US2607719342,2025-08-05,2025-08-13,Out for Delivery,"Raleigh, NC"
ORD103696,USPS,US7179927150,2026-02-03,2026-02-06,Delivered,"Minneapolis, MN"
ORD103698,UPS,UP8095063822,2025-10-21,2025-10-29,Delivered,"Portland, OR"
ORD103699,FedEx,US8857485624,2025-11-28,2025-12-01,Delivered,"Portland, OR"
ORD103700,DHL,US8469134273,2025-10-08,2025-10-16,Delivered,"Raleigh, NC"
ORD103701,FedEx,UP7491240668,2026-04-10,2026-04-18,Delivered,"Raleigh, NC"
ORD103702,DHL,DH4151737190,2026-01-17,2026-01-21,Delivered,"Miami, FL"
ORD103704,USPS,FE5245126671,2025-10-28,2025-11-06,Delivered,"Atlanta, GA"
ORD103707,FedEx,US3372810329,2026-01-17,2026-01-21,Returned to Sender,"Austin, TX"
ORD103708,UPS,UP6175870349,2025-08-17,2025-08-20,In Transit,"Phoenix, AZ"
ORD103710,FedEx,DH4763042664,2026-02-12,2026-02-20,Out for Delivery,"Minneapolis, MN"
ORD103711,FedEx,US8409435214,2025-08-16,2025-08-22,Delivered,"Austin, TX"
ORD103713,UPS,US1344670500,2026-03-22,2026-03-29,Delivered,"Seattle, WA"
ORD103714,DHL,US6236185874,2025-09-11,2025-09-15,Delivered,"Nashville, TN"
ORD103715,FedEx,DH6447636222,2026-03-31,2026-04-07,Delivered,"Boston, MA"
ORD103716,FedEx,UP8505033317,2026-06-20,2026-06-28,Delivered,"Phoenix, AZ"
ORD103717,FedEx,UP2004427837,2026-06-13,2026-06-19,Delivered,"Atlanta, GA"
ORD103718,DHL,FE4605761370,2026-03-30,2026-04-03,Delayed - carrier exception,"Miami, FL"
ORD103719,UPS,DH3267895862,2025-12-07,2025-12-10,In Transit,"San Diego, CA"
ORD103720,UPS,UP6794400387,2025-12-24,2025-12-31,Delivered,"Nashville, TN"
ORD103721,UPS,DH1570193431,2026-07-21,2026-07-27,Returned to Sender,"Phoenix, AZ"
ORD103722,DHL,DH4381135574,2025-09-14,2025-09-16,Out for Delivery,"Miami, FL"
ORD103723,USPS,UP6819740237,2026-03-17,2026-03-22,Delivered,"Denver, CO"
ORD103724,DHL,DH2938348356,2025-08-22,2025-08-24,Delivered,"Chicago, IL"
ORD103725,USPS,FE7982617943,2025-10-27,2025-10-30,Delivered,"San Diego, CA"
ORD103727,FedEx,DH3927725808,2026-03-22,2026-03-25,In Transit,"Minneapolis, MN"
ORD103728,UPS,UP8902999955,2026-05-23,2026-05-31,Out for Delivery,"Portland, OR"
ORD103729,DHL,UP5417180238,2026-02-12,2026-02-17,Delivered,"Minneapolis, MN"
ORD103730,UPS,US9842184922,2025-09-29,2025-10-03,In Transit,"Portland, OR"
ORD103731,USPS,UP5226289564,2026-02-21,2026-03-01,Delivered,"Miami, FL"
ORD103732,USPS,DH5355707010,2026-07-10,2026-07-15,Delivered,"Atlanta, GA"
ORD103733,DHL,DH5703922669,2025-12-11,2025-12-16,Returned to Sender,"Denver, CO"
ORD103734,UPS,FE2695033510,2025-11-22,2025-11-26,Returned to Sender,"Denver, CO"
ORD103735,DHL,FE5345102095,2026-04-13,2026-04-16,Delivered,"Raleigh, NC"
ORD103736,DHL,UP8673642364,2025-10-16,2025-10-24,Delivered,"Salt Lake City, UT"
ORD103737,USPS,DH2503878530,2026-01-15,2026-01-18,Delivered,"San Diego, CA"
ORD103738,DHL,FE3074980596,2026-05-28,2026-06-04,Delivered,"Seattle, WA"
ORD103739,USPS,US2986867636,2025-08-30,2025-09-07,Delivered,"Atlanta, GA"
ORD103741,DHL,FE8164878074,2025-09-16,2025-09-20,Out for Delivery,"Phoenix, AZ"
ORD103743,FedEx,FE9869460253,2026-07-21,2026-07-24,Delivered,"Austin, TX"
ORD103747,FedEx,FE5855169649,2026-07-31,2026-08-08,Delivered,"Salt Lake City, UT"
ORD103749,UPS,DH2980277531,2025-11-16,2025-11-21,Delivered,"Raleigh, NC"
ORD103750,FedEx,DH8613252412,2026-02-05,2026-02-12,Delivered,"Seattle, WA"
ORD103751,FedEx,US8438660579,2025-08-03,2025-08-08,In Transit,"Chicago, IL"
ORD103752,UPS,DH4162867492,2025-10-09,2025-10-12,Delivered,"Salt Lake City, UT"
ORD103753,USPS,DH4869736370,2026-01-08,2026-01-13,Delivered,"Austin, TX"
ORD103754,UPS,FE5059831276,2026-07-10,2026-07-12,Out for Delivery,"Miami, FL"
ORD103757,UPS,DH5806950413,2025-09-01,2025-09-05,In Transit,"Austin, TX"
ORD103758,DHL,FE7258959579,2026-01-11,2026-01-20,Delivered,"Portland, OR"
ORD103759,DHL,US7503759001,2025-08-26,2025-09-02,Delivered,"Salt Lake City, UT"
ORD103762,DHL,UP5757812131,2026-05-11,2026-05-16,Delivered,"Nashville, TN"
ORD103763,USPS,US2393130001,2026-01-30,2026-02-05,Delivered,"Salt Lake City, UT"
ORD103764,FedEx,FE9252542985,2025-11-05,2025-11-07,Delivered,"Miami, FL"
ORD103765,USPS,FE6799836634,2026-05-31,2026-06-07,Delivered,"Miami, FL"
ORD103767,USPS,UP9500373271,2026-06-25,2026-07-02,Delivered,"Nashville, TN"
ORD103769,USPS,DH5090865064,2025-12-26,2026-01-02,In Transit,"Portland, OR"
ORD103770,DHL,US4278663648,2026-03-12,2026-03-14,Out for Delivery,"Chicago, IL"
ORD103771,USPS,US1127656364,2026-03-06,2026-03-15,Delivered,"Austin, TX"
ORD103773,USPS,FE4277883840,2026-07-25,2026-07-30,Delivered,"San Diego, CA"
ORD103774,UPS,UP4950942326,2026-07-14,2026-07-19,Delayed - carrier exception,"Salt Lake City, UT"
ORD103775,FedEx,FE9977741353,2026-04-24,2026-04-30,Delivered,"Seattle, WA"
ORD103776,FedEx,US7722588138,2026-04-18,2026-04-21,Delivered,"Minneapolis, MN"
ORD103777,USPS,FE4326871518,2025-12-10,2025-12-13,Out for Delivery,"Raleigh, NC"
ORD103779,DHL,UP6497900728,2025-12-18,2025-12-21,Delivered,"Miami, FL"
ORD103780,DHL,UP3318976175,2025-12-24,2026-01-02,Delayed - carrier exception,"Atlanta, GA"
ORD103781,USPS,US4277704586,2025-12-06,2025-12-09,Delivered,"Phoenix, AZ"
ORD103782,UPS,DH2159724959,2025-12-04,2025-12-12,Delivered,"Denver, CO"
ORD103784,USPS,DH1019604798,2026-01-22,2026-01-31,Returned to Sender,"Columbus, OH"
ORD103786,UPS,FE5243437692,2026-02-16,2026-02-25,In Transit,"San Diego, CA"
ORD103788,DHL,DH6675458919,2025-12-21,2025-12-29,In Transit,"Atlanta, GA"
ORD103789,USPS,FE9137085754,2025-10-31,2025-11-09,Delivered,"San Diego, CA"
ORD103790,USPS,UP8137485268,2026-04-04,2026-04-08,Delivered,"Chicago, IL"
ORD103791,USPS,UP9016649338,2025-12-30,2026-01-03,Delivered,"Raleigh, NC"
ORD103792,FedEx,UP5017241198,2026-02-22,2026-03-03,In Transit,"Phoenix, AZ"
ORD103793,FedEx,UP3962493773,2025-09-12,2025-09-18,Delivered,"Portland, OR"
ORD103794,UPS,UP8949952678,2025-11-05,2025-11-13,Delivered,"Atlanta, GA"
ORD103795,UPS,US3544653158,2026-03-14,2026-03-18,Out for Delivery,"Raleigh, NC"
ORD103796,FedEx,DH5718426237,2026-02-12,2026-02-20,Delivered,"Atlanta, GA"
ORD103797,USPS,FE1334632984,2026-04-19,2026-04-23,Delivered,"San Diego, CA"
ORD103799,FedEx,DH4642739000,2026-04-18,2026-04-24,Delivered,"Minneapolis, MN"
ORD103800,USPS,UP8076661389,2025-09-13,2025-09-22,Returned to Sender,"Miami, FL"
ORD103801,USPS,US1222682768,2026-06-17,2026-06-20,Delivered,"Denver, CO"
ORD103802,FedEx,UP3713891389,2025-08-02,2025-08-04,Delivered,"Raleigh, NC"
ORD103803,USPS,DH6801522277,2026-03-11,2026-03-15,Delivered,"Austin, TX"
ORD103804,FedEx,FE1980457671,2026-06-13,2026-06-19,Delivered,"San Diego, CA"
ORD103805,FedEx,DH3867519662,2026-03-19,2026-03-28,In Transit,"Minneapolis, MN"
ORD103806,UPS,US2240875466,2026-03-07,2026-03-11,Delivered,"Nashville, TN"
ORD103807,DHL,UP6007773835,2026-02-22,2026-03-01,Delivered,"Minneapolis, MN"
ORD103808,DHL,FE5447841253,2026-04-24,2026-04-28,Delivered,"San Diego, CA"
ORD103809,UPS,UP9582838355,2026-01-02,2026-01-05,In Transit,"Phoenix, AZ"
ORD103810,UPS,FE7456974803,2025-12-30,2026-01-02,In Transit,"Austin, TX"
ORD103811,FedEx,US6833241557,2026-06-25,2026-07-01,In Transit,"Atlanta, GA"
ORD103812,USPS,US4412435714,2026-02-03,2026-02-05,Out for Delivery,"Atlanta, GA"
ORD103813,UPS,FE4585061362,2026-05-30,2026-06-03,Delivered,"Minneapolis, MN"
ORD103814,USPS,UP9219407536,2025-12-24,2026-01-02,In Transit,"Nashville, TN"
ORD103815,USPS,FE9081371727,2025-12-21,2025-12-29,Returned to Sender,"San Diego, CA"
ORD103816,FedEx,UP1449699517,2025-10-27,2025-10-31,Returned to Sender,"Phoenix, AZ"
ORD103817,USPS,DH7996146338,2026-05-30,2026-06-07,Returned to Sender,"Phoenix, AZ"
ORD103818,USPS,US8379740847,2025-08-24,2025-09-02,Delivered,"Raleigh, NC"
ORD103819,UPS,DH4487440888,2025-09-17,2025-09-21,Returned to Sender,"San Diego, CA"
ORD103820,DHL,US9168960893,2026-03-23,2026-03-31,Delivered,"Raleigh, NC"
ORD103821,FedEx,FE8832317049,2026-02-19,2026-02-28,Delivered,"Denver, CO"
ORD103823,USPS,DH3262643735,2025-11-26,2025-12-03,In Transit,"Denver, CO"
ORD103824,FedEx,FE7120331299,2026-03-15,2026-03-20,Delivered,"Boston, MA"
ORD103825,USPS,US3738125200,2025-08-25,2025-08-28,Delivered,"Boston, MA"
ORD103826,USPS,DH9167648173,2025-09-25,2025-09-27,Delivered,"Miami, FL"
ORD103827,UPS,UP3144583861,2025-08-13,2025-08-21,Out for Delivery,"Boston, MA"
ORD103831,FedEx,UP4511940948,2026-03-23,2026-03-27,Delivered,"Boston, MA"
ORD103832,USPS,UP2815422821,2026-05-25,2026-06-03,Out for Delivery,"Boston, MA"
ORD103834,FedEx,US3075764056,2026-04-21,2026-04-26,Returned to Sender,"San Diego, CA"
ORD103835,DHL,DH3962319851,2025-12-07,2025-12-15,In Transit,"Austin, TX"
ORD103836,DHL,UP2110517587,2026-05-08,2026-05-15,Returned to Sender,"Miami, FL"
ORD103837,DHL,FE5350273487,2025-09-20,2025-09-25,Delivered,"Columbus, OH"
ORD103838,USPS,FE6021941858,2026-04-22,2026-05-01,Returned to Sender,"Phoenix, AZ"
ORD103839,USPS,US8242489259,2026-04-14,2026-04-19,In Transit,"Phoenix, AZ"
ORD103840,FedEx,US8302041933,2026-05-05,2026-05-09,In Transit,"Boston, MA"
ORD103842,DHL,DH2978465529,2025-11-18,2025-11-23,In Transit,"Nashville, TN"
ORD103843,FedEx,US3906250434,2025-11-11,2025-11-13,Delivered,"Minneapolis, MN"
ORD103844,UPS,FE4663573653,2025-12-18,2025-12-25,In Transit,"Boston, MA"
ORD103846,UPS,DH4292172611,2026-04-07,2026-04-09,Delivered,"Boston, MA"
ORD103847,FedEx,FE7315389704,2026-03-18,2026-03-23,Delivered,"Salt Lake City, UT"
ORD103848,USPS,US9204156625,2025-08-30,2025-09-07,Delivered,"Portland, OR"
ORD103849,DHL,UP6351033752,2025-12-20,2025-12-27,Delivered,"Salt Lake City, UT"
ORD103850,FedEx,UP9119428100,2025-09-10,2025-09-14,Out for Delivery,"Chicago, IL"
ORD103851,USPS,FE8501933016,2026-04-16,2026-04-18,In Transit,"Chicago, IL"
ORD103853,UPS,FE4493184458,2026-05-12,2026-05-17,Out for Delivery,"Columbus, OH"
ORD103854,DHL,DH8454390892,2026-06-20,2026-06-26,In Transit,"Boston, MA"
ORD103855,DHL,US8933670858,2025-11-14,2025-11-23,Delivered,"Minneapolis, MN"
ORD103856,USPS,US8544220159,2025-11-27,2025-12-06,In Transit,"Austin, TX"
ORD103857,USPS,UP5487371666,2025-10-22,2025-10-24,In Transit,"Columbus, OH"
ORD103858,FedEx,FE7308174466,2026-05-31,2026-06-08,Delivered,"Nashville, TN"
ORD103860,UPS,UP5257122396,2025-08-05,2025-08-11,Returned to Sender,"Raleigh, NC"
ORD103861,USPS,US6031643427,2025-11-21,2025-11-23,Delivered,"Phoenix, AZ"
ORD103862,UPS,FE5465618138,2026-05-25,2026-05-29,In Transit,"Denver, CO"
ORD103863,DHL,FE2117121725,2026-02-15,2026-02-23,In Transit,"Phoenix, AZ"
ORD103864,UPS,US2816182304,2026-05-09,2026-05-17,Delivered,"Salt Lake City, UT"
ORD103865,UPS,DH1120774768,2025-11-01,2025-11-10,In Transit,"Salt Lake City, UT"
ORD103866,USPS,US8208608569,2025-09-26,2025-10-05,Delivered,"Columbus, OH"
ORD103868,UPS,UP5382232659,2026-05-30,2026-06-07,Delivered,"Austin, TX"
ORD103869,DHL,FE7457617384,2025-10-17,2025-10-25,Delivered,"Salt Lake City, UT"
ORD103870,DHL,UP9171812634,2026-07-08,2026-07-10,Out for Delivery,"Columbus, OH"
ORD103871,USPS,FE4596360202,2025-09-25,2025-10-01,In Transit,"Minneapolis, MN"
ORD103873,FedEx,US3648877870,2025-11-17,2025-11-23,Delayed - carrier exception,"Seattle, WA"
ORD103876,USPS,FE1626368348,2025-09-13,2025-09-19,Delayed - carrier exception,"Atlanta, GA"
ORD103877,DHL,US8321776821,2026-03-27,2026-04-03,In Transit,"Portland, OR"
ORD103878,USPS,DH2600379171,2026-05-15,2026-05-23,Delivered,"Seattle, WA"
ORD103879,UPS,UP4942256494,2026-06-17,2026-06-26,Delivered,"Boston, MA"
ORD103881,USPS,UP8304278839,2025-08-26,2025-09-02,In Transit,"Portland, OR"
ORD103882,DHL,FE3955464229,2025-11-15,2025-11-22,In Transit,"Nashville, TN"
ORD103884,DHL,FE7764869630,2026-05-09,2026-05-15,Delivered,"Austin, TX"
ORD103887,UPS,DH3174527061,2026-01-02,2026-01-08,Delivered,"Seattle, WA"
ORD103890,FedEx,UP2241693406,2026-06-16,2026-06-20,Delivered,"Austin, TX"
ORD103891,FedEx,UP2416486404,2026-04-19,2026-04-22,Delivered,"Denver, CO"
ORD103892,UPS,US7531436568,2025-11-07,2025-11-16,Delivered,"Miami, FL"
ORD103893,UPS,UP8913643178,2025-11-20,2025-11-24,Delivered,"Raleigh, NC"
ORD103894,USPS,US1825319845,2025-11-14,2025-11-20,Delivered,"Portland, OR"
ORD103895,FedEx,US3896819596,2025-11-13,2025-11-19,Delivered,"Columbus, OH"
ORD103896,UPS,DH4930841380,2025-09-20,2025-09-27,In Transit,"San Diego, CA"
ORD103897,UPS,DH1891801328,2026-01-08,2026-01-13,Delivered,"Portland, OR"
ORD103898,UPS,DH5608994874,2026-01-24,2026-01-27,Delivered,"Seattle, WA"
ORD103899,USPS,UP9004235542,2025-12-01,2025-12-08,Delivered,"San Diego, CA"
ORD103900,DHL,US1150858385,2025-10-09,2025-10-18,Delivered,"Austin, TX"
ORD103901,UPS,DH5837670180,2026-04-09,2026-04-17,Delayed - carrier exception,"Nashville, TN"
ORD103904,FedEx,DH1323951134,2025-08-08,2025-08-12,Returned to Sender,"Portland, OR"
ORD103906,UPS,FE4089331360,2025-12-13,2025-12-20,Delivered,"Raleigh, NC"
ORD103907,UPS,DH8881426411,2025-12-26,2025-12-30,Delivered,"Miami, FL"
ORD103908,USPS,DH4984423599,2026-05-30,2026-06-08,In Transit,"San Diego, CA"
ORD103909,DHL,DH5699233025,2026-05-07,2026-05-14,Delivered,"Nashville, TN"
ORD103910,FedEx,DH6550406366,2025-12-07,2025-12-11,Delivered,"Seattle, WA"
ORD103911,USPS,FE1124413253,2026-06-30,2026-07-03,Returned to Sender,"Columbus, OH"
ORD103912,FedEx,UP5615064577,2026-06-03,2026-06-07,Delivered,"Nashville, TN"
ORD103913,UPS,UP6776515722,2025-10-21,2025-10-30,In Transit,"Portland, OR"
ORD103914,FedEx,FE4873387376,2025-11-28,2025-11-30,Delayed - carrier exception,"Austin, TX"
ORD103915,FedEx,UP8790390246,2025-11-18,2025-11-22,Returned to Sender,"Seattle, WA"
ORD103917,USPS,FE1529923377,2025-08-26,2025-09-04,Delivered,"Denver, CO"
ORD103918,FedEx,FE5193274399,2026-01-14,2026-01-21,Delivered,"Austin, TX"
ORD103919,DHL,UP3395371140,2026-01-16,2026-01-18,Delivered,"Columbus, OH"
ORD103921,DHL,US8524147067,2025-12-21,2025-12-24,Delivered,"Minneapolis, MN"
ORD103922,UPS,DH4199940961,2026-01-25,2026-02-03,Returned to Sender,"Phoenix, AZ"
ORD103923,USPS,FE6124955793,2026-04-01,2026-04-07,Out for Delivery,"Portland, OR"
ORD103924,USPS,FE6888854983,2026-06-29,2026-07-06,Returned to Sender,"Miami, FL"
ORD103925,USPS,UP1141724501,2026-03-30,2026-04-02,Delivered,"Austin, TX"
ORD103926,DHL,FE9630151313,2026-07-26,2026-08-02,Delivered,"Columbus, OH"
ORD103927,DHL,US2351521621,2026-06-29,2026-07-05,Delayed - carrier exception,"San Diego, CA"
ORD103928,UPS,DH2713073791,2026-04-26,2026-05-02,Delivered,"Boston, MA"
ORD103931,UPS,FE1500605840,2026-03-29,2026-03-31,Delivered,"Denver, CO"
ORD103932,UPS,FE3466421572,2026-04-15,2026-04-19,Out for Delivery,"Columbus, OH"
ORD103933,DHL,UP8015380149,2026-03-31,2026-04-02,Delivered,"Nashville, TN"
ORD103934,UPS,US8477377913,2025-12-18,2025-12-20,Delivered,"Salt Lake City, UT"
ORD103935,FedEx,FE5813190273,2026-04-25,2026-04-27,Delivered,"Atlanta, GA"
ORD103936,UPS,FE5358920225,2026-04-12,2026-04-21,Returned to Sender,"Minneapolis, MN"
ORD103937,FedEx,US7563714978,2025-08-29,2025-09-04,Delivered,"Portland, OR"
ORD103939,FedEx,FE7374633774,2026-04-08,2026-04-11,Delivered,"Phoenix, AZ"
ORD103940,FedEx,US4466514621,2026-04-18,2026-04-20,Delayed - carrier exception,"Seattle, WA"
ORD103941,DHL,FE7466329458,2025-10-28,2025-11-04,In Transit,"Raleigh, NC"
ORD103942,DHL,US1904296565,2025-10-11,2025-10-19,Delayed - carrier exception,"Phoenix, AZ"
ORD103944,UPS,DH8877196580,2026-01-16,2026-01-19,Delivered,"Miami, FL"
ORD103945,USPS,UP3617469343,2025-09-04,2025-09-11,Delivered,"Miami, FL"
ORD103946,USPS,US6184568391,2026-05-01,2026-05-07,Returned to Sender,"Salt Lake City, UT"
ORD103947,FedEx,DH7170627030,2026-04-21,2026-04-30,In Transit,"Portland, OR"
ORD103948,UPS,UP1261984949,2026-01-07,2026-01-15,Delayed - carrier exception,"Minneapolis, MN"
ORD103949,UPS,DH3783865082,2025-11-12,2025-11-16,Delivered,"Boston, MA"
ORD103951,USPS,US1847467382,2026-02-13,2026-02-21,Delivered,"Seattle, WA"
ORD103952,FedEx,DH7571794354,2026-04-10,2026-04-13,Delivered,"San Diego, CA"
ORD103953,FedEx,FE7195609782,2026-03-12,2026-03-16,In Transit,"Raleigh, NC"
ORD103954,UPS,US7209437593,2025-11-07,2025-11-10,Delivered,"San Diego, CA"
ORD103955,DHL,UP4806868622,2025-09-07,2025-09-10,Delivered,"Chicago, IL"
ORD103956,FedEx,FE2571731627,2026-04-13,2026-04-15,Delivered,"Portland, OR"
ORD103957,UPS,DH7337789522,2025-11-05,2025-11-09,Delivered,"Portland, OR"
ORD103958,DHL,US3042764459,2025-11-05,2025-11-12,Delivered,"Atlanta, GA"
ORD103959,DHL,US6461856322,2025-08-21,2025-08-30,Delivered,"Denver, CO"
ORD103960,USPS,US9493793715,2025-11-05,2025-11-09,Delivered,"Columbus, OH"
ORD103961,UPS,US1605663959,2025-08-27,2025-08-29,Delivered,"Boston, MA"
ORD103962,FedEx,DH3463826519,2026-04-01,2026-04-06,Delivered,"Columbus, OH"
ORD103963,UPS,US7018759301,2026-01-02,2026-01-04,Delivered,"Nashville, TN"
ORD103964,FedEx,FE2702179171,2026-03-05,2026-03-10,Delivered,"Miami, FL"
ORD103965,FedEx,DH6360831266,2026-07-16,2026-07-20,Delivered,"Boston, MA"
ORD103966,USPS,UP8819178082,2026-02-15,2026-02-18,Returned to Sender,"Portland, OR"
ORD103967,FedEx,US1402092272,2025-09-05,2025-09-12,Delivered,"Portland, OR"
ORD103968,UPS,UP3552086320,2025-08-13,2025-08-17,Delivered,"Raleigh, NC"
ORD103970,UPS,UP8131820147,2025-12-09,2025-12-15,Delivered,"Chicago, IL"
ORD103971,UPS,UP9172496004,2026-06-20,2026-06-29,Delivered,"Seattle, WA"
ORD103972,DHL,FE3887336433,2025-10-15,2025-10-19,Delivered,"Raleigh, NC"
ORD103973,USPS,FE8816311148,2026-07-05,2026-07-10,Delivered,"Atlanta, GA"
ORD103974,USPS,DH2591294292,2026-04-18,2026-04-26,Delivered,"Chicago, IL"
ORD103975,FedEx,UP3624253543,2026-04-18,2026-04-20,Delivered,"Nashville, TN"
ORD103976,USPS,US6250576500,2026-05-01,2026-05-07,Returned to Sender,"Atlanta, GA"
ORD103977,DHL,US8257023134,2025-11-06,2025-11-11,Returned to Sender,"Chicago, IL"
ORD103978,DHL,US1925925044,2025-11-20,2025-11-23,Delivered,"Denver, CO"
ORD103979,DHL,FE3056527212,2026-03-04,2026-03-06,Delivered,"Phoenix, AZ"
ORD103980,FedEx,FE6178929202,2025-09-15,2025-09-22,Delivered,"Phoenix, AZ"
ORD103981,UPS,FE1550079742,2025-09-27,2025-10-02,Delivered,"Nashville, TN"
ORD103982,UPS,FE8516407162,2025-11-26,2025-12-04,In Transit,"Boston, MA"
ORD103983,FedEx,UP8564406639,2026-02-28,2026-03-08,In Transit,"Miami, FL"
ORD103984,DHL,US1817702294,2025-09-13,2025-09-17,Delivered,"Salt Lake City, UT"
ORD103985,FedEx,UP4246410322,2026-06-08,2026-06-12,Delivered,"Austin, TX"
ORD103986,FedEx,DH6927755019,2025-11-10,2025-11-13,Out for Delivery,"Nashville, TN"
ORD103987,USPS,UP5944962594,2025-09-07,2025-09-15,Delayed - carrier exception,"Minneapolis, MN"
ORD103988,FedEx,US3835098731,2026-04-26,2026-05-04,Delivered,"Austin, TX"
ORD103993,USPS,FE7505769938,2026-07-30,2026-08-01,Delayed - carrier exception,"Denver, CO"
ORD103994,DHL,UP1142406060,2025-08-14,2025-08-22,In Transit,"Nashville, TN"
ORD103995,UPS,UP3030844699,2026-01-19,2026-01-26,Delivered,"San Diego, CA"
ORD103996,UPS,DH2599604429,2026-04-03,2026-04-08,Returned to Sender,"Nashville, TN"
ORD103998,FedEx,DH6154393681,2025-09-08,2025-09-16,Delivered,"Chicago, IL"
ORD103999,FedEx,DH4540446299,2026-07-03,2026-07-08,Delivered,"Columbus, OH"
ORD104000,UPS,UP9548339618,2026-04-21,2026-04-25,In Transit,"Seattle, WA"
ORD104001,USPS,FE1071552986,2025-11-17,2025-11-21,Delivered,"Boston, MA"
ORD104002,DHL,FE2734465520,2025-10-12,2025-10-21,Delivered,"Portland, OR"
ORD104003,FedEx,UP4028150468,2026-01-31,2026-02-05,Delivered,"San Diego, CA"
ORD104005,DHL,FE5927907229,2026-07-07,2026-07-15,In Transit,"Raleigh, NC"
ORD104007,UPS,DH6572376988,2026-01-01,2026-01-05,In Transit,"Miami, FL"
ORD104008,FedEx,FE6117762520,2025-12-22,2025-12-26,Delivered,"Austin, TX"
ORD104009,FedEx,US2574901300,2025-12-04,2025-12-10,Delivered,"Seattle, WA"
ORD104010,DHL,DH4652440765,2025-10-20,2025-10-28,Returned to Sender,"Minneapolis, MN"
ORD104011,FedEx,FE1837924588,2025-08-26,2025-08-28,Delivered,"San Diego, CA"
ORD104012,UPS,DH1530140828,2026-01-05,2026-01-13,Delivered,"Nashville, TN"
ORD104014,FedEx,DH2494910601,2026-02-11,2026-02-19,In Transit,"Phoenix, AZ"
ORD104015,USPS,UP7227064679,2026-01-10,2026-01-16,Delivered,"Denver, CO"
ORD104016,UPS,US7981448447,2026-04-09,2026-04-17,Delivered,"Raleigh, NC"
ORD104017,UPS,DH2687116294,2025-11-14,2025-11-19,Delivered,"Raleigh, NC"
ORD104018,DHL,DH1186191881,2026-02-28,2026-03-05,Delivered,"Salt Lake City, UT"
ORD104019,FedEx,US4257622547,2026-06-09,2026-06-17,Delivered,"Austin, TX"
ORD104020,DHL,FE1187463568,2026-05-25,2026-05-28,Delivered,"Raleigh, NC"
ORD104021,USPS,FE4643529664,2026-06-09,2026-06-18,Returned to Sender,"Salt Lake City, UT"
ORD104022,DHL,FE9206621007,2025-08-19,2025-08-22,Delivered,"San Diego, CA"
ORD104023,DHL,US6486224088,2025-12-03,2025-12-08,Delivered,"Seattle, WA"
ORD104024,DHL,FE5764457008,2025-09-18,2025-09-22,Delivered,"Raleigh, NC"
ORD104025,FedEx,FE5892705639,2026-07-01,2026-07-03,Delivered,"Boston, MA"
ORD104026,USPS,DH7054791641,2026-02-19,2026-02-28,Returned to Sender,"Denver, CO"
ORD104027,DHL,DH8066029661,2026-01-17,2026-01-26,Delivered,"Columbus, OH"
ORD104028,UPS,US7794716358,2026-07-20,2026-07-28,Delivered,"Boston, MA"
ORD104031,FedEx,US2615614147,2026-02-12,2026-02-18,Delivered,"Salt Lake City, UT"
ORD104032,UPS,FE2251273196,2025-08-19,2025-08-23,Delivered,"Denver, CO"
ORD104035,UPS,FE5087070215,2025-10-04,2025-10-08,Returned to Sender,"Salt Lake City, UT"
ORD104036,FedEx,US5261489099,2025-11-25,2025-12-04,Delivered,"Raleigh, NC"
ORD104037,FedEx,UP3421036681,2026-07-29,2026-08-04,Delivered,"Phoenix, AZ"
ORD104038,USPS,UP2897698582,2026-04-25,2026-05-03,Delivered,"Nashville, TN"
ORD104039,UPS,UP2166798056,2026-05-26,2026-06-03,In Transit,"Raleigh, NC"
ORD104040,DHL,US5432399025,2025-10-29,2025-11-01,Delivered,"Nashville, TN"
ORD104041,FedEx,FE4427577717,2026-04-14,2026-04-20,Delivered,"Salt Lake City, UT"
ORD104042,USPS,US4769379118,2026-04-10,2026-04-17,Delivered,"Chicago, IL"
ORD104043,UPS,FE7472713925,2026-06-17,2026-06-23,Delivered,"Minneapolis, MN"
ORD104044,USPS,DH7305726313,2025-12-03,2025-12-07,Out for Delivery,"Seattle, WA"
ORD104045,UPS,FE8720241440,2026-02-26,2026-02-28,Delivered,"Nashville, TN"
ORD104046,DHL,UP3435249707,2026-07-23,2026-07-30,Out for Delivery,"Phoenix, AZ"
ORD104047,DHL,UP8717941278,2026-07-01,2026-07-06,Delivered,"Raleigh, NC"
ORD104048,FedEx,US9909007371,2026-05-28,2026-06-01,In Transit,"Minneapolis, MN"
ORD104049,UPS,FE1416308165,2026-06-07,2026-06-15,In Transit,"Denver, CO"
ORD104050,USPS,US3492638904,2026-04-23,2026-04-27,Delivered,"Austin, TX"
ORD104051,DHL,FE7957331735,2026-02-02,2026-02-08,Delivered,"Nashville, TN"
ORD104052,FedEx,FE2422586286,2025-11-07,2025-11-16,Delivered,"Salt Lake City, UT"
ORD104054,USPS,US7220058451,2026-03-07,2026-03-15,Delivered,"Atlanta, GA"
ORD104055,FedEx,US5134081764,2025-09-01,2025-09-08,Delivered,"Portland, OR"
ORD104056,DHL,US1041760180,2026-01-27,2026-02-02,Delivered,"Atlanta, GA"
ORD104058,UPS,UP1313553339,2026-01-31,2026-02-06,Delivered,"Austin, TX"
ORD104059,UPS,UP7749900948,2026-05-24,2026-05-27,Returned to Sender,"Austin, TX"
ORD104060,FedEx,UP1870262312,2025-10-06,2025-10-12,Delivered,"Columbus, OH"
ORD104061,DHL,UP8708092654,2025-09-19,2025-09-22,Delivered,"Denver, CO"
ORD104062,UPS,FE2983451339,2026-03-21,2026-03-29,Returned to Sender,"Portland, OR"
ORD104064,DHL,DH9506268269,2026-04-20,2026-04-27,Delivered,"Raleigh, NC"
ORD104066,FedEx,UP3303931999,2025-11-01,2025-11-07,Delivered,"Chicago, IL"
ORD104067,FedEx,US9507402260,2026-02-15,2026-02-19,Delivered,"Columbus, OH"
ORD104068,FedEx,DH7893078296,2025-12-28,2025-12-30,Delivered,"Minneapolis, MN"
ORD104069,UPS,DH5355406426,2026-04-06,2026-04-13,Delivered,"San Diego, CA"
ORD104070,UPS,UP6128034999,2026-03-06,2026-03-11,Delivered,"Minneapolis, MN"
ORD104071,FedEx,DH7100898359,2025-09-17,2025-09-20,Returned to Sender,"Chicago, IL"
ORD104072,FedEx,DH6038721995,2026-06-04,2026-06-13,In Transit,"Miami, FL"
ORD104073,FedEx,DH4477287033,2025-12-17,2025-12-26,Delivered,"Austin, TX"
ORD104075,USPS,UP7147503565,2026-06-08,2026-06-12,Delivered,"Miami, FL"
ORD104076,DHL,FE8803237251,2025-09-16,2025-09-20,Delivered,"Austin, TX"
ORD104077,USPS,UP9399427907,2025-08-07,2025-08-16,Out for Delivery,"Denver, CO"
ORD104078,UPS,DH7448826283,2025-10-15,2025-10-24,Out for Delivery,"Salt Lake City, UT"
ORD104080,DHL,DH4441804625,2025-09-03,2025-09-08,Out for Delivery,"Portland, OR"
ORD104081,UPS,DH8189425483,2026-01-04,2026-01-11,Delivered,"Raleigh, NC"
ORD104083,FedEx,UP9931910422,2026-04-04,2026-04-12,Delivered,"Atlanta, GA"
ORD104084,DHL,FE1223789819,2026-02-19,2026-02-26,Delivered,"Nashville, TN"
ORD104085,USPS,FE5128154629,2026-04-25,2026-05-02,Delivered,"Nashville, TN"
ORD104086,UPS,UP8387237923,2025-11-20,2025-11-26,Delivered,"Chicago, IL"
ORD104087,USPS,US8373787312,2026-04-05,2026-04-10,Delivered,"Portland, OR"
ORD104089,DHL,DH7916793182,2025-08-22,2025-08-29,Delivered,"Miami, FL"
ORD104091,UPS,FE4426340379,2025-08-09,2025-08-14,Delivered,"Nashville, TN"
ORD104093,DHL,UP2298513130,2026-08-01,2026-08-05,Delivered,"Boston, MA"
ORD104094,DHL,FE6578347436,2026-03-26,2026-04-02,In Transit,"San Diego, CA"
ORD104095,UPS,UP7328277012,2025-09-29,2025-10-05,Delivered,"Denver, CO"
ORD104096,FedEx,US9747783350,2025-12-07,2025-12-10,In Transit,"Chicago, IL"
ORD104097,USPS,UP3005271885,2026-02-25,2026-03-06,Delivered,"Denver, CO"
ORD104099,UPS,FE9130831427,2026-01-19,2026-01-27,Delivered,"San Diego, CA"
ORD104100,UPS,FE5680941946,2025-08-24,2025-08-27,Delivered,"Raleigh, NC"
ORD104101,FedEx,US9235154091,2026-02-10,2026-02-16,Out for Delivery,"Denver, CO"
ORD104102,USPS,US5965949860,2026-05-01,2026-05-03,In Transit,"San Diego, CA"
ORD104103,UPS,UP5628634443,2025-09-24,2025-09-27,Delivered,"Seattle, WA"
ORD104104,UPS,DH3100344092,2026-02-24,2026-03-05,Delivered,"Phoenix, AZ"
ORD104106,UPS,US8032869390,2026-06-15,2026-06-19,Delivered,"Columbus, OH"
ORD104108,FedEx,DH8233824123,2026-06-18,2026-06-26,Returned to Sender,"Austin, TX"
ORD104109,DHL,US9133884572,2026-02-01,2026-02-07,Delivered,"Portland, OR"
ORD104110,USPS,FE6833695932,2025-12-24,2025-12-26,Delivered,"Columbus, OH"
ORD104112,UPS,US7057133119,2025-11-27,2025-12-02,In Transit,"Austin, TX"
ORD104114,UPS,UP6749856595,2025-08-30,2025-09-07,Delivered,"Portland, OR"
ORD104115,FedEx,FE1227000094,2026-06-21,2026-06-24,Delivered,"Portland, OR"
ORD104116,FedEx,DH6188860651,2026-04-10,2026-04-19,Delivered,"Phoenix, AZ"
ORD104117,FedEx,FE8762809504,2025-11-16,2025-11-21,Delivered,"Atlanta, GA"
ORD104118,FedEx,US2266826065,2025-12-15,2025-12-20,Returned to Sender,"Nashville, TN"
ORD104119,UPS,US4620458117,2026-05-20,2026-05-24,In Transit,"Portland, OR"
ORD104120,FedEx,US6119654200,2025-08-18,2025-08-27,Delivered,"Portland, OR"
ORD104121,DHL,UP2803147495,2025-09-28,2025-10-02,Delivered,"Nashville, TN"
ORD104122,DHL,DH6130303307,2025-08-20,2025-08-25,Delivered,"Raleigh, NC"
ORD104123,DHL,DH9744772786,2025-10-12,2025-10-19,Delivered,"Chicago, IL"
ORD104125,USPS,US1243557326,2025-09-25,2025-09-28,Delivered,"Atlanta, GA"
ORD104126,UPS,UP3144781268,2025-12-18,2025-12-25,Delivered,"Columbus, OH"
ORD104127,DHL,UP5224817601,2026-06-19,2026-06-27,Delivered,"Seattle, WA"
ORD104130,USPS,DH6510562182,2026-03-19,2026-03-22,Delivered,"Miami, FL"
ORD104131,DHL,US1797881019,2025-08-30,2025-09-03,Returned to Sender,"Seattle, WA"
ORD104132,USPS,US4859827867,2025-12-31,2026-01-09,In Transit,"Boston, MA"
ORD104133,USPS,UP8558278442,2025-11-10,2025-11-18,In Transit,"Atlanta, GA"
ORD104134,USPS,US4922899569,2025-12-26,2026-01-02,Delivered,"Salt Lake City, UT"
ORD104138,UPS,UP5224671447,2025-10-10,2025-10-12,Delivered,"Seattle, WA"
ORD104139,FedEx,US2252910429,2025-10-13,2025-10-22,Delivered,"Denver, CO"
ORD104140,UPS,UP2623593872,2026-05-11,2026-05-18,In Transit,"Nashville, TN"
ORD104141,USPS,UP5359887349,2025-12-03,2025-12-09,In Transit,"Boston, MA"
ORD104142,UPS,FE9026519731,2026-04-27,2026-04-30,Delivered,"Boston, MA"
ORD104143,UPS,DH4808776399,2026-03-02,2026-03-10,Delivered,"Boston, MA"
ORD104144,USPS,UP1559774523,2026-04-07,2026-04-09,Delivered,"Portland, OR"
ORD104145,DHL,UP2173003508,2026-01-08,2026-01-17,Delivered,"Miami, FL"
ORD104146,DHL,UP8803687947,2026-05-05,2026-05-10,Delivered,"Nashville, TN"
ORD104147,FedEx,FE1800157735,2026-05-12,2026-05-19,In Transit,"Nashville, TN"
ORD104148,FedEx,UP2314595876,2026-04-28,2026-05-07,In Transit,"Salt Lake City, UT"
ORD104149,USPS,US7726785711,2025-10-12,2025-10-21,Delivered,"Portland, OR"
ORD104150,UPS,UP5379632222,2025-11-26,2025-11-28,In Transit,"Columbus, OH"
ORD104151,FedEx,UP9343227772,2025-12-29,2026-01-03,Returned to Sender,"Columbus, OH"
ORD104152,UPS,DH9027831306,2026-01-13,2026-01-22,Delivered,"Salt Lake City, UT"
ORD104155,DHL,US5322527660,2025-11-24,2025-11-27,Delivered,"Salt Lake City, UT"
ORD104156,USPS,FE1998272753,2026-07-20,2026-07-28,In Transit,"Raleigh, NC"
ORD104157,DHL,UP6916288611,2025-12-20,2025-12-26,Returned to Sender,"Boston, MA"
ORD104158,DHL,US3185477114,2025-09-02,2025-09-05,Delayed - carrier exception,"Portland, OR"
ORD104159,FedEx,US1549127422,2025-09-02,2025-09-08,Delivered,"Raleigh, NC"
ORD104160,USPS,DH4728066704,2026-04-30,2026-05-04,Delivered,"Salt Lake City, UT"
ORD104161,UPS,FE3726504840,2026-07-06,2026-07-13,Delivered,"Phoenix, AZ"
ORD104162,UPS,FE1883813096,2025-10-25,2025-10-29,Delivered,"Boston, MA"
ORD104164,UPS,UP4548662680,2025-09-22,2025-09-25,In Transit,"Nashville, TN"
ORD104165,FedEx,UP4122051448,2025-11-09,2025-11-12,Delivered,"Atlanta, GA"
ORD104166,UPS,UP1567253773,2026-04-19,2026-04-22,Delivered,"Seattle, WA"
ORD104167,DHL,FE9271098476,2025-12-11,2025-12-20,Out for Delivery,"Raleigh, NC"
ORD104168,FedEx,DH2344568882,2025-12-20,2025-12-26,Delivered,"Salt Lake City, UT"
ORD104169,DHL,US6676285596,2025-12-24,2025-12-27,Out for Delivery,"Austin, TX"
ORD104171,DHL,FE3682682842,2025-12-08,2025-12-15,Returned to Sender,"Chicago, IL"
ORD104173,USPS,FE3131378858,2025-12-02,2025-12-08,In Transit,"Seattle, WA"
ORD104174,USPS,UP3029504916,2026-07-29,2026-08-05,Out for Delivery,"Salt Lake City, UT"
ORD104175,UPS,FE3837164261,2025-09-21,2025-09-24,Returned to Sender,"San Diego, CA"
ORD104177,UPS,FE8899037201,2026-03-29,2026-04-03,Delivered,"Atlanta, GA"
ORD104178,DHL,DH5755434136,2026-02-02,2026-02-11,In Transit,"Denver, CO"
ORD104179,FedEx,FE7927691408,2026-04-25,2026-05-03,Delivered,"Chicago, IL"
ORD104180,FedEx,US3200768794,2025-11-08,2025-11-16,Delivered,"Seattle, WA"
ORD104181,UPS,UP3049737722,2026-01-24,2026-02-02,In Transit,"Chicago, IL"
ORD104182,DHL,UP2075382280,2026-01-21,2026-01-29,In Transit,"Columbus, OH"
ORD104185,UPS,UP7993146986,2026-07-18,2026-07-24,Delivered,"Salt Lake City, UT"
ORD104186,UPS,DH3559100256,2026-02-06,2026-02-13,Delivered,"San Diego, CA"
ORD104187,DHL,DH3989506590,2025-12-19,2025-12-28,Delivered,"Portland, OR"
ORD104190,FedEx,DH7316092187,2025-10-31,2025-11-09,Delivered,"Salt Lake City, UT"
ORD104191,USPS,US8011110643,2025-09-02,2025-09-10,Delivered,"Raleigh, NC"
ORD104193,FedEx,DH4082565101,2026-01-26,2026-02-04,In Transit,"Nashville, TN"
ORD104194,FedEx,FE8489977737,2026-06-30,2026-07-04,In Transit,"Miami, FL"
ORD104195,UPS,US8598681388,2025-11-13,2025-11-18,In Transit,"Miami, FL"
ORD104196,FedEx,US4764095423,2026-01-18,2026-01-27,Delivered,"Minneapolis, MN"
ORD104197,USPS,FE7938039949,2025-09-27,2025-10-04,Delivered,"Denver, CO"
ORD104198,UPS,UP5152827684,2025-12-06,2025-12-11,Returned to Sender,"Nashville, TN"
ORD104200,FedEx,US2435741336,2026-05-10,2026-05-13,In Transit,"Atlanta, GA"
ORD104201,FedEx,DH6324312783,2026-04-07,2026-04-12,Delayed - carrier exception,"Austin, TX"
ORD104202,UPS,US6455074799,2025-12-22,2025-12-25,Returned to Sender,"Columbus, OH"
ORD104203,UPS,FE7243547958,2026-06-22,2026-06-24,Delivered,"Denver, CO"
ORD104204,DHL,UP1428180830,2026-05-30,2026-06-06,In Transit,"Portland, OR"
ORD104205,DHL,US3421739187,2025-10-27,2025-11-03,Returned to Sender,"Phoenix, AZ"
ORD104206,DHL,DH4715904639,2025-10-09,2025-10-12,In Transit,"Miami, FL"
ORD104207,USPS,US4415910219,2026-06-11,2026-06-19,Delivered,"Miami, FL"
ORD104208,UPS,FE5510560936,2026-04-19,2026-04-23,Delivered,"Salt Lake City, UT"
ORD104209,DHL,UP6962229280,2025-11-28,2025-11-30,Delivered,"Nashville, TN"
ORD104210,UPS,DH5717707135,2025-12-06,2025-12-08,In Transit,"Raleigh, NC"
ORD104212,FedEx,DH3177125073,2026-03-04,2026-03-09,Delivered,"Phoenix, AZ"
ORD104213,USPS,UP6747066173,2025-10-19,2025-10-24,Delivered,"Phoenix, AZ"
ORD104214,USPS,UP2464375176,2025-09-16,2025-09-25,Delivered,"Columbus, OH"
ORD104215,USPS,UP1041675032,2026-06-15,2026-06-17,Delivered,"Boston, MA"
ORD104217,UPS,US2358097066,2025-08-26,2025-08-28,Delivered,"Atlanta, GA"
ORD104218,FedEx,FE7562222045,2026-02-22,2026-02-26,Delivered,"San Diego, CA"
ORD104219,DHL,US1943647270,2026-07-15,2026-07-21,Delivered,"Raleigh, NC"
ORD104220,USPS,DH2818572538,2025-09-30,2025-10-05,Delivered,"Raleigh, NC"
ORD104221,USPS,FE7409743244,2026-06-01,2026-06-06,Delivered,"Seattle, WA"
ORD104222,DHL,US1139071960,2026-06-16,2026-06-23,Delivered,"Atlanta, GA"
ORD104223,FedEx,FE1754159037,2026-06-19,2026-06-27,Delivered,"Miami, FL"
ORD104224,FedEx,US4795674118,2025-08-11,2025-08-17,Returned to Sender,"Salt Lake City, UT"
ORD104225,USPS,UP2751173092,2025-10-24,2025-10-26,Delivered,"Miami, FL"
ORD104226,UPS,FE2680370707,2026-03-03,2026-03-08,Delivered,"Seattle, WA"
ORD104227,UPS,UP7217809281,2025-11-10,2025-11-16,Delivered,"Salt Lake City, UT"
ORD104229,FedEx,UP5170907351,2025-11-05,2025-11-09,Delivered,"San Diego, CA"
ORD104230,DHL,FE3912445641,2025-10-14,2025-10-18,Out for Delivery,"Miami, FL"
ORD104231,FedEx,DH8264034045,2025-08-15,2025-08-21,Delivered,"Denver, CO"
ORD104232,UPS,DH8435316370,2026-03-26,2026-04-04,In Transit,"Portland, OR"
ORD104233,USPS,UP5680521392,2026-05-08,2026-05-10,Delayed - carrier exception,"Nashville, TN"
ORD104234,FedEx,FE9200758764,2025-11-05,2025-11-08,In Transit,"Miami, FL"
ORD104235,FedEx,FE1861138302,2026-07-25,2026-07-27,In Transit,"Atlanta, GA"
ORD104236,FedEx,UP3553757833,2026-05-14,2026-05-23,Delivered,"Portland, OR"
ORD104237,FedEx,DH7860095258,2026-07-10,2026-07-17,In Transit,"Portland, OR"
ORD104238,USPS,FE6409187502,2025-11-23,2025-11-30,Delivered,"Phoenix, AZ"
ORD104239,UPS,UP2589291624,2025-08-11,2025-08-20,Delivered,"Columbus, OH"
ORD104240,FedEx,DH6010541138,2025-12-06,2025-12-10,Out for Delivery,"Salt Lake City, UT"
ORD104241,DHL,UP7790300369,2025-10-01,2025-10-08,Delivered,"Salt Lake City, UT"
ORD104242,UPS,US5907215430,2026-04-10,2026-04-12,Delivered,"Columbus, OH"
ORD104243,FedEx,US9573814270,2025-10-19,2025-10-25,Delivered,"Denver, CO"
ORD104244,USPS,DH3110492421,2026-04-28,2026-05-06,In Transit,"Portland, OR"
ORD104245,USPS,FE6033592457,2026-07-18,2026-07-26,Delivered,"Phoenix, AZ"
ORD104246,DHL,DH7249800848,2025-10-07,2025-10-11,Out for Delivery,"Austin, TX"
ORD104247,UPS,UP6947658155,2025-11-15,2025-11-23,Delivered,"San Diego, CA"
ORD104248,USPS,FE4464003823,2026-05-09,2026-05-17,Returned to Sender,"Portland, OR"
ORD104249,UPS,UP3384307442,2026-06-26,2026-07-04,Delivered,"Phoenix, AZ"
ORD104251,DHL,DH5094540807,2026-06-09,2026-06-11,Delivered,"Seattle, WA"
ORD104252,USPS,FE1758621486,2025-11-12,2025-11-19,Delivered,"Denver, CO"
ORD104253,UPS,DH9487209808,2025-09-08,2025-09-15,Delivered,"Seattle, WA"
ORD104254,FedEx,FE5561807114,2026-01-18,2026-01-24,Returned to Sender,"Austin, TX"
ORD104256,UPS,FE6590467481,2025-09-20,2025-09-29,Delivered,"Chicago, IL"
ORD104257,DHL,US5635042517,2025-09-13,2025-09-18,Delivered,"Columbus, OH"
ORD104259,USPS,FE1663495368,2025-10-28,2025-11-04,In Transit,"Seattle, WA"
ORD104260,FedEx,UP3228312580,2026-03-22,2026-03-31,Delivered,"Austin, TX"
ORD104261,FedEx,FE3275890619,2025-08-17,2025-08-20,Delivered,"Austin, TX"
ORD104262,FedEx,DH2239082843,2025-11-07,2025-11-14,Returned to Sender,"Boston, MA"
ORD104263,UPS,UP4143070103,2025-10-12,2025-10-19,Delivered,"Portland, OR"
ORD104265,DHL,DH2008241843,2025-11-28,2025-12-05,Out for Delivery,"Denver, CO"
ORD104267,FedEx,US9546211412,2026-03-30,2026-04-06,Delivered,"Boston, MA"
ORD104268,FedEx,US2307438664,2025-09-30,2025-10-03,Delivered,"Raleigh, NC"
ORD104269,FedEx,UP2487850608,2025-10-15,2025-10-24,Delayed - carrier exception,"Minneapolis, MN"
ORD104270,DHL,UP3657382737,2026-03-18,2026-03-27,Delivered,"Austin, TX"
ORD104271,USPS,DH4019412177,2026-07-02,2026-07-04,Returned to Sender,"Columbus, OH"
ORD104272,UPS,DH8284361406,2026-06-09,2026-06-18,Delivered,"San Diego, CA"
ORD104273,UPS,DH1726472332,2025-08-24,2025-08-28,Delivered,"Austin, TX"
ORD104274,DHL,UP4530783448,2025-09-05,2025-09-09,In Transit,"Raleigh, NC"
ORD104275,DHL,UP2107146656,2026-05-02,2026-05-06,Delivered,"Boston, MA"
ORD104276,UPS,FE1039925083,2026-03-07,2026-03-10,Delivered,"Seattle, WA"
ORD104277,UPS,DH1483409971,2025-08-29,2025-09-03,Delivered,"San Diego, CA"
ORD104278,FedEx,US1677604660,2025-11-12,2025-11-21,Delivered,"Phoenix, AZ"
ORD104279,UPS,DH5128130179,2026-05-14,2026-05-18,Delivered,"Seattle, WA"
ORD104280,FedEx,US1974315627,2025-12-01,2025-12-03,Delivered,"San Diego, CA"
ORD104282,DHL,US1267834505,2026-06-12,2026-06-17,Delivered,"Raleigh, NC"
ORD104283,FedEx,DH5413230271,2025-08-30,2025-09-07,Delivered,"Miami, FL"
ORD104284,USPS,FE9510537677,2025-10-14,2025-10-18,Delivered,"Chicago, IL"
ORD104286,UPS,FE5274061729,2026-02-17,2026-02-23,Returned to Sender,"Raleigh, NC"
ORD104287,USPS,UP2294593921,2026-06-12,2026-06-21,In Transit,"Columbus, OH"
ORD104288,UPS,DH7229658178,2025-08-14,2025-08-21,Delivered,"Minneapolis, MN"
ORD104289,FedEx,FE9127154608,2025-10-29,2025-11-06,Out for Delivery,"Denver, CO"
ORD104291,UPS,FE9049012072,2026-05-13,2026-05-22,Delivered,"Phoenix, AZ"
ORD104292,USPS,FE6623654882,2026-02-06,2026-02-10,Delivered,"Raleigh, NC"
ORD104293,UPS,UP9165034600,2026-05-21,2026-05-29,Delivered,"Austin, TX"
ORD104294,UPS,FE3273350122,2026-04-06,2026-04-13,Delivered,"Seattle, WA"
ORD104295,FedEx,US9784846313,2026-01-06,2026-01-10,Delivered,"Minneapolis, MN"
ORD104296,USPS,FE8534815269,2026-01-10,2026-01-19,Out for Delivery,"Salt Lake City, UT"
ORD104297,UPS,DH7476833687,2025-12-07,2025-12-10,Delivered,"Boston, MA"
ORD104300,USPS,FE4229810052,2026-07-15,2026-07-18,Delivered,"Atlanta, GA"
ORD104301,FedEx,US1465710204,2025-11-25,2025-12-01,Out for Delivery,"Nashville, TN"
ORD104302,USPS,FE7119594995,2025-10-04,2025-10-12,In Transit,"Salt Lake City, UT"
ORD104303,UPS,US4407120274,2025-08-26,2025-08-30,Delivered,"Portland, OR"
ORD104306,USPS,US5179725721,2026-05-10,2026-05-15,Delivered,"Chicago, IL"
ORD104307,UPS,UP8725424212,2026-04-15,2026-04-22,Delivered,"Boston, MA"
ORD104308,USPS,US2796475105,2026-03-29,2026-04-03,Delivered,"Denver, CO"
ORD104309,UPS,DH5875487847,2026-03-05,2026-03-11,Delayed - carrier exception,"Portland, OR"
ORD104312,DHL,DH9912995732,2026-06-11,2026-06-18,Returned to Sender,"Raleigh, NC"
ORD104313,USPS,FE2209022473,2025-12-17,2025-12-26,Delivered,"Portland, OR"
ORD104314,UPS,UP7281637526,2026-02-11,2026-02-15,Delayed - carrier exception,"Columbus, OH"
ORD104315,UPS,UP8118467388,2025-11-06,2025-11-13,Delivered,"Nashville, TN"
ORD104316,UPS,UP4415432601,2026-06-14,2026-06-20,In Transit,"Phoenix, AZ"
ORD104317,FedEx,UP1555016050,2026-01-29,2026-02-07,Delivered,"Chicago, IL"
ORD104318,UPS,DH3835757057,2026-06-28,2026-07-06,Delivered,"Seattle, WA"
ORD104319,DHL,UP9567356666,2026-05-10,2026-05-18,Delivered,"Minneapolis, MN"
ORD104320,FedEx,US1927349262,2025-12-09,2025-12-13,Returned to Sender,"Salt Lake City, UT"
ORD104321,DHL,UP2159627722,2025-10-09,2025-10-14,In Transit,"Portland, OR"
ORD104322,USPS,UP5756617153,2025-09-11,2025-09-13,Delayed - carrier exception,"Nashville, TN"
ORD104324,UPS,UP9870103084,2025-12-17,2025-12-25,In Transit,"Nashville, TN"
ORD104325,USPS,DH7259781546,2025-08-18,2025-08-23,Delivered,"Chicago, IL"
ORD104326,FedEx,DH1405232689,2025-11-17,2025-11-24,Delivered,"Atlanta, GA"
ORD104329,DHL,FE9564154385,2026-02-11,2026-02-15,Out for Delivery,"Seattle, WA"
ORD104330,FedEx,DH8863128081,2026-03-29,2026-04-05,Delivered,"Salt Lake City, UT"
ORD104333,FedEx,US4134196946,2025-12-10,2025-12-19,Returned to Sender,"Chicago, IL"
ORD104334,UPS,UP5690745427,2025-12-09,2025-12-13,Delivered,"Austin, TX"
ORD104335,UPS,FE5092208762,2025-10-24,2025-10-28,In Transit,"Atlanta, GA"
ORD104337,USPS,US2797372407,2026-03-31,2026-04-07,Delivered,"Miami, FL"
ORD104338,FedEx,US1677102768,2026-01-25,2026-02-01,Delivered,"Boston, MA"
ORD104339,DHL,DH6587092351,2025-11-03,2025-11-09,In Transit,"San Diego, CA"
ORD104340,DHL,DH1055313588,2026-03-14,2026-03-22,Delivered,"San Diego, CA"
ORD104341,DHL,FE1375697050,2026-08-01,2026-08-06,In Transit,"Phoenix, AZ"
ORD104343,USPS,UP2959702178,2026-02-11,2026-02-14,Delivered,"Minneapolis, MN"
ORD104344,FedEx,DH7777202982,2026-01-09,2026-01-18,Delivered,"Phoenix, AZ"
ORD104345,USPS,FE5207294243,2025-10-14,2025-10-23,In Transit,"Portland, OR"
ORD104346,UPS,UP2877143312,2025-09-03,2025-09-11,Returned to Sender,"Salt Lake City, UT"
ORD104347,FedEx,US8968694724,2025-09-17,2025-09-23,In Transit,"Raleigh, NC"
ORD104348,FedEx,DH3078267670,2026-07-11,2026-07-17,Delivered,"Boston, MA"
ORD104350,FedEx,UP7900944871,2026-07-10,2026-07-14,Delivered,"Miami, FL"
ORD104351,UPS,DH6958524697,2025-08-04,2025-08-12,Delivered,"Portland, OR"
ORD104352,USPS,FE2275232000,2026-03-08,2026-03-12,Returned to Sender,"Portland, OR"
ORD104353,DHL,FE2505175632,2026-06-11,2026-06-17,Delayed - carrier exception,"Boston, MA"
ORD104354,FedEx,UP2617492974,2026-05-05,2026-05-09,Delivered,"Atlanta, GA"
ORD104355,USPS,FE3302647637,2026-03-19,2026-03-24,In Transit,"Columbus, OH"
ORD104357,UPS,US8099939232,2026-05-31,2026-06-02,Delivered,"Denver, CO"
ORD104358,UPS,US2991967919,2026-01-10,2026-01-13,Delivered,"Columbus, OH"
ORD104360,UPS,US6646397167,2026-07-16,2026-07-22,Returned to Sender,"Phoenix, AZ"
ORD104362,DHL,UP7874134875,2026-03-17,2026-03-21,Delivered,"Chicago, IL"
ORD104363,DHL,US1406484087,2026-01-12,2026-01-19,Delivered,"Phoenix, AZ"
ORD104364,FedEx,DH5422689259,2025-08-16,2025-08-18,In Transit,"Raleigh, NC"
ORD104365,USPS,UP3319025760,2026-04-04,2026-04-06,Delivered,"Miami, FL"
ORD104367,DHL,UP3876891506,2025-09-29,2025-10-02,Delivered,"Minneapolis, MN"
ORD104368,UPS,US3860217343,2026-06-10,2026-06-13,Delivered,"Phoenix, AZ"
ORD104371,UPS,US3616310371,2025-11-04,2025-11-09,Delivered,"Raleigh, NC"
ORD104373,USPS,DH6427313637,2026-06-22,2026-06-24,Delivered,"Salt Lake City, UT"
ORD104374,FedEx,DH6930721496,2025-11-27,2025-12-06,Delivered,"Salt Lake City, UT"
ORD104375,FedEx,UP9518388531,2025-11-13,2025-11-16,Delivered,"Miami, FL"
ORD104376,USPS,FE5778817746,2026-02-16,2026-02-21,Delivered,"Chicago, IL"
ORD104377,UPS,FE6347291265,2026-07-05,2026-07-09,In Transit,"Phoenix, AZ"
ORD104378,DHL,UP2992811377,2026-03-10,2026-03-14,Delivered,"Salt Lake City, UT"
ORD104379,UPS,US5225503606,2026-01-01,2026-01-05,Delayed - carrier exception,"Columbus, OH"
ORD104380,DHL,US3831805767,2026-05-23,2026-05-30,Delayed - carrier exception,"Raleigh, NC"
ORD104381,UPS,UP1460974837,2025-09-01,2025-09-07,Delivered,"Atlanta, GA"
ORD104383,UPS,UP3931404070,2026-06-27,2026-06-29,Delivered,"Minneapolis, MN"
ORD104384,FedEx,UP6693343066,2026-04-15,2026-04-19,Delivered,"Austin, TX"
ORD104385,UPS,DH6503965843,2025-09-11,2025-09-14,Delivered,"Atlanta, GA"
ORD104386,FedEx,FE7400154822,2025-12-04,2025-12-12,In Transit,"Chicago, IL"
ORD104387,FedEx,UP5701326835,2026-01-14,2026-01-20,Delivered,"Miami, FL"
ORD104388,USPS,UP2580267500,2025-11-28,2025-12-07,Delivered,"San Diego, CA"
ORD104389,UPS,FE2441538622,2026-03-24,2026-03-31,In Transit,"Boston, MA"
ORD104390,FedEx,US8973278082,2025-08-28,2025-09-04,Delivered,"San Diego, CA"
ORD104391,USPS,UP4391949172,2026-04-03,2026-04-05,Delivered,"San Diego, CA"
ORD104392,DHL,FE6272049183,2026-06-14,2026-06-16,Delivered,"Salt Lake City, UT"
ORD104393,USPS,DH5817444027,2026-07-16,2026-07-24,Out for Delivery,"Phoenix, AZ"
ORD104394,USPS,US6092423618,2026-03-19,2026-03-23,Out for Delivery,"Portland, OR"
ORD104395,USPS,US3924520568,2026-05-24,2026-05-26,Delivered,"Boston, MA"
ORD104396,FedEx,FE9213240373,2026-04-09,2026-04-18,Delivered,"Salt Lake City, UT"
ORD104397,DHL,FE5161054913,2025-08-13,2025-08-17,Delivered,"Phoenix, AZ"
ORD104398,UPS,UP7865701230,2026-05-04,2026-05-10,Delivered,"San Diego, CA"
ORD104400,DHL,DH6682726531,2026-06-16,2026-06-20,In Transit,"Chicago, IL"
ORD104401,USPS,US9184731961,2026-07-30,2026-08-08,Delivered,"Nashville, TN"
ORD104402,UPS,DH1909240861,2026-04-23,2026-04-29,Delivered,"Portland, OR"
ORD104403,USPS,FE2682792794,2025-09-27,2025-10-02,Returned to Sender,"Boston, MA"
ORD104404,UPS,UP6496268145,2025-10-30,2025-11-02,Delivered,"Raleigh, NC"
ORD104405,USPS,US5798331617,2025-09-25,2025-09-29,Delivered,"Phoenix, AZ"
ORD104406,USPS,FE6101265620,2026-05-04,2026-05-06,Returned to Sender,"Chicago, IL"
ORD104407,FedEx,US7350631749,2026-04-22,2026-05-01,Delivered,"Raleigh, NC"
ORD104408,UPS,FE5746979805,2026-02-19,2026-02-28,Delivered,"Columbus, OH"
ORD104409,FedEx,DH9753199571,2025-10-22,2025-10-31,In Transit,"Nashville, TN"
ORD104410,FedEx,DH5821901558,2025-08-09,2025-08-13,Delivered,"Denver, CO"
ORD104411,DHL,US3779798671,2025-11-02,2025-11-10,Delivered,"Atlanta, GA"
ORD104412,USPS,UP4450653394,2026-02-10,2026-02-19,Delivered,"Nashville, TN"
ORD104413,FedEx,UP5518339617,2025-09-08,2025-09-13,Delivered,"Denver, CO"
ORD104415,UPS,UP8854478060,2025-08-10,2025-08-15,In Transit,"Austin, TX"
ORD104417,FedEx,US7361639600,2026-03-14,2026-03-19,Delivered,"Minneapolis, MN"
ORD104418,USPS,US2778935152,2026-06-29,2026-07-01,In Transit,"Austin, TX"
ORD104420,UPS,UP6804252505,2025-12-15,2025-12-19,Returned to Sender,"Phoenix, AZ"
ORD104421,FedEx,US3978968017,2026-03-23,2026-04-01,Returned to Sender,"Portland, OR"
ORD104422,DHL,DH5829355077,2026-02-21,2026-02-28,Returned to Sender,"Austin, TX"
ORD104424,UPS,FE8242421895,2025-12-01,2025-12-07,Delivered,"Columbus, OH"
ORD104425,DHL,US9178050223,2025-08-13,2025-08-18,Delivered,"Raleigh, NC"
ORD104427,DHL,FE8034335912,2026-07-17,2026-07-26,Delivered,"Seattle, WA"
ORD104428,DHL,DH1527531689,2026-05-06,2026-05-14,Delivered,"Portland, OR"
ORD104429,DHL,UP6732102541,2026-06-16,2026-06-18,In Transit,"Boston, MA"
ORD104430,FedEx,DH4218172704,2026-02-08,2026-02-16,Returned to Sender,"Portland, OR"
ORD104431,USPS,UP5596121126,2026-04-10,2026-04-12,In Transit,"Denver, CO"
ORD104432,UPS,US6705293404,2025-08-06,2025-08-12,Delivered,"Minneapolis, MN"
ORD104434,UPS,US5936822975,2026-01-31,2026-02-07,Returned to Sender,"San Diego, CA"
ORD104435,FedEx,US4051903566,2026-05-30,2026-06-06,Delivered,"Columbus, OH"
ORD104437,FedEx,UP5040498108,2026-02-02,2026-02-09,Delivered,"Raleigh, NC"
ORD104439,FedEx,FE9760290319,2025-10-23,2025-10-30,Delivered,"Seattle, WA"
ORD104442,USPS,US9164652689,2025-10-14,2025-10-21,Delivered,"Miami, FL"
ORD104443,DHL,UP3627411783,2025-11-20,2025-11-24,In Transit,"Raleigh, NC"
ORD104444,DHL,FE6357039035,2025-11-30,2025-12-04,Delivered,"Austin, TX"
ORD104445,UPS,DH9234370513,2026-04-14,2026-04-21,Delivered,"Salt Lake City, UT"
ORD104446,UPS,FE6515408300,2025-12-24,2025-12-26,Delivered,"Phoenix, AZ"
ORD104447,FedEx,UP4479553515,2025-08-31,2025-09-03,Delivered,"Chicago, IL"
ORD104449,DHL,FE6929246180,2026-07-16,2026-07-21,Delayed - carrier exception,"Chicago, IL"
ORD104450,UPS,UP4931237532,2025-09-07,2025-09-10,Delivered,"Columbus, OH"
ORD104451,DHL,US9435633424,2025-09-04,2025-09-13,Delivered,"Columbus, OH"
ORD104452,DHL,US3625472662,2025-08-16,2025-08-25,Delivered,"Nashville, TN"
ORD104454,DHL,FE8418889956,2026-07-26,2026-07-28,Delivered,"Boston, MA"
ORD104455,FedEx,UP1682098632,2026-01-11,2026-01-14,Delayed - carrier exception,"San Diego, CA"
ORD104456,USPS,US2476758920,2026-04-22,2026-04-28,Delivered,"Raleigh, NC"
ORD104457,DHL,US1965258346,2025-09-13,2025-09-19,Delivered,"Columbus, OH"
ORD104458,USPS,US5397186975,2025-10-11,2025-10-18,Delivered,"Atlanta, GA"
ORD104459,DHL,UP2519576074,2026-07-11,2026-07-19,In Transit,"Austin, TX"
ORD104461,USPS,DH7504632748,2025-08-08,2025-08-11,Delivered,"Chicago, IL"
ORD104462,DHL,UP4249763456,2026-01-10,2026-01-13,Delivered,"Miami, FL"
ORD104464,UPS,US6745674709,2025-10-27,2025-11-05,Delivered,"Austin, TX"
ORD104465,USPS,DH9050302811,2026-01-31,2026-02-03,Delivered,"Columbus, OH"
ORD104466,UPS,UP2291605399,2025-08-08,2025-08-17,Delivered,"Miami, FL"
ORD104467,FedEx,FE7177503533,2026-04-24,2026-05-03,Delivered,"Nashville, TN"
ORD104468,USPS,DH9162070504,2026-05-10,2026-05-13,Delivered,"Phoenix, AZ"
ORD104469,USPS,US5073403633,2026-01-11,2026-01-17,Delivered,"San Diego, CA"
ORD104470,DHL,DH9350151293,2026-01-04,2026-01-09,Delivered,"Columbus, OH"
ORD104471,UPS,FE4354390071,2026-01-04,2026-01-08,Delivered,"Denver, CO"
ORD104472,FedEx,US4888055350,2025-11-17,2025-11-22,Delivered,"Seattle, WA"
ORD104473,USPS,DH2851305881,2026-04-07,2026-04-10,Delivered,"San Diego, CA"
ORD104474,UPS,UP9100627261,2026-01-16,2026-01-21,Delivered,"Denver, CO"
ORD104475,DHL,UP5008391346,2026-07-24,2026-08-01,Delivered,"Portland, OR"
ORD104476,FedEx,FE1811400911,2026-02-01,2026-02-09,Returned to Sender,"Nashville, TN"
ORD104477,USPS,US8542170273,2026-04-27,2026-05-03,Delivered,"Austin, TX"
ORD104478,FedEx,FE5657801094,2026-01-19,2026-01-22,Delayed - carrier exception,"Seattle, WA"
ORD104479,DHL,US7704385738,2025-09-11,2025-09-18,In Transit,"Boston, MA"
ORD104481,USPS,UP3288904266,2025-12-10,2025-12-19,Delivered,"Salt Lake City, UT"
ORD104482,USPS,US6655886195,2026-05-04,2026-05-11,Returned to Sender,"Phoenix, AZ"
ORD104483,FedEx,FE6431827873,2025-10-25,2025-10-28,Delivered,"Chicago, IL"
ORD104484,UPS,FE3721247708,2025-10-13,2025-10-19,Delivered,"Minneapolis, MN"
ORD104485,UPS,UP2930560004,2026-04-29,2026-05-03,Delivered,"Boston, MA"
ORD104486,UPS,UP2860350894,2026-06-02,2026-06-06,Delayed - carrier exception,"Nashville, TN"
ORD104488,UPS,UP7971187777,2026-07-21,2026-07-26,Delivered,"Denver, CO"
ORD104489,USPS,US2726201919,2025-11-12,2025-11-15,Delivered,"Atlanta, GA"
ORD104490,DHL,DH2248312699,2026-07-01,2026-07-08,Delivered,"Seattle, WA"
ORD104491,USPS,DH5933433505,2025-12-07,2025-12-16,In Transit,"San Diego, CA"
ORD104492,FedEx,FE4866364213,2025-10-21,2025-10-23,Delayed - carrier exception,"Seattle, WA"
ORD104493,USPS,FE2604746883,2025-08-18,2025-08-23,In Transit,"Portland, OR"
ORD104494,UPS,FE2816520904,2026-03-25,2026-03-28,In Transit,"Boston, MA"
ORD104495,DHL,DH5513156138,2025-09-03,2025-09-06,Delivered,"Raleigh, NC"
ORD104496,USPS,UP7451358286,2026-05-10,2026-05-18,Delivered,"Atlanta, GA"
ORD104497,DHL,UP5072810614,2025-12-28,2026-01-05,Delivered,"Boston, MA"
ORD104498,DHL,US9556325552,2026-01-10,2026-01-13,Delivered,"Miami, FL"
ORD104499,UPS,DH6309687004,2026-04-28,2026-05-06,Delivered,"Miami, FL"
ORD104502,USPS,DH2111054306,2025-10-29,2025-11-04,In Transit,"Austin, TX"
ORD104505,USPS,FE4085228246,2026-03-03,2026-03-12,In Transit,"Minneapolis, MN"
ORD104506,UPS,US2680538142,2026-01-31,2026-02-08,In Transit,"Chicago, IL"
ORD104507,DHL,FE6630035449,2025-09-06,2025-09-09,Delivered,"Chicago, IL"
ORD104508,UPS,UP8727966078,2025-09-29,2025-10-06,Returned to Sender,"Miami, FL"
ORD104509,USPS,DH5929159851,2026-03-11,2026-03-17,In Transit,"Austin, TX"
ORD104510,FedEx,US8705064058,2025-10-17,2025-10-23,Returned to Sender,"Austin, TX"
ORD104511,USPS,DH8506717500,2026-04-28,2026-05-01,Returned to Sender,"Miami, FL"
ORD104512,FedEx,FE9806359697,2026-02-04,2026-02-06,Delivered,"San Diego, CA"
ORD104513,USPS,US8673441618,2026-07-03,2026-07-07,Delivered,"Denver, CO"
ORD104514,FedEx,FE7300476227,2026-05-14,2026-05-23,Out for Delivery,"Boston, MA"
ORD104515,UPS,DH8450049906,2026-06-16,2026-06-21,Delivered,"Boston, MA"
ORD104516,USPS,US1773768378,2026-06-25,2026-06-27,Delivered,"Phoenix, AZ"
ORD104517,USPS,DH9840210311,2026-05-27,2026-06-02,Delivered,"Austin, TX"
ORD104518,DHL,US9845056022,2025-08-15,2025-08-24,Delivered,"Columbus, OH"
ORD104519,USPS,UP6355225881,2026-03-13,2026-03-17,Delivered,"Phoenix, AZ"
ORD104520,USPS,DH2559444926,2026-02-11,2026-02-20,Delivered,"Boston, MA"
ORD104521,FedEx,UP6328111217,2026-04-11,2026-04-17,Delivered,"Raleigh, NC"
ORD104523,UPS,UP5842776346,2026-01-29,2026-02-04,In Transit,"Boston, MA"
ORD104524,UPS,UP2452277942,2025-09-14,2025-09-17,In Transit,"Portland, OR"
ORD104526,FedEx,DH9599819463,2025-08-27,2025-09-02,Delivered,"Seattle, WA"
ORD104527,FedEx,DH7387119681,2025-12-06,2025-12-11,In Transit,"Phoenix, AZ"
ORD104528,DHL,DH3391887194,2026-04-19,2026-04-27,Delivered,"Phoenix, AZ"
ORD104529,FedEx,US9222637000,2025-09-02,2025-09-06,Delivered,"Miami, FL"
ORD104530,FedEx,US1300926891,2025-11-15,2025-11-24,Delivered,"Miami, FL"
ORD104531,FedEx,UP1156438010,2026-03-28,2026-03-30,Out for Delivery,"Phoenix, AZ"
ORD104532,FedEx,DH3088383853,2025-11-27,2025-12-02,Delivered,"Nashville, TN"
ORD104533,UPS,UP6238058543,2026-06-03,2026-06-09,In Transit,"Nashville, TN"
ORD104534,DHL,US9245135247,2026-07-09,2026-07-13,Delivered,"Atlanta, GA"
ORD104535,DHL,DH9659399497,2026-04-04,2026-04-11,Delivered,"San Diego, CA"
ORD104536,UPS,DH3560213616,2025-12-28,2026-01-02,Returned to Sender,"Columbus, OH"
ORD104537,FedEx,US4922360554,2026-06-01,2026-06-05,Delivered,"Denver, CO"
ORD104538,UPS,UP8698609294,2025-12-10,2025-12-16,Delivered,"Columbus, OH"
ORD104540,UPS,DH8118713588,2026-05-13,2026-05-19,Delivered,"Austin, TX"
ORD104541,FedEx,UP5295308527,2026-04-28,2026-05-02,In Transit,"Denver, CO"
ORD104542,FedEx,US9668556881,2025-12-26,2026-01-01,Delivered,"Raleigh, NC"
ORD104543,UPS,UP3581693010,2026-01-16,2026-01-19,In Transit,"Phoenix, AZ"
ORD104544,DHL,UP8349097320,2026-05-26,2026-06-02,In Transit,"San Diego, CA"
ORD104545,FedEx,DH5133524092,2026-03-09,2026-03-14,Delivered,"Columbus, OH"
ORD104547,USPS,DH7242053302,2025-08-21,2025-08-23,Delayed - carrier exception,"Boston, MA"
ORD104549,FedEx,FE1004965375,2025-11-14,2025-11-19,Delivered,"Austin, TX"
ORD104550,DHL,UP9690233968,2025-12-09,2025-12-16,Delivered,"Boston, MA"
ORD104551,DHL,DH6589447008,2026-02-10,2026-02-16,Delivered,"Austin, TX"
ORD104552,FedEx,UP8690518679,2025-09-05,2025-09-10,Out for Delivery,"Austin, TX"
ORD104553,FedEx,UP8352339452,2025-10-03,2025-10-07,Delivered,"Nashville, TN"
ORD104554,FedEx,UP8401301827,2025-12-16,2025-12-25,Delivered,"Portland, OR"
ORD104555,DHL,DH4811276575,2026-01-03,2026-01-07,Delayed - carrier exception,"San Diego, CA"
ORD104556,DHL,US3349086080,2025-10-04,2025-10-06,Delivered,"Phoenix, AZ"
ORD104557,USPS,FE6066356802,2026-04-29,2026-05-05,Delivered,"Portland, OR"
ORD104558,FedEx,UP5516262193,2025-11-30,2025-12-02,Delivered,"Seattle, WA"
ORD104559,FedEx,US6844457459,2026-02-13,2026-02-15,Out for Delivery,"Columbus, OH"
ORD104562,DHL,FE6720096847,2026-06-10,2026-06-12,Delivered,"San Diego, CA"
ORD104563,USPS,US2897925066,2025-10-14,2025-10-19,Delivered,"Raleigh, NC"
ORD104564,FedEx,UP4549235510,2025-11-29,2025-12-08,Delivered,"Austin, TX"
ORD104565,DHL,US5187731090,2025-11-09,2025-11-18,In Transit,"Raleigh, NC"
ORD104567,FedEx,US9623511846,2026-05-23,2026-05-31,Delivered,"Denver, CO"
ORD104568,DHL,UP8293542864,2025-11-09,2025-11-16,Delivered,"Chicago, IL"
ORD104569,UPS,DH5498206016,2025-08-02,2025-08-11,Delivered,"Minneapolis, MN"
ORD104571,DHL,US2368508299,2025-11-23,2025-11-28,Delivered,"Chicago, IL"
ORD104572,DHL,UP6004895751,2026-02-20,2026-02-24,Delivered,"Denver, CO"
ORD104574,USPS,FE8479385160,2026-07-24,2026-07-31,Delivered,"Denver, CO"
ORD104575,UPS,UP9856082685,2025-08-30,2025-09-06,Delivered,"Raleigh, NC"
ORD104576,UPS,FE9816816314,2025-11-24,2025-11-27,In Transit,"Phoenix, AZ"
ORD104577,USPS,UP2861735082,2026-04-28,2026-05-06,Delivered,"San Diego, CA"
ORD104578,FedEx,FE6670311417,2026-05-23,2026-05-28,Delivered,"Nashville, TN"
ORD104579,USPS,US5974707288,2025-10-25,2025-10-30,Delivered,"Seattle, WA"
ORD104580,UPS,FE6322072069,2026-06-02,2026-06-11,Delayed - carrier exception,"Nashville, TN"
ORD104581,DHL,US4629411352,2026-05-13,2026-05-18,Returned to Sender,"Denver, CO"
ORD104582,UPS,DH7345161483,2025-12-20,2025-12-29,Delivered,"Denver, CO"
ORD104583,DHL,DH8391721236,2026-04-24,2026-04-28,Delivered,"Austin, TX"
ORD104584,DHL,US5801193329,2026-03-02,2026-03-06,Delivered,"Seattle, WA"
ORD104585,DHL,UP8401761042,2025-12-06,2025-12-09,In Transit,"Minneapolis, MN"
ORD104586,FedEx,DH4253207860,2025-10-29,2025-11-03,Delivered,"Atlanta, GA"
ORD104587,UPS,UP5947149125,2025-10-07,2025-10-10,Returned to Sender,"Chicago, IL"
ORD104588,USPS,UP7493748949,2025-11-14,2025-11-16,Returned to Sender,"Boston, MA"
ORD104589,UPS,FE7931516963,2025-10-12,2025-10-14,Delayed - carrier exception,"Phoenix, AZ"
ORD104590,FedEx,US7304528562,2026-07-04,2026-07-13,Delayed - carrier exception,"Chicago, IL"
ORD104591,UPS,UP8065078376,2026-01-28,2026-02-02,Returned to Sender,"Salt Lake City, UT"
ORD104592,USPS,US9974011691,2025-12-06,2025-12-08,Delivered,"Seattle, WA"
ORD104593,DHL,DH3566470822,2026-05-07,2026-05-14,Delivered,"Raleigh, NC"
ORD104595,USPS,US2446546583,2026-03-05,2026-03-12,Delivered,"Phoenix, AZ"
ORD104596,UPS,UP8733856586,2025-09-15,2025-09-18,Delivered,"Chicago, IL"
ORD104597,USPS,UP5732012903,2025-12-14,2025-12-20,In Transit,"San Diego, CA"
ORD104598,USPS,US5910003193,2026-04-17,2026-04-22,In Transit,"Salt Lake City, UT"
ORD104599,UPS,US8974470929,2025-12-18,2025-12-27,Delayed - carrier exception,"Boston, MA"
ORD104600,UPS,DH7521451329,2025-10-08,2025-10-10,Delivered,"Austin, TX"
ORD104602,UPS,FE3561783571,2026-05-24,2026-05-30,Delayed - carrier exception,"San Diego, CA"
ORD104603,FedEx,DH8828231260,2026-03-15,2026-03-23,Delivered,"Seattle, WA"
ORD104604,FedEx,UP6376925696,2025-12-05,2025-12-07,In Transit,"Portland, OR"
ORD104605,FedEx,FE7047260538,2026-05-10,2026-05-15,In Transit,"Atlanta, GA"
ORD104606,USPS,DH2321196337,2026-06-27,2026-07-05,Out for Delivery,"Minneapolis, MN"
ORD104607,USPS,DH4204893867,2026-07-29,2026-07-31,Delivered,"Phoenix, AZ"
ORD104608,USPS,DH2087578575,2026-04-18,2026-04-27,Delivered,"Boston, MA"
ORD104609,USPS,FE7109452965,2025-11-17,2025-11-26,Delivered,"Minneapolis, MN"
ORD104610,FedEx,US6169648895,2026-04-26,2026-04-28,Out for Delivery,"Miami, FL"
ORD104611,DHL,FE9393109247,2026-01-22,2026-01-31,Out for Delivery,"Raleigh, NC"
ORD104612,FedEx,UP9843993085,2026-07-01,2026-07-04,Delivered,"Seattle, WA"
ORD104613,UPS,DH9473703517,2026-04-28,2026-05-05,In Transit,"Minneapolis, MN"
ORD104614,DHL,FE2106437183,2026-03-02,2026-03-08,In Transit,"Phoenix, AZ"
ORD104616,USPS,UP3249712281,2025-10-12,2025-10-16,Delivered,"Austin, TX"
ORD104617,USPS,DH2963459653,2026-01-29,2026-02-05,Delivered,"San Diego, CA"
ORD104618,USPS,FE6412695831,2026-07-02,2026-07-07,Delivered,"Nashville, TN"
ORD104619,USPS,DH2756949286,2026-03-26,2026-04-02,In Transit,"Salt Lake City, UT"
ORD104620,DHL,DH4414936759,2025-11-28,2025-12-02,Delivered,"Denver, CO"
ORD104622,FedEx,UP9656243839,2026-07-12,2026-07-19,Delivered,"Austin, TX"
ORD104625,DHL,FE6108868048,2025-11-18,2025-11-27,Delayed - carrier exception,"Seattle, WA"
ORD104626,DHL,US4531368476,2026-02-07,2026-02-13,Out for Delivery,"Salt Lake City, UT"
ORD104627,USPS,UP5742883480,2026-03-31,2026-04-05,Delivered,"Austin, TX"
ORD104628,DHL,DH5146294244,2025-10-23,2025-10-27,Delivered,"Seattle, WA"
ORD104629,UPS,DH1643229404,2025-09-21,2025-09-28,Delivered,"Boston, MA"
ORD104630,DHL,FE1250988948,2025-09-06,2025-09-11,In Transit,"Atlanta, GA"
ORD104631,DHL,US4980013968,2026-03-23,2026-03-29,Returned to Sender,"Austin, TX"
ORD104632,USPS,UP9939366229,2026-02-06,2026-02-15,Delivered,"Denver, CO"
ORD104633,DHL,UP4382940414,2026-01-04,2026-01-10,Delivered,"Salt Lake City, UT"
ORD104634,UPS,UP8988463759,2026-05-08,2026-05-11,In Transit,"Raleigh, NC"
ORD104635,USPS,DH4375618796,2026-05-28,2026-06-01,Returned to Sender,"Boston, MA"
ORD104636,FedEx,DH2743796345,2026-01-16,2026-01-23,Delivered,"Austin, TX"
ORD104637,UPS,DH5246595030,2026-07-23,2026-07-25,Returned to Sender,"Miami, FL"
ORD104638,DHL,US7258892582,2026-07-11,2026-07-13,Delivered,"Raleigh, NC"
ORD104639,DHL,FE2896056559,2026-05-09,2026-05-15,Delivered,"Columbus, OH"
ORD104640,UPS,US8792836233,2026-02-02,2026-02-04,Delivered,"Nashville, TN"
ORD104642,FedEx,FE4782295644,2025-08-03,2025-08-10,Delivered,"Boston, MA"
ORD104643,DHL,US4097901540,2025-08-31,2025-09-05,In Transit,"Denver, CO"
ORD104644,DHL,UP5550496321,2026-02-02,2026-02-09,Delivered,"Chicago, IL"
ORD104645,UPS,FE9986687948,2026-07-08,2026-07-17,Delivered,"Denver, CO"
ORD104647,USPS,US4922445814,2025-09-30,2025-10-02,Delivered,"Raleigh, NC"
ORD104648,UPS,UP1746690022,2025-10-18,2025-10-24,Delivered,"San Diego, CA"
ORD104649,FedEx,FE9587684373,2026-07-01,2026-07-07,In Transit,"San Diego, CA"
ORD104650,USPS,FE5249602746,2025-11-18,2025-11-23,Delivered,"Miami, FL"
ORD104651,FedEx,DH6484167083,2026-02-01,2026-02-07,Delivered,"Boston, MA"
ORD104652,FedEx,FE2700971035,2026-04-08,2026-04-11,Returned to Sender,"Chicago, IL"
ORD104653,DHL,FE5772809169,2026-03-04,2026-03-09,Delivered,"Minneapolis, MN"
ORD104654,DHL,FE9271822946,2026-03-16,2026-03-23,Delivered,"Austin, TX"
ORD104655,FedEx,FE1765502506,2025-10-21,2025-10-28,Delayed - carrier exception,"Raleigh, NC"
ORD104656,UPS,UP9542902311,2025-08-27,2025-09-03,Delivered,"Raleigh, NC"
ORD104657,USPS,UP6763633981,2026-05-09,2026-05-17,In Transit,"Boston, MA"
ORD104658,DHL,UP4466914621,2025-08-31,2025-09-08,Out for Delivery,"Austin, TX"
ORD104659,UPS,US7952571599,2025-12-14,2025-12-21,Delivered,"Seattle, WA"
ORD104660,USPS,FE8271325310,2026-05-07,2026-05-15,Delivered,"Columbus, OH"
ORD104661,DHL,UP6738457470,2026-03-26,2026-03-28,Delivered,"Minneapolis, MN"
ORD104662,DHL,UP4612371061,2026-07-31,2026-08-03,Delivered,"Miami, FL"
ORD104663,UPS,DH2580743707,2025-11-17,2025-11-20,Delivered,"Boston, MA"
ORD104664,FedEx,DH8591932544,2026-01-22,2026-01-27,Delivered,"Seattle, WA"
ORD104665,DHL,FE4392085839,2025-11-13,2025-11-22,Delivered,"San Diego, CA"
ORD104666,DHL,US1076818510,2025-08-22,2025-08-27,Delivered,"Nashville, TN"
ORD104669,FedEx,DH2896938438,2026-04-26,2026-05-04,Delivered,"Columbus, OH"
ORD104670,FedEx,US4529634344,2026-02-06,2026-02-12,In Transit,"San Diego, CA"
ORD104671,DHL,UP7168846085,2026-06-04,2026-06-11,Delivered,"Portland, OR"
ORD104673,DHL,DH3968376929,2025-12-12,2025-12-19,In Transit,"Minneapolis, MN"
ORD104674,DHL,DH4600615844,2026-06-07,2026-06-11,Delivered,"Boston, MA"
ORD104675,USPS,UP5574898573,2025-10-09,2025-10-15,Delivered,"Boston, MA"
ORD104678,USPS,FE8125845706,2025-11-27,2025-12-03,Delivered,"Seattle, WA"
ORD104679,FedEx,DH8299357354,2026-01-15,2026-01-21,Out for Delivery,"Nashville, TN"
ORD104680,FedEx,FE6570943259,2025-12-06,2025-12-13,Delivered,"Nashville, TN"
ORD104681,DHL,UP8902579766,2026-02-01,2026-02-07,Delivered,"Chicago, IL"
ORD104682,USPS,DH4167361325,2026-01-13,2026-01-15,In Transit,"Salt Lake City, UT"
ORD104683,UPS,FE5670476750,2025-09-05,2025-09-10,Delivered,"Nashville, TN"
ORD104686,FedEx,DH1794919270,2026-06-29,2026-07-03,Returned to Sender,"Boston, MA"
ORD104688,USPS,US7016878400,2026-05-27,2026-06-04,Delivered,"Chicago, IL"
ORD104689,UPS,UP1065907573,2026-06-16,2026-06-23,In Transit,"Nashville, TN"
ORD104690,UPS,UP6863972219,2026-06-17,2026-06-22,Delayed - carrier exception,"Phoenix, AZ"
ORD104691,DHL,DH1653421153,2025-11-12,2025-11-18,Delivered,"Denver, CO"
ORD104692,FedEx,DH8200504268,2026-05-16,2026-05-21,Delivered,"Boston, MA"
ORD104693,DHL,FE5346656222,2026-07-10,2026-07-16,Delivered,"Phoenix, AZ"
ORD104694,UPS,DH4004129411,2025-09-17,2025-09-20,Delivered,"Raleigh, NC"
ORD104695,DHL,FE7757214867,2026-04-25,2026-04-27,Delivered,"Denver, CO"
ORD104696,FedEx,DH8127652438,2026-07-22,2026-07-28,Delivered,"Seattle, WA"
ORD104698,UPS,US3151089812,2026-05-25,2026-06-03,Delivered,"Portland, OR"
ORD104699,DHL,US3543431831,2026-05-29,2026-06-06,Returned to Sender,"Chicago, IL"
ORD104701,DHL,US4873027616,2026-05-08,2026-05-15,Delivered,"Salt Lake City, UT"
ORD104702,FedEx,DH4275656656,2026-03-09,2026-03-18,Delivered,"Boston, MA"
ORD104704,USPS,US3339998989,2025-11-14,2025-11-22,Delivered,"Seattle, WA"
ORD104706,DHL,FE9669762846,2025-08-25,2025-08-28,Delivered,"Miami, FL"
ORD104707,FedEx,DH3728290107,2025-11-11,2025-11-20,Delivered,"Phoenix, AZ"
ORD104708,FedEx,FE4849092226,2025-10-06,2025-10-11,Delivered,"Boston, MA"
ORD104709,UPS,DH1133388542,2026-06-27,2026-06-30,Delivered,"Portland, OR"
ORD104710,FedEx,DH7902134460,2025-11-15,2025-11-20,Delivered,"Boston, MA"
ORD104711,UPS,UP4990733798,2026-04-15,2026-04-18,In Transit,"Portland, OR"
ORD104712,USPS,US9450232374,2025-10-29,2025-11-04,Delivered,"Chicago, IL"
ORD104714,USPS,US1244151121,2025-08-08,2025-08-13,Delayed - carrier exception,"San Diego, CA"
ORD104716,UPS,UP7473660088,2026-07-18,2026-07-21,Delivered,"Miami, FL"
ORD104718,FedEx,DH7094395875,2026-05-27,2026-06-05,Delivered,"Boston, MA"
ORD104720,UPS,US1502173384,2025-09-21,2025-09-26,In Transit,"Denver, CO"
ORD104721,USPS,DH7417634944,2026-07-13,2026-07-22,Delivered,"Atlanta, GA"
ORD104722,UPS,US7595878961,2026-01-23,2026-01-28,Out for Delivery,"Atlanta, GA"
ORD104723,USPS,DH8972777561,2025-09-11,2025-09-13,Delivered,"Raleigh, NC"
ORD104725,FedEx,US4523325607,2026-07-29,2026-08-04,In Transit,"Minneapolis, MN"
ORD104726,DHL,DH5178466832,2025-10-22,2025-10-25,In Transit,"Austin, TX"
ORD104727,DHL,FE8120269834,2026-04-24,2026-05-01,Delivered,"Nashville, TN"
ORD104728,FedEx,US1437126290,2026-04-25,2026-05-02,In Transit,"Phoenix, AZ"
ORD104731,FedEx,FE9703119231,2026-03-09,2026-03-14,Delivered,"Raleigh, NC"
ORD104733,DHL,US7649405582,2026-04-23,2026-05-01,Delivered,"Boston, MA"
ORD104734,UPS,FE2175067050,2026-01-17,2026-01-20,Delivered,"Portland, OR"
ORD104735,FedEx,DH4846598013,2025-09-04,2025-09-07,Delivered,"Raleigh, NC"
ORD104736,FedEx,FE8762030692,2026-01-22,2026-01-30,Delivered,"Atlanta, GA"
ORD104737,FedEx,UP3125790201,2026-05-16,2026-05-20,Delivered,"Miami, FL"
ORD104738,USPS,FE5749719355,2026-03-07,2026-03-16,Returned to Sender,"Raleigh, NC"
ORD104739,USPS,DH8308000726,2026-07-10,2026-07-18,Delivered,"Nashville, TN"
ORD104740,UPS,US6608705726,2026-06-19,2026-06-25,Delivered,"Salt Lake City, UT"
ORD104742,FedEx,DH9159557623,2026-02-15,2026-02-21,Delivered,"Portland, OR"
ORD104743,UPS,US5978636880,2026-06-24,2026-06-29,Delivered,"Denver, CO"
ORD104744,USPS,UP8748886216,2026-07-15,2026-07-22,Delivered,"Atlanta, GA"
ORD104745,USPS,FE5372390617,2026-07-25,2026-07-31,Delivered,"Seattle, WA"
ORD104746,UPS,US9722554616,2025-09-01,2025-09-10,Delivered,"Boston, MA"
ORD104747,USPS,DH9379663171,2025-11-20,2025-11-24,In Transit,"Nashville, TN"
ORD104749,DHL,FE6242479280,2026-04-08,2026-04-17,Delivered,"Miami, FL"
ORD104750,FedEx,US2895447937,2026-04-26,2026-05-04,In Transit,"Columbus, OH"
ORD104751,USPS,DH7242362279,2025-08-06,2025-08-12,In Transit,"Denver, CO"
ORD104753,DHL,UP6536183790,2026-01-15,2026-01-18,Returned to Sender,"Nashville, TN"
ORD104754,UPS,US3755779710,2025-09-01,2025-09-06,Delivered,"Boston, MA"
ORD104755,DHL,DH1876613526,2026-06-05,2026-06-09,Out for Delivery,"Raleigh, NC"
ORD104756,DHL,US4408813691,2025-11-17,2025-11-20,Delivered,"Chicago, IL"
ORD104757,FedEx,US4327028066,2026-07-02,2026-07-06,Delivered,"Seattle, WA"
ORD104758,FedEx,UP6224442758,2025-10-07,2025-10-11,Delivered,"Atlanta, GA"
ORD104759,USPS,UP3008772529,2025-08-17,2025-08-26,Delivered,"Chicago, IL"
ORD104760,FedEx,DH8906717038,2025-08-25,2025-08-28,Out for Delivery,"Phoenix, AZ"
ORD104761,UPS,DH9574164478,2026-06-01,2026-06-09,Delivered,"Portland, OR"
ORD104762,FedEx,UP1179588802,2026-06-03,2026-06-07,Delivered,"Raleigh, NC"
ORD104763,DHL,DH7982319788,2026-02-04,2026-02-10,Returned to Sender,"Chicago, IL"
ORD104764,FedEx,FE5872007596,2026-04-26,2026-05-02,Delivered,"Boston, MA"
ORD104765,UPS,DH4867009360,2026-01-26,2026-02-02,Delivered,"Boston, MA"
ORD104767,UPS,DH5271538858,2025-11-20,2025-11-23,Delivered,"Columbus, OH"
ORD104768,FedEx,FE9232158413,2026-04-17,2026-04-22,Delivered,"Atlanta, GA"
ORD104770,FedEx,UP9576864675,2026-06-28,2026-07-07,Delivered,"Salt Lake City, UT"
ORD104771,USPS,FE9477947267,2026-03-03,2026-03-06,In Transit,"Portland, OR"
ORD104772,USPS,UP6307706540,2025-08-30,2025-09-03,Delivered,"Minneapolis, MN"
ORD104773,UPS,DH9597442434,2025-09-29,2025-10-03,Delivered,"Seattle, WA"
ORD104774,FedEx,UP2149487554,2025-10-28,2025-11-04,Delivered,"Seattle, WA"
ORD104775,FedEx,DH5972189439,2025-10-11,2025-10-19,Returned to Sender,"Austin, TX"
ORD104776,FedEx,US9149735056,2026-06-07,2026-06-16,Delivered,"Boston, MA"
ORD104778,DHL,US1224831582,2025-10-24,2025-10-31,Delivered,"Chicago, IL"
ORD104779,FedEx,DH5124561502,2026-05-04,2026-05-08,Delivered,"Raleigh, NC"
ORD104780,USPS,US6742936544,2026-04-22,2026-04-30,Returned to Sender,"Raleigh, NC"
ORD104781,USPS,UP1959222939,2026-05-12,2026-05-20,Delivered,"Seattle, WA"
ORD104782,USPS,UP2203612533,2025-09-03,2025-09-05,In Transit,"Atlanta, GA"
ORD104783,DHL,DH4110221077,2026-01-30,2026-02-01,In Transit,"Raleigh, NC"
ORD104784,FedEx,FE4869174785,2026-07-22,2026-07-29,Delivered,"Atlanta, GA"
ORD104785,UPS,DH4737497655,2026-07-28,2026-08-04,In Transit,"Denver, CO"
ORD104786,FedEx,UP3523721428,2025-08-14,2025-08-16,In Transit,"Austin, TX"
ORD104788,UPS,DH6871200189,2025-11-09,2025-11-18,Delivered,"Miami, FL"
ORD104789,UPS,DH9802055837,2026-02-18,2026-02-25,In Transit,"Salt Lake City, UT"
ORD104790,UPS,UP6269018068,2025-09-16,2025-09-18,Returned to Sender,"Phoenix, AZ"
ORD104791,FedEx,US3084530351,2026-04-29,2026-05-07,Delivered,"Boston, MA"
ORD104792,FedEx,FE5136821460,2025-12-16,2025-12-22,Delivered,"Chicago, IL"
ORD104793,UPS,US2496190627,2026-06-05,2026-06-10,Delivered,"Austin, TX"
ORD104794,USPS,FE8819659709,2025-08-07,2025-08-13,Delivered,"Denver, CO"
ORD104795,FedEx,US6255450588,2026-06-25,2026-06-30,Out for Delivery,"Columbus, OH"
ORD104796,USPS,FE5734453027,2026-06-22,2026-06-30,Delivered,"Miami, FL"
ORD104797,FedEx,FE3684890513,2025-11-05,2025-11-11,Delivered,"Raleigh, NC"
ORD104799,FedEx,FE5892002779,2026-01-12,2026-01-16,Out for Delivery,"Portland, OR"
ORD104800,UPS,DH2251875066,2025-09-19,2025-09-27,In Transit,"Raleigh, NC"
ORD104801,DHL,UP2529740587,2026-08-02,2026-08-04,Delivered,"Atlanta, GA"
ORD104803,DHL,US5621144686,2025-11-09,2025-11-16,Delivered,"Raleigh, NC"
ORD104805,DHL,DH8431038794,2025-09-23,2025-09-27,Delivered,"Phoenix, AZ"
ORD104807,USPS,US1476915365,2025-10-21,2025-10-23,Delivered,"Salt Lake City, UT"
ORD104808,DHL,FE2982544301,2026-05-03,2026-05-12,Delivered,"Miami, FL"
ORD104809,FedEx,DH1901049425,2025-09-15,2025-09-23,Delivered,"Salt Lake City, UT"
ORD104810,FedEx,DH9012964731,2026-03-30,2026-04-07,Delivered,"San Diego, CA"
ORD104811,FedEx,FE3739812282,2025-09-26,2025-09-28,Delivered,"Columbus, OH"
ORD104813,DHL,UP1286448823,2025-08-13,2025-08-20,In Transit,"Austin, TX"
ORD104814,UPS,FE4401789737,2025-11-10,2025-11-13,Delivered,"Raleigh, NC"
ORD104815,DHL,FE1844180581,2026-02-12,2026-02-16,Delivered,"Salt Lake City, UT"
ORD104816,UPS,UP1436637851,2025-11-17,2025-11-23,Delivered,"San Diego, CA"
ORD104817,FedEx,UP6665274615,2026-01-20,2026-01-25,Out for Delivery,"Boston, MA"
ORD104818,USPS,US9597743325,2025-10-30,2025-11-06,Delivered,"Nashville, TN"
ORD104819,DHL,US3482699045,2026-02-08,2026-02-10,Delivered,"Boston, MA"
ORD104820,FedEx,UP2142123444,2026-06-21,2026-06-29,In Transit,"Salt Lake City, UT"
ORD104821,UPS,US5715353268,2025-11-06,2025-11-13,Delivered,"Denver, CO"
ORD104822,UPS,UP8023641300,2026-03-06,2026-03-10,In Transit,"Salt Lake City, UT"
ORD104823,USPS,US3579788957,2025-10-12,2025-10-14,Delivered,"Phoenix, AZ"
ORD104824,USPS,UP7230571779,2026-07-04,2026-07-12,Delivered,"Columbus, OH"
ORD104825,FedEx,UP5926184605,2026-07-01,2026-07-03,Delivered,"Salt Lake City, UT"
ORD104826,USPS,UP4852217516,2026-01-28,2026-02-01,Delivered,"Austin, TX"
ORD104827,USPS,FE4315722478,2026-03-04,2026-03-09,Delivered,"Raleigh, NC"
ORD104828,UPS,DH3390529181,2025-08-29,2025-09-04,Delivered,"San Diego, CA"
ORD104829,DHL,FE1670540687,2026-02-19,2026-02-25,Delivered,"Minneapolis, MN"
ORD104831,FedEx,DH5294954263,2026-03-29,2026-04-05,Delivered,"Columbus, OH"
ORD104832,FedEx,FE3493060337,2025-12-24,2025-12-31,In Transit,"Denver, CO"
ORD104833,FedEx,US8263677970,2026-04-25,2026-05-02,Out for Delivery,"Columbus, OH"
ORD104834,FedEx,FE9110117545,2026-02-19,2026-02-21,In Transit,"Austin, TX"
ORD104835,UPS,US7552398485,2025-09-19,2025-09-28,Delivered,"San Diego, CA"
ORD104836,DHL,DH3356308277,2025-09-15,2025-09-22,Delivered,"Salt Lake City, UT"
ORD104837,FedEx,FE1804012484,2026-04-13,2026-04-22,In Transit,"Salt Lake City, UT"
ORD104838,DHL,UP3494695988,2025-08-29,2025-09-07,In Transit,"Columbus, OH"
ORD104839,USPS,FE5420974704,2026-04-27,2026-05-04,Returned to Sender,"San Diego, CA"
ORD104840,DHL,DH2499270410,2025-11-26,2025-11-29,Delivered,"San Diego, CA"
ORD104841,FedEx,DH7468664924,2026-05-28,2026-05-30,Out for Delivery,"Seattle, WA"
ORD104842,USPS,US3043151824,2026-06-22,2026-06-27,Delivered,"Raleigh, NC"
ORD104843,UPS,UP9709406854,2026-01-16,2026-01-24,Delivered,"San Diego, CA"
ORD104844,USPS,UP5241399177,2026-03-25,2026-03-28,Returned to Sender,"Seattle, WA"
ORD104846,UPS,DH2821557472,2026-05-31,2026-06-03,Delivered,"San Diego, CA"
ORD104847,FedEx,FE4411836935,2025-11-25,2025-12-03,In Transit,"San Diego, CA"
ORD104848,USPS,UP2159828611,2026-05-25,2026-06-01,Delivered,"San Diego, CA"
ORD104849,USPS,UP9780042745,2026-04-03,2026-04-06,In Transit,"Salt Lake City, UT"
ORD104850,DHL,UP6230838722,2026-02-09,2026-02-15,Delivered,"Minneapolis, MN"
ORD104851,USPS,UP4296586418,2025-10-01,2025-10-07,Returned to Sender,"Chicago, IL"
ORD104852,USPS,UP6029070057,2026-04-13,2026-04-20,In Transit,"Boston, MA"
ORD104853,UPS,UP3264887086,2026-03-03,2026-03-12,Out for Delivery,"Austin, TX"
ORD104854,USPS,UP3310771284,2026-03-24,2026-03-28,Out for Delivery,"Chicago, IL"
ORD104855,UPS,DH8970845755,2025-09-18,2025-09-20,Delivered,"Seattle, WA"
ORD104857,FedEx,FE6885573854,2025-11-15,2025-11-24,Delivered,"Raleigh, NC"
ORD104858,DHL,FE1505236130,2026-06-10,2026-06-13,Delivered,"Boston, MA"
ORD104859,USPS,FE1866791759,2026-04-04,2026-04-07,Out for Delivery,"Phoenix, AZ"
ORD104860,UPS,DH9945408416,2026-05-25,2026-06-02,Delivered,"Salt Lake City, UT"
ORD104861,FedEx,US6614928685,2026-02-27,2026-03-03,Delivered,"Boston, MA"
ORD104862,UPS,FE2318152434,2026-02-06,2026-02-14,Delivered,"Columbus, OH"
ORD104863,DHL,FE1145016784,2026-02-07,2026-02-16,Delivered,"Boston, MA"
ORD104864,DHL,UP4339319641,2026-01-14,2026-01-22,Out for Delivery,"Miami, FL"
ORD104865,FedEx,US9269306748,2026-03-10,2026-03-13,Out for Delivery,"San Diego, CA"
ORD104866,FedEx,FE2613589656,2026-03-25,2026-04-03,Delivered,"Chicago, IL"
ORD104867,DHL,DH6035668958,2025-09-27,2025-10-04,Delivered,"Raleigh, NC"
ORD104869,USPS,DH5023566735,2025-11-05,2025-11-07,Delivered,"Nashville, TN"
ORD104870,FedEx,UP4246471461,2026-02-13,2026-02-20,Delivered,"Minneapolis, MN"
ORD104872,UPS,FE6054466040,2026-06-03,2026-06-07,Delivered,"Miami, FL"
ORD104873,DHL,US3940007671,2025-12-25,2025-12-27,Delivered,"Austin, TX"
ORD104874,DHL,US9108425541,2025-08-18,2025-08-22,Delivered,"Chicago, IL"
ORD104875,USPS,DH1392546301,2026-07-23,2026-07-26,Delivered,"Chicago, IL"
ORD104876,USPS,DH4430006625,2025-10-31,2025-11-03,In Transit,"Austin, TX"
ORD104877,DHL,FE8644772854,2026-06-01,2026-06-10,Out for Delivery,"San Diego, CA"
ORD104878,USPS,DH8747070476,2026-01-26,2026-02-01,Returned to Sender,"Nashville, TN"
ORD104879,FedEx,US8815260652,2025-10-27,2025-11-03,In Transit,"Phoenix, AZ"
ORD104880,UPS,UP6133074059,2025-09-05,2025-09-11,In Transit,"Austin, TX"
ORD104881,USPS,DH6097859756,2026-06-02,2026-06-09,In Transit,"San Diego, CA"
ORD104882,DHL,DH4764678321,2026-02-08,2026-02-12,In Transit,"Columbus, OH"
ORD104883,USPS,UP8723612029,2025-09-10,2025-09-14,Delivered,"Austin, TX"
ORD104884,DHL,US7837591118,2025-10-16,2025-10-21,Delivered,"Columbus, OH"
ORD104885,FedEx,UP4949368981,2026-02-25,2026-03-02,Delivered,"Salt Lake City, UT"
ORD104886,USPS,US7942760070,2025-11-06,2025-11-14,In Transit,"Minneapolis, MN"
ORD104887,FedEx,UP6029750379,2025-09-02,2025-09-09,In Transit,"Chicago, IL"
ORD104888,DHL,US8745615759,2026-01-20,2026-01-26,Delivered,"Atlanta, GA"
ORD104889,DHL,FE3757510851,2026-05-15,2026-05-21,Returned to Sender,"San Diego, CA"
ORD104891,FedEx,US4948574735,2025-08-02,2025-08-04,Delivered,"Raleigh, NC"
ORD104892,UPS,FE4776117468,2026-08-02,2026-08-04,In Transit,"Chicago, IL"
ORD104894,DHL,FE3315249749,2025-10-09,2025-10-16,In Transit,"Salt Lake City, UT"
ORD104895,USPS,UP1329346274,2025-09-02,2025-09-05,Delivered,"Nashville, TN"
ORD104896,UPS,UP8105100406,2026-03-27,2026-04-05,Delayed - carrier exception,"Portland, OR"
ORD104897,DHL,UP9521606724,2026-04-30,2026-05-08,In Transit,"Nashville, TN"
ORD104898,USPS,FE4910097945,2026-01-11,2026-01-13,In Transit,"Phoenix, AZ"
ORD104899,USPS,UP7967080783,2026-02-11,2026-02-15,Delivered,"Minneapolis, MN"
ORD104900,UPS,FE5177273628,2026-03-08,2026-03-10,In Transit,"Portland, OR"
ORD104901,UPS,UP2309876362,2025-12-04,2025-12-13,Out for Delivery,"Austin, TX"
ORD104903,USPS,US2619280047,2025-11-23,2025-11-27,Delivered,"Minneapolis, MN"
ORD104904,UPS,UP3744435931,2026-06-13,2026-06-17,Delivered,"Minneapolis, MN"
ORD104905,USPS,DH1315480049,2025-08-28,2025-09-03,Delivered,"Salt Lake City, UT"
ORD104907,DHL,FE5926424537,2026-05-18,2026-05-26,Delivered,"Atlanta, GA"
ORD104908,USPS,DH4591319205,2026-02-24,2026-03-03,Delivered,"Denver, CO"
ORD104909,UPS,FE5597481450,2026-04-18,2026-04-20,Delivered,"Boston, MA"
ORD104910,UPS,UP3408732062,2026-06-19,2026-06-28,In Transit,"Miami, FL"
ORD104911,FedEx,UP3212715020,2025-09-29,2025-10-02,Returned to Sender,"Phoenix, AZ"
ORD104913,USPS,UP8206080258,2025-12-19,2025-12-23,Returned to Sender,"Salt Lake City, UT"
ORD104914,DHL,FE4435661827,2025-11-08,2025-11-14,In Transit,"Nashville, TN"
ORD104916,DHL,FE6217827213,2025-12-09,2025-12-12,Returned to Sender,"Salt Lake City, UT"
ORD104917,DHL,US8067650721,2025-11-04,2025-11-07,Delivered,"Chicago, IL"
ORD104918,USPS,UP8585069069,2026-01-18,2026-01-22,Delivered,"Seattle, WA"
ORD104919,UPS,UP5753170231,2025-12-12,2025-12-17,Delivered,"Boston, MA"
ORD104920,FedEx,FE6027995626,2026-07-30,2026-08-04,In Transit,"Denver, CO"
ORD104921,USPS,FE5738090865,2026-03-17,2026-03-22,In Transit,"Phoenix, AZ"
ORD104922,UPS,UP2004625264,2026-03-30,2026-04-08,Delivered,"Miami, FL"
ORD104923,DHL,FE8124384090,2026-01-23,2026-02-01,Delivered,"Columbus, OH"
ORD104924,FedEx,DH7831981485,2025-08-16,2025-08-23,Delivered,"San Diego, CA"
ORD104925,USPS,FE2582016962,2026-06-03,2026-06-08,In Transit,"Phoenix, AZ"
ORD104926,USPS,FE5591902246,2026-02-19,2026-02-21,Delivered,"Austin, TX"
ORD104928,USPS,UP5256168947,2025-12-04,2025-12-10,Delivered,"Miami, FL"
ORD104930,UPS,FE3189065201,2025-12-15,2025-12-20,Delivered,"Salt Lake City, UT"
ORD104931,DHL,UP3611847699,2026-06-27,2026-07-04,Delivered,"Minneapolis, MN"
ORD104932,DHL,FE5503189847,2025-09-12,2025-09-17,Delivered,"Portland, OR"
ORD104933,UPS,US2802388710,2026-03-29,2026-04-07,Returned to Sender,"Chicago, IL"
ORD104934,USPS,UP6019287823,2025-08-19,2025-08-21,Delivered,"San Diego, CA"
ORD104935,UPS,US9555544551,2025-08-25,2025-09-02,Delivered,"Columbus, OH"
ORD104936,FedEx,US2239352105,2025-10-06,2025-10-10,Out for Delivery,"Minneapolis, MN"
ORD104937,UPS,FE3119584954,2025-12-17,2025-12-26,Delivered,"San Diego, CA"
ORD104938,UPS,DH9567365166,2025-12-03,2025-12-09,Delivered,"Atlanta, GA"
ORD104939,DHL,US7774698513,2026-06-23,2026-06-27,In Transit,"San Diego, CA"
ORD104940,DHL,FE5522984215,2026-05-09,2026-05-11,Returned to Sender,"Miami, FL"
ORD104941,DHL,US7788533781,2026-06-08,2026-06-14,In Transit,"Nashville, TN"
ORD104942,DHL,UP8445897660,2026-07-24,2026-07-26,Out for Delivery,"Portland, OR"
ORD104943,DHL,US2281893050,2025-11-30,2025-12-07,Delivered,"Nashville, TN"
ORD104944,DHL,FE6876152986,2026-07-20,2026-07-27,Out for Delivery,"Chicago, IL"
ORD104945,FedEx,UP1603987848,2025-12-17,2025-12-24,Delivered,"Raleigh, NC"
ORD104946,USPS,US5780191584,2025-09-03,2025-09-06,Returned to Sender,"Boston, MA"
ORD104948,UPS,DH8812495393,2025-08-15,2025-08-17,Returned to Sender,"Nashville, TN"
ORD104950,FedEx,US2449510419,2026-04-12,2026-04-16,Delivered,"Miami, FL"
ORD104951,USPS,UP1146609178,2026-06-23,2026-06-27,Delivered,"Austin, TX"
ORD104952,USPS,US7259646302,2025-10-12,2025-10-18,Out for Delivery,"Boston, MA"
ORD104954,USPS,FE6772410462,2025-11-10,2025-11-13,In Transit,"Columbus, OH"
ORD104955,FedEx,US1847327397,2025-12-08,2025-12-13,In Transit,"Phoenix, AZ"
ORD104956,USPS,US1518124324,2026-05-06,2026-05-08,Delivered,"Seattle, WA"
ORD104958,USPS,UP4427216902,2026-07-19,2026-07-22,Delivered,"Chicago, IL"
ORD104959,DHL,UP9728577585,2026-01-09,2026-01-11,Delivered,"Nashville, TN"
ORD104960,FedEx,US2686201831,2025-10-18,2025-10-26,Delivered,"San Diego, CA"
ORD104961,UPS,DH5660226982,2026-01-09,2026-01-16,Delivered,"Phoenix, AZ"
ORD104963,UPS,FE4404354900,2025-10-05,2025-10-08,Delivered,"Miami, FL"
ORD104964,USPS,DH8881929499,2026-07-10,2026-07-15,Delivered,"Atlanta, GA"
ORD104965,USPS,DH6935479010,2026-04-16,2026-04-19,In Transit,"Boston, MA"
ORD104966,DHL,DH4548833727,2025-11-04,2025-11-13,In Transit,"Miami, FL"
ORD104967,DHL,US6554640912,2026-06-23,2026-06-28,Delivered,"Phoenix, AZ"
ORD104968,UPS,FE4718403322,2026-01-25,2026-02-03,Delivered,"Seattle, WA"
ORD104969,UPS,UP5269133543,2026-01-13,2026-01-17,Delivered,"Atlanta, GA"
ORD104970,DHL,FE6345852933,2026-04-28,2026-05-02,Delayed - carrier exception,"Boston, MA"
ORD104971,USPS,FE3940803174,2025-11-08,2025-11-12,Delivered,"Columbus, OH"
ORD104974,UPS,FE6917297508,2025-10-26,2025-10-28,Returned to Sender,"Minneapolis, MN"
ORD104976,UPS,US3905636603,2026-06-16,2026-06-25,Delivered,"Portland, OR"
ORD104977,UPS,FE6341773484,2025-08-23,2025-08-29,In Transit,"Chicago, IL"
ORD104978,FedEx,DH6773756545,2025-09-17,2025-09-22,Delivered,"Chicago, IL"
ORD104980,DHL,UP2602227799,2026-03-23,2026-03-26,Delivered,"San Diego, CA"
ORD104981,USPS,US8272457642,2025-12-14,2025-12-16,Delivered,"San Diego, CA"
ORD104982,UPS,US4361704456,2025-09-18,2025-09-25,Delivered,"Atlanta, GA"
ORD104983,DHL,DH4119014338,2026-06-21,2026-06-24,Delivered,"Nashville, TN"
ORD104984,DHL,UP2367571632,2026-04-19,2026-04-24,Delivered,"Boston, MA"
ORD104986,USPS,FE5131180585,2025-10-14,2025-10-19,Delivered,"Denver, CO"
ORD104987,FedEx,DH7694156430,2026-05-05,2026-05-08,Delivered,"Austin, TX"
ORD104988,FedEx,UP2714988009,2025-08-25,2025-08-29,Delivered,"Salt Lake City, UT"
ORD104989,FedEx,DH8793571863,2025-11-05,2025-11-13,Returned to Sender,"Columbus, OH"
ORD104990,USPS,DH1008939749,2025-08-02,2025-08-04,Delivered,"Atlanta, GA"
ORD104991,USPS,DH5441153959,2025-09-10,2025-09-12,Delivered,"Minneapolis, MN"
ORD104992,FedEx,US4799692495,2025-09-23,2025-10-01,Delivered,"Portland, OR"
ORD104993,UPS,DH8590317885,2025-08-30,2025-09-03,Delivered,"San Diego, CA"
ORD104995,DHL,US7584088943,2025-09-10,2025-09-16,Delayed - carrier exception,"Nashville, TN"
ORD104996,UPS,DH1341824689,2025-11-23,2025-11-27,Delivered,"Atlanta, GA"
ORD104997,DHL,FE5657501142,2026-03-17,2026-03-20,Delayed - carrier exception,"Salt Lake City, UT"
ORD104998,DHL,FE4621038626,2026-01-09,2026-01-16,Returned to Sender,"Phoenix, AZ"
ORD104999,USPS,FE4928946913,2026-07-03,2026-07-09,Delivered,"Minneapolis, MN"
ORD105000,USPS,UP7866051194,2025-10-04,2025-10-06,In Transit,"Salt Lake City, UT"
